Question,Answer
"In 1966, Africa consumed how much of coal in terms of TWh?",323.12 TWh
"In 1967, Africa consumed how much of coal in terms of TWh?",330.29 TWh
"In 1968, Africa consumed how much of coal in terms of TWh?",343.51 TWh
"In 1969, Africa consumed how much of coal in terms of TWh?",346.64 TWh
"In 1970, Africa consumed how much of coal in terms of TWh?",360.76 TWh
"In 1971, Africa consumed how much of coal in terms of TWh?",383.01 TWh
"In 1972, Africa consumed how much of coal in terms of TWh?",384.21 TWh
"In 1973, Africa consumed how much of coal in terms of TWh?",408.91 TWh
"In 1974, Africa consumed how much of coal in terms of TWh?",425.65 TWh
"In 1975, Africa consumed how much of coal in terms of TWh?",451.08 TWh
"In 1976, Africa consumed how much of coal in terms of TWh?",481.07 TWh
"In 1977, Africa consumed how much of coal in terms of TWh?",491.70 TWh
"In 1978, Africa consumed how much of coal in terms of TWh?",477.82 TWh
"In 1979, Africa consumed how much of coal in terms of TWh?",507.25 TWh
"In 1980, Africa consumed how much of coal in terms of TWh?",543.56 TWh
"In 1981, Africa consumed how much of coal in terms of TWh?",635.80 TWh
"In 1982, Africa consumed how much of coal in terms of TWh?",701.18 TWh
"In 1983, Africa consumed how much of coal in terms of TWh?",713.25 TWh
"In 1984, Africa consumed how much of coal in terms of TWh?",762.90 TWh
"In 1985, Africa consumed how much of coal in terms of TWh?",787.17 TWh
"In 1986, Africa consumed how much of coal in terms of TWh?",805.36 TWh
"In 1987, Africa consumed how much of coal in terms of TWh?",828.32 TWh
"In 1988, Africa consumed how much of coal in terms of TWh?",890.16 TWh
"In 1989, Africa consumed how much of coal in terms of TWh?",835.62 TWh
"In 1990, Africa consumed how much of coal in terms of TWh?",877.68 TWh
"In 1991, Africa consumed how much of coal in terms of TWh?",853.76 TWh
"In 1992, Africa consumed how much of coal in terms of TWh?",858.83 TWh
"In 1993, Africa consumed how much of coal in terms of TWh?",871.71 TWh
"In 1994, Africa consumed how much of coal in terms of TWh?",894.45 TWh
"In 1995, Africa consumed how much of coal in terms of TWh?",922.47 TWh
"In 1996, Africa consumed how much of coal in terms of TWh?",935.23 TWh
"In 1997, Africa consumed how much of coal in terms of TWh?",959.02 TWh
"In 1998, Africa consumed how much of coal in terms of TWh?",937.04 TWh
"In 1999, Africa consumed how much of coal in terms of TWh?",966.01 TWh
"In 2000, Africa consumed how much of coal in terms of TWh?",963.73 TWh
"In 2001, Africa consumed how much of coal in terms of TWh?",975.93 TWh
"In 2002, Africa consumed how much of coal in terms of TWh?",934.42 TWh
"In 2003, Africa consumed how much of coal in terms of TWh?",1017.05 TWh
"In 2004, Africa consumed how much of coal in terms of TWh?",1119.16 TWh
"In 2005, Africa consumed how much of coal in terms of TWh?",1039.07 TWh
"In 2006, Africa consumed how much of coal in terms of TWh?",1054.10 TWh
"In 2007, Africa consumed how much of coal in terms of TWh?",1071.63 TWh
"In 2008, Africa consumed how much of coal in terms of TWh?",1180.73 TWh
"In 2009, Africa consumed how much of coal in terms of TWh?",1176.00 TWh
"In 2010, Africa consumed how much of coal in terms of TWh?",1167.17 TWh
"In 2011, Africa consumed how much of coal in terms of TWh?",1149.03 TWh
"In 2012, Africa consumed how much of coal in terms of TWh?",1120.19 TWh
"In 2013, Africa consumed how much of coal in terms of TWh?",1132.15 TWh
"In 2014, Africa consumed how much of coal in terms of TWh?",1185.71 TWh
"In 2015, Africa consumed how much of coal in terms of TWh?",1123.27 TWh
"In 2016, Africa consumed how much of coal in terms of TWh?",1191.60 TWh
"In 2017, Africa consumed how much of coal in terms of TWh?",1192.76 TWh
"In 2018, Africa consumed how much of coal in terms of TWh?",1170.13 TWh
"In 2019, Africa consumed how much of coal in terms of TWh?",1236.28 TWh
"In 2020, Africa consumed how much of coal in terms of TWh?",1195.17 TWh
"In 2021, Africa consumed how much of coal in terms of TWh?",1197.93 TWh
"In 2022, Africa consumed how much of coal in terms of TWh?",1144.87 TWh
"In 2023, Africa consumed how much of coal in terms of TWh?",1133.99 TWh
"In 1965, Africa (EI) consumed how much of coal in terms of TWh?",323.50 TWh
"In 1966, Africa (EI) consumed how much of coal in terms of TWh?",323.12 TWh
"In 1967, Africa (EI) consumed how much of coal in terms of TWh?",330.29 TWh
"In 1968, Africa (EI) consumed how much of coal in terms of TWh?",343.51 TWh
"In 1969, Africa (EI) consumed how much of coal in terms of TWh?",346.64 TWh
"In 1970, Africa (EI) consumed how much of coal in terms of TWh?",360.76 TWh
"In 1971, Africa (EI) consumed how much of coal in terms of TWh?",383.01 TWh
"In 1972, Africa (EI) consumed how much of coal in terms of TWh?",384.21 TWh
"In 1973, Africa (EI) consumed how much of coal in terms of TWh?",408.91 TWh
"In 1974, Africa (EI) consumed how much of coal in terms of TWh?",425.65 TWh
"In 1975, Africa (EI) consumed how much of coal in terms of TWh?",451.08 TWh
"In 1976, Africa (EI) consumed how much of coal in terms of TWh?",481.07 TWh
"In 1977, Africa (EI) consumed how much of coal in terms of TWh?",491.70 TWh
"In 1978, Africa (EI) consumed how much of coal in terms of TWh?",477.82 TWh
"In 1979, Africa (EI) consumed how much of coal in terms of TWh?",507.25 TWh
"In 1980, Africa (EI) consumed how much of coal in terms of TWh?",543.56 TWh
"In 1981, Africa (EI) consumed how much of coal in terms of TWh?",635.80 TWh
"In 1982, Africa (EI) consumed how much of coal in terms of TWh?",701.18 TWh
"In 1983, Africa (EI) consumed how much of coal in terms of TWh?",713.25 TWh
"In 1984, Africa (EI) consumed how much of coal in terms of TWh?",762.90 TWh
"In 1985, Africa (EI) consumed how much of coal in terms of TWh?",787.17 TWh
"In 1986, Africa (EI) consumed how much of coal in terms of TWh?",805.36 TWh
"In 1987, Africa (EI) consumed how much of coal in terms of TWh?",828.32 TWh
"In 1988, Africa (EI) consumed how much of coal in terms of TWh?",890.16 TWh
"In 1989, Africa (EI) consumed how much of coal in terms of TWh?",835.62 TWh
"In 1990, Africa (EI) consumed how much of coal in terms of TWh?",877.68 TWh
"In 1991, Africa (EI) consumed how much of coal in terms of TWh?",853.76 TWh
"In 1992, Africa (EI) consumed how much of coal in terms of TWh?",858.83 TWh
"In 1993, Africa (EI) consumed how much of coal in terms of TWh?",871.71 TWh
"In 1994, Africa (EI) consumed how much of coal in terms of TWh?",894.45 TWh
"In 1995, Africa (EI) consumed how much of coal in terms of TWh?",922.47 TWh
"In 1996, Africa (EI) consumed how much of coal in terms of TWh?",935.23 TWh
"In 1997, Africa (EI) consumed how much of coal in terms of TWh?",959.02 TWh
"In 1998, Africa (EI) consumed how much of coal in terms of TWh?",937.04 TWh
"In 1999, Africa (EI) consumed how much of coal in terms of TWh?",966.01 TWh
"In 2000, Africa (EI) consumed how much of coal in terms of TWh?",963.73 TWh
"In 2001, Africa (EI) consumed how much of coal in terms of TWh?",975.93 TWh
"In 2002, Africa (EI) consumed how much of coal in terms of TWh?",934.42 TWh
"In 2003, Africa (EI) consumed how much of coal in terms of TWh?",1017.05 TWh
"In 2004, Africa (EI) consumed how much of coal in terms of TWh?",1119.16 TWh
"In 2005, Africa (EI) consumed how much of coal in terms of TWh?",1039.07 TWh
"In 2006, Africa (EI) consumed how much of coal in terms of TWh?",1054.10 TWh
"In 2007, Africa (EI) consumed how much of coal in terms of TWh?",1071.63 TWh
"In 2008, Africa (EI) consumed how much of coal in terms of TWh?",1180.73 TWh
"In 2009, Africa (EI) consumed how much of coal in terms of TWh?",1176.00 TWh
"In 2010, Africa (EI) consumed how much of coal in terms of TWh?",1167.17 TWh
"In 2011, Africa (EI) consumed how much of coal in terms of TWh?",1149.03 TWh
"In 2012, Africa (EI) consumed how much of coal in terms of TWh?",1120.19 TWh
"In 2013, Africa (EI) consumed how much of coal in terms of TWh?",1132.15 TWh
"In 2014, Africa (EI) consumed how much of coal in terms of TWh?",1185.71 TWh
"In 2015, Africa (EI) consumed how much of coal in terms of TWh?",1123.27 TWh
"In 2016, Africa (EI) consumed how much of coal in terms of TWh?",1191.60 TWh
"In 2017, Africa (EI) consumed how much of coal in terms of TWh?",1192.76 TWh
"In 2018, Africa (EI) consumed how much of coal in terms of TWh?",1170.13 TWh
"In 2019, Africa (EI) consumed how much of coal in terms of TWh?",1236.28 TWh
"In 2020, Africa (EI) consumed how much of coal in terms of TWh?",1195.17 TWh
"In 2021, Africa (EI) consumed how much of coal in terms of TWh?",1197.93 TWh
"In 2022, Africa (EI) consumed how much of coal in terms of TWh?",1144.87 TWh
"In 2023, Africa (EI) consumed how much of coal in terms of TWh?",1133.99 TWh
"In 1965, Algeria consumed how much of coal in terms of TWh?",0.81 TWh
"In 1966, Algeria consumed how much of coal in terms of TWh?",0.79 TWh
"In 1967, Algeria consumed how much of coal in terms of TWh?",0.60 TWh
"In 1968, Algeria consumed how much of coal in terms of TWh?",0.64 TWh
"In 1969, Algeria consumed how much of coal in terms of TWh?",0.81 TWh
"In 1970, Algeria consumed how much of coal in terms of TWh?",0.97 TWh
"In 1971, Algeria consumed how much of coal in terms of TWh?",0.27 TWh
"In 1972, Algeria consumed how much of coal in terms of TWh?",0.23 TWh
"In 1973, Algeria consumed how much of coal in terms of TWh?",0.27 TWh
"In 1974, Algeria consumed how much of coal in terms of TWh?",0.22 TWh
"In 1975, Algeria consumed how much of coal in terms of TWh?",0.28 TWh
"In 1976, Algeria consumed how much of coal in terms of TWh?",0.55 TWh
"In 1977, Algeria consumed how much of coal in terms of TWh?",0.71 TWh
"In 1978, Algeria consumed how much of coal in terms of TWh?",0.36 TWh
"In 1979, Algeria consumed how much of coal in terms of TWh?",0.84 TWh
"In 1980, Algeria consumed how much of coal in terms of TWh?",0.74 TWh
"In 1981, Algeria consumed how much of coal in terms of TWh?",0.52 TWh
"In 1982, Algeria consumed how much of coal in terms of TWh?",9.71 TWh
"In 1983, Algeria consumed how much of coal in terms of TWh?",8.66 TWh
"In 1984, Algeria consumed how much of coal in terms of TWh?",9.61 TWh
"In 1985, Algeria consumed how much of coal in terms of TWh?",10.03 TWh
"In 1986, Algeria consumed how much of coal in terms of TWh?",10.29 TWh
"In 1987, Algeria consumed how much of coal in terms of TWh?",12.30 TWh
"In 1988, Algeria consumed how much of coal in terms of TWh?",11.57 TWh
"In 1989, Algeria consumed how much of coal in terms of TWh?",9.78 TWh
"In 1990, Algeria consumed how much of coal in terms of TWh?",7.66 TWh
"In 1991, Algeria consumed how much of coal in terms of TWh?",7.91 TWh
"In 1992, Algeria consumed how much of coal in terms of TWh?",9.40 TWh
"In 1993, Algeria consumed how much of coal in terms of TWh?",7.65 TWh
"In 1994, Algeria consumed how much of coal in terms of TWh?",7.21 TWh
"In 1995, Algeria consumed how much of coal in terms of TWh?",7.21 TWh
"In 1996, Algeria consumed how much of coal in terms of TWh?",3.40 TWh
"In 1997, Algeria consumed how much of coal in terms of TWh?",5.95 TWh
"In 1998, Algeria consumed how much of coal in terms of TWh?",6.37 TWh
"In 1999, Algeria consumed how much of coal in terms of TWh?",6.83 TWh
"In 2000, Algeria consumed how much of coal in terms of TWh?",5.64 TWh
"In 2001, Algeria consumed how much of coal in terms of TWh?",6.51 TWh
"In 2002, Algeria consumed how much of coal in terms of TWh?",8.55 TWh
"In 2003, Algeria consumed how much of coal in terms of TWh?",7.05 TWh
"In 2004, Algeria consumed how much of coal in terms of TWh?",8.41 TWh
"In 2005, Algeria consumed how much of coal in terms of TWh?",6.91 TWh
"In 2006, Algeria consumed how much of coal in terms of TWh?",10.26 TWh
"In 2007, Algeria consumed how much of coal in terms of TWh?",8.80 TWh
"In 2008, Algeria consumed how much of coal in terms of TWh?",8.80 TWh
"In 2009, Algeria consumed how much of coal in terms of TWh?",5.65 TWh
"In 2010, Algeria consumed how much of coal in terms of TWh?",3.61 TWh
"In 2011, Algeria consumed how much of coal in terms of TWh?",3.20 TWh
"In 2012, Algeria consumed how much of coal in terms of TWh?",3.40 TWh
"In 2013, Algeria consumed how much of coal in terms of TWh?",1.84 TWh
"In 2014, Algeria consumed how much of coal in terms of TWh?",2.08 TWh
"In 2015, Algeria consumed how much of coal in terms of TWh?",1.55 TWh
"In 2016, Algeria consumed how much of coal in terms of TWh?",0.57 TWh
"In 2017, Algeria consumed how much of coal in terms of TWh?",2.12 TWh
"In 2018, Algeria consumed how much of coal in terms of TWh?",5.82 TWh
"In 2019, Algeria consumed how much of coal in terms of TWh?",4.80 TWh
"In 2020, Algeria consumed how much of coal in terms of TWh?",1.52 TWh
"In 2021, Algeria consumed how much of coal in terms of TWh?",3.11 TWh
"In 2022, Algeria consumed how much of coal in terms of TWh?",2.17 TWh
"In 2023, Algeria consumed how much of coal in terms of TWh?",1.93 TWh
"In 1965, Argentina consumed how much of coal in terms of TWh?",8.46 TWh
"In 1966, Argentina consumed how much of coal in terms of TWh?",6.97 TWh
"In 1967, Argentina consumed how much of coal in terms of TWh?",7.84 TWh
"In 1968, Argentina consumed how much of coal in terms of TWh?",7.62 TWh
"In 1969, Argentina consumed how much of coal in terms of TWh?",9.12 TWh
"In 1970, Argentina consumed how much of coal in terms of TWh?",11.72 TWh
"In 1971, Argentina consumed how much of coal in terms of TWh?",10.28 TWh
"In 1972, Argentina consumed how much of coal in terms of TWh?",8.65 TWh
"In 1973, Argentina consumed how much of coal in terms of TWh?",9.50 TWh
"In 1974, Argentina consumed how much of coal in terms of TWh?",11.83 TWh
"In 1975, Argentina consumed how much of coal in terms of TWh?",11.51 TWh
"In 1976, Argentina consumed how much of coal in terms of TWh?",11.64 TWh
"In 1977, Argentina consumed how much of coal in terms of TWh?",11.01 TWh
"In 1978, Argentina consumed how much of coal in terms of TWh?",13.42 TWh
"In 1979, Argentina consumed how much of coal in terms of TWh?",12.50 TWh
"In 1980, Argentina consumed how much of coal in terms of TWh?",11.14 TWh
"In 1981, Argentina consumed how much of coal in terms of TWh?",10.56 TWh
"In 1982, Argentina consumed how much of coal in terms of TWh?",10.67 TWh
"In 1983, Argentina consumed how much of coal in terms of TWh?",9.68 TWh
"In 1984, Argentina consumed how much of coal in terms of TWh?",7.19 TWh
"In 1985, Argentina consumed how much of coal in terms of TWh?",10.60 TWh
"In 1986, Argentina consumed how much of coal in terms of TWh?",12.11 TWh
"In 1987, Argentina consumed how much of coal in terms of TWh?",13.44 TWh
"In 1988, Argentina consumed how much of coal in terms of TWh?",13.77 TWh
"In 1989, Argentina consumed how much of coal in terms of TWh?",14.90 TWh
"In 1990, Argentina consumed how much of coal in terms of TWh?",12.27 TWh
"In 1991, Argentina consumed how much of coal in terms of TWh?",10.79 TWh
"In 1992, Argentina consumed how much of coal in terms of TWh?",12.17 TWh
"In 1993, Argentina consumed how much of coal in terms of TWh?",8.07 TWh
"In 1994, Argentina consumed how much of coal in terms of TWh?",7.07 TWh
"In 1995, Argentina consumed how much of coal in terms of TWh?",7.41 TWh
"In 1996, Argentina consumed how much of coal in terms of TWh?",7.77 TWh
"In 1997, Argentina consumed how much of coal in terms of TWh?",6.13 TWh
"In 1998, Argentina consumed how much of coal in terms of TWh?",8.24 TWh
"In 1999, Argentina consumed how much of coal in terms of TWh?",9.89 TWh
"In 2000, Argentina consumed how much of coal in terms of TWh?",7.51 TWh
"In 2001, Argentina consumed how much of coal in terms of TWh?",6.16 TWh
"In 2002, Argentina consumed how much of coal in terms of TWh?",4.59 TWh
"In 2003, Argentina consumed how much of coal in terms of TWh?",5.59 TWh
"In 2004, Argentina consumed how much of coal in terms of TWh?",9.52 TWh
"In 2005, Argentina consumed how much of coal in terms of TWh?",10.96 TWh
"In 2006, Argentina consumed how much of coal in terms of TWh?",9.92 TWh
"In 2007, Argentina consumed how much of coal in terms of TWh?",14.36 TWh
"In 2008, Argentina consumed how much of coal in terms of TWh?",17.52 TWh
"In 2009, Argentina consumed how much of coal in terms of TWh?",9.62 TWh
"In 2010, Argentina consumed how much of coal in terms of TWh?",13.47 TWh
"In 2011, Argentina consumed how much of coal in terms of TWh?",14.62 TWh
"In 2012, Argentina consumed how much of coal in terms of TWh?",13.67 TWh
"In 2013, Argentina consumed how much of coal in terms of TWh?",14.94 TWh
"In 2014, Argentina consumed how much of coal in terms of TWh?",15.89 TWh
"In 2015, Argentina consumed how much of coal in terms of TWh?",15.81 TWh
"In 2016, Argentina consumed how much of coal in terms of TWh?",12.19 TWh
"In 2017, Argentina consumed how much of coal in terms of TWh?",12.53 TWh
"In 2018, Argentina consumed how much of coal in terms of TWh?",13.71 TWh
"In 2019, Argentina consumed how much of coal in terms of TWh?",8.12 TWh
"In 2020, Argentina consumed how much of coal in terms of TWh?",10.02 TWh
"In 2021, Argentina consumed how much of coal in terms of TWh?",14.05 TWh
"In 2022, Argentina consumed how much of coal in terms of TWh?",14.89 TWh
"In 2023, Argentina consumed how much of coal in terms of TWh?",12.79 TWh
"In 1965, Asia consumed how much of coal in terms of TWh?",2604.78 TWh
"In 1966, Asia consumed how much of coal in terms of TWh?",2753.78 TWh
"In 1967, Asia consumed how much of coal in terms of TWh?",2667.21 TWh
"In 1968, Asia consumed how much of coal in terms of TWh?",2708.17 TWh
"In 1969, Asia consumed how much of coal in terms of TWh?",3056.83 TWh
"In 1970, Asia consumed how much of coal in terms of TWh?",3440.95 TWh
"In 1971, Asia consumed how much of coal in terms of TWh?",3697.76 TWh
"In 1972, Asia consumed how much of coal in terms of TWh?",3842.57 TWh
"In 1973, Asia consumed how much of coal in terms of TWh?",3932.51 TWh
"In 1974, Asia consumed how much of coal in terms of TWh?",4027.64 TWh
"In 1975, Asia consumed how much of coal in terms of TWh?",4352.36 TWh
"In 1976, Asia consumed how much of coal in terms of TWh?",4454.00 TWh
"In 1977, Asia consumed how much of coal in terms of TWh?",4754.67 TWh
"In 1978, Asia consumed how much of coal in terms of TWh?",4987.23 TWh
"In 1979, Asia consumed how much of coal in terms of TWh?",5233.94 TWh
"In 1980, Asia consumed how much of coal in terms of TWh?",5541.42 TWh
"In 1981, Asia consumed how much of coal in terms of TWh?",5723.56 TWh
"In 1982, Asia consumed how much of coal in terms of TWh?",5951.46 TWh
"In 1983, Asia consumed how much of coal in terms of TWh?",6326.97 TWh
"In 1984, Asia consumed how much of coal in terms of TWh?",6892.81 TWh
"In 1985, Asia consumed how much of coal in terms of TWh?",7993.00 TWh
"In 1986, Asia consumed how much of coal in terms of TWh?",8322.27 TWh
"In 1987, Asia consumed how much of coal in terms of TWh?",8908.04 TWh
"In 1988, Asia consumed how much of coal in terms of TWh?",9504.19 TWh
"In 1989, Asia consumed how much of coal in terms of TWh?",9890.94 TWh
"In 1990, Asia consumed how much of coal in terms of TWh?",10069.82 TWh
"In 1991, Asia consumed how much of coal in terms of TWh?",10463.95 TWh
"In 1992, Asia consumed how much of coal in terms of TWh?",10792.99 TWh
"In 1993, Asia consumed how much of coal in terms of TWh?",11289.66 TWh
"In 1994, Asia consumed how much of coal in terms of TWh?",11828.35 TWh
"In 1995, Asia consumed how much of coal in terms of TWh?",12008.84 TWh
"In 1996, Asia consumed how much of coal in terms of TWh?",12512.81 TWh
"In 1997, Asia consumed how much of coal in terms of TWh?",12531.09 TWh
"In 1998, Asia consumed how much of coal in terms of TWh?",12510.56 TWh
"In 1999, Asia consumed how much of coal in terms of TWh?",12818.99 TWh
"In 2000, Asia consumed how much of coal in terms of TWh?",13324.22 TWh
"In 2001, Asia consumed how much of coal in terms of TWh?",13950.60 TWh
"In 2002, Asia consumed how much of coal in terms of TWh?",15029.38 TWh
"In 2003, Asia consumed how much of coal in terms of TWh?",17203.28 TWh
"In 2004, Asia consumed how much of coal in terms of TWh?",19355.11 TWh
"In 2005, Asia consumed how much of coal in terms of TWh?",22006.00 TWh
"In 2006, Asia consumed how much of coal in terms of TWh?",23724.08 TWh
"In 2007, Asia consumed how much of coal in terms of TWh?",25780.48 TWh
"In 2008, Asia consumed how much of coal in terms of TWh?",26500.35 TWh
"In 2009, Asia consumed how much of coal in terms of TWh?",27391.23 TWh
"In 2010, Asia consumed how much of coal in terms of TWh?",28681.96 TWh
"In 2011, Asia consumed how much of coal in terms of TWh?",30784.86 TWh
"In 2012, Asia consumed how much of coal in terms of TWh?",31491.20 TWh
"In 2013, Asia consumed how much of coal in terms of TWh?",32123.35 TWh
"In 2014, Asia consumed how much of coal in terms of TWh?",32624.03 TWh
"In 2015, Asia consumed how much of coal in terms of TWh?",32263.89 TWh
"In 2016, Asia consumed how much of coal in terms of TWh?",31856.43 TWh
"In 2017, Asia consumed how much of coal in terms of TWh?",32606.37 TWh
"In 2018, Asia consumed how much of coal in terms of TWh?",33595.40 TWh
"In 2019, Asia consumed how much of coal in terms of TWh?",34408.50 TWh
"In 2020, Asia consumed how much of coal in terms of TWh?",34387.05 TWh
"In 2021, Asia consumed how much of coal in terms of TWh?",36045.86 TWh
"In 2022, Asia consumed how much of coal in terms of TWh?",36652.58 TWh
"In 2023, Asia consumed how much of coal in terms of TWh?",38273.82 TWh
"In 1965, Asia Pacific (EI) consumed how much of coal in terms of TWh?",2780.73 TWh
"In 1966, Asia Pacific (EI) consumed how much of coal in terms of TWh?",2931.51 TWh
"In 1967, Asia Pacific (EI) consumed how much of coal in terms of TWh?",2854.30 TWh
"In 1968, Asia Pacific (EI) consumed how much of coal in terms of TWh?",2896.73 TWh
"In 1969, Asia Pacific (EI) consumed how much of coal in terms of TWh?",3250.19 TWh
"In 1970, Asia Pacific (EI) consumed how much of coal in terms of TWh?",3631.14 TWh
"In 1971, Asia Pacific (EI) consumed how much of coal in terms of TWh?",3886.67 TWh
"In 1972, Asia Pacific (EI) consumed how much of coal in terms of TWh?",4036.59 TWh
"In 1973, Asia Pacific (EI) consumed how much of coal in terms of TWh?",4134.18 TWh
"In 1974, Asia Pacific (EI) consumed how much of coal in terms of TWh?",4234.74 TWh
"In 1975, Asia Pacific (EI) consumed how much of coal in terms of TWh?",4557.45 TWh
"In 1976, Asia Pacific (EI) consumed how much of coal in terms of TWh?",4665.68 TWh
"In 1977, Asia Pacific (EI) consumed how much of coal in terms of TWh?",4975.58 TWh
"In 1978, Asia Pacific (EI) consumed how much of coal in terms of TWh?",5219.30 TWh
"In 1979, Asia Pacific (EI) consumed how much of coal in terms of TWh?",5472.16 TWh
"In 1980, Asia Pacific (EI) consumed how much of coal in terms of TWh?",5784.01 TWh
"In 1981, Asia Pacific (EI) consumed how much of coal in terms of TWh?",5975.04 TWh
"In 1982, Asia Pacific (EI) consumed how much of coal in terms of TWh?",6185.46 TWh
"In 1983, Asia Pacific (EI) consumed how much of coal in terms of TWh?",6548.08 TWh
"In 1984, Asia Pacific (EI) consumed how much of coal in terms of TWh?",7115.33 TWh
"In 1985, Asia Pacific (EI) consumed how much of coal in terms of TWh?",7676.93 TWh
"In 1986, Asia Pacific (EI) consumed how much of coal in terms of TWh?",7972.33 TWh
"In 1987, Asia Pacific (EI) consumed how much of coal in terms of TWh?",8546.45 TWh
"In 1988, Asia Pacific (EI) consumed how much of coal in terms of TWh?",9157.78 TWh
"In 1989, Asia Pacific (EI) consumed how much of coal in terms of TWh?",9570.25 TWh
"In 1990, Asia Pacific (EI) consumed how much of coal in terms of TWh?",9777.63 TWh
"In 1991, Asia Pacific (EI) consumed how much of coal in terms of TWh?",10180.25 TWh
"In 1992, Asia Pacific (EI) consumed how much of coal in terms of TWh?",10531.39 TWh
"In 1993, Asia Pacific (EI) consumed how much of coal in terms of TWh?",11087.26 TWh
"In 1994, Asia Pacific (EI) consumed how much of coal in terms of TWh?",11640.72 TWh
"In 1995, Asia Pacific (EI) consumed how much of coal in terms of TWh?",11914.05 TWh
"In 1996, Asia Pacific (EI) consumed how much of coal in terms of TWh?",12435.80 TWh
"In 1997, Asia Pacific (EI) consumed how much of coal in terms of TWh?",12493.18 TWh
"In 1998, Asia Pacific (EI) consumed how much of coal in terms of TWh?",12483.23 TWh
"In 1999, Asia Pacific (EI) consumed how much of coal in terms of TWh?",12863.83 TWh
"In 2000, Asia Pacific (EI) consumed how much of coal in terms of TWh?",13352.60 TWh
"In 2001, Asia Pacific (EI) consumed how much of coal in terms of TWh?",13963.22 TWh
"In 2002, Asia Pacific (EI) consumed how much of coal in terms of TWh?",15034.04 TWh
"In 2003, Asia Pacific (EI) consumed how much of coal in terms of TWh?",17182.91 TWh
"In 2004, Asia Pacific (EI) consumed how much of coal in terms of TWh?",19323.76 TWh
"In 2005, Asia Pacific (EI) consumed how much of coal in terms of TWh?",21965.54 TWh
"In 2006, Asia Pacific (EI) consumed how much of coal in terms of TWh?",23637.75 TWh
"In 2007, Asia Pacific (EI) consumed how much of coal in terms of TWh?",25611.32 TWh
"In 2008, Asia Pacific (EI) consumed how much of coal in terms of TWh?",26328.44 TWh
"In 2009, Asia Pacific (EI) consumed how much of coal in terms of TWh?",27218.47 TWh
"In 2010, Asia Pacific (EI) consumed how much of coal in terms of TWh?",28415.46 TWh
"In 2011, Asia Pacific (EI) consumed how much of coal in terms of TWh?",30437.15 TWh
"In 2012, Asia Pacific (EI) consumed how much of coal in terms of TWh?",31035.36 TWh
"In 2013, Asia Pacific (EI) consumed how much of coal in terms of TWh?",31706.03 TWh
"In 2014, Asia Pacific (EI) consumed how much of coal in terms of TWh?",32150.76 TWh
"In 2015, Asia Pacific (EI) consumed how much of coal in terms of TWh?",31945.38 TWh
"In 2016, Asia Pacific (EI) consumed how much of coal in terms of TWh?",31447.64 TWh
"In 2017, Asia Pacific (EI) consumed how much of coal in terms of TWh?",32131.63 TWh
"In 2018, Asia Pacific (EI) consumed how much of coal in terms of TWh?",33068.71 TWh
"In 2019, Asia Pacific (EI) consumed how much of coal in terms of TWh?",33872.10 TWh
"In 2020, Asia Pacific (EI) consumed how much of coal in terms of TWh?",33862.70 TWh
"In 2021, Asia Pacific (EI) consumed how much of coal in terms of TWh?",35487.16 TWh
"In 2022, Asia Pacific (EI) consumed how much of coal in terms of TWh?",36054.81 TWh
"In 2023, Asia Pacific (EI) consumed how much of coal in terms of TWh?",37693.12 TWh
"In 1965, Australia consumed how much of coal in terms of TWh?",202.03 TWh
"In 1966, Australia consumed how much of coal in terms of TWh?",209.39 TWh
"In 1967, Australia consumed how much of coal in terms of TWh?",215.25 TWh
"In 1968, Australia consumed how much of coal in terms of TWh?",221.69 TWh
"In 1969, Australia consumed how much of coal in terms of TWh?",229.28 TWh
"In 1970, Australia consumed how much of coal in terms of TWh?",231.69 TWh
"In 1971, Australia consumed how much of coal in terms of TWh?",232.57 TWh
"In 1972, Australia consumed how much of coal in terms of TWh?",242.93 TWh
"In 1973, Australia consumed how much of coal in terms of TWh?",252.99 TWh
"In 1974, Australia consumed how much of coal in terms of TWh?",264.07 TWh
"In 1975, Australia consumed how much of coal in terms of TWh?",272.54 TWh
"In 1976, Australia consumed how much of coal in terms of TWh?",281.79 TWh
"In 1977, Australia consumed how much of coal in terms of TWh?",294.18 TWh
"In 1978, Australia consumed how much of coal in terms of TWh?",301.86 TWh
"In 1979, Australia consumed how much of coal in terms of TWh?",315.54 TWh
"In 1980, Australia consumed how much of coal in terms of TWh?",324.76 TWh
"In 1981, Australia consumed how much of coal in terms of TWh?",333.14 TWh
"In 1982, Australia consumed how much of coal in terms of TWh?",336.68 TWh
"In 1983, Australia consumed how much of coal in terms of TWh?",336.56 TWh
"In 1984, Australia consumed how much of coal in terms of TWh?",355.90 TWh
"In 1985, Australia consumed how much of coal in terms of TWh?",368.14 TWh
"In 1986, Australia consumed how much of coal in terms of TWh?",377.49 TWh
"In 1987, Australia consumed how much of coal in terms of TWh?",393.36 TWh
"In 1988, Australia consumed how much of coal in terms of TWh?",413.76 TWh
"In 1989, Australia consumed how much of coal in terms of TWh?",433.96 TWh
"In 1990, Australia consumed how much of coal in terms of TWh?",444.35 TWh
"In 1991, Australia consumed how much of coal in terms of TWh?",453.26 TWh
"In 1992, Australia consumed how much of coal in terms of TWh?",455.96 TWh
"In 1993, Australia consumed how much of coal in terms of TWh?",458.89 TWh
"In 1994, Australia consumed how much of coal in terms of TWh?",468.26 TWh
"In 1995, Australia consumed how much of coal in terms of TWh?",484.17 TWh
"In 1996, Australia consumed how much of coal in terms of TWh?",503.96 TWh
"In 1997, Australia consumed how much of coal in terms of TWh?",529.46 TWh
"In 1998, Australia consumed how much of coal in terms of TWh?",553.08 TWh
"In 1999, Australia consumed how much of coal in terms of TWh?",587.44 TWh
"In 2000, Australia consumed how much of coal in terms of TWh?",591.66 TWh
"In 2001, Australia consumed how much of coal in terms of TWh?",585.69 TWh
"In 2002, Australia consumed how much of coal in terms of TWh?",598.87 TWh
"In 2003, Australia consumed how much of coal in terms of TWh?",616.02 TWh
"In 2004, Australia consumed how much of coal in terms of TWh?",641.92 TWh
"In 2005, Australia consumed how much of coal in terms of TWh?",638.22 TWh
"In 2006, Australia consumed how much of coal in terms of TWh?",655.50 TWh
"In 2007, Australia consumed how much of coal in terms of TWh?",649.80 TWh
"In 2008, Australia consumed how much of coal in terms of TWh?",677.29 TWh
"In 2009, Australia consumed how much of coal in terms of TWh?",654.86 TWh
"In 2010, Australia consumed how much of coal in terms of TWh?",607.39 TWh
"In 2011, Australia consumed how much of coal in terms of TWh?",592.06 TWh
"In 2012, Australia consumed how much of coal in terms of TWh?",554.47 TWh
"In 2013, Australia consumed how much of coal in terms of TWh?",526.24 TWh
"In 2014, Australia consumed how much of coal in terms of TWh?",521.89 TWh
"In 2015, Australia consumed how much of coal in terms of TWh?",540.41 TWh
"In 2016, Australia consumed how much of coal in terms of TWh?",540.06 TWh
"In 2017, Australia consumed how much of coal in terms of TWh?",521.53 TWh
"In 2018, Australia consumed how much of coal in terms of TWh?",508.88 TWh
"In 2019, Australia consumed how much of coal in terms of TWh?",486.39 TWh
"In 2020, Australia consumed how much of coal in terms of TWh?",468.06 TWh
"In 2021, Australia consumed how much of coal in terms of TWh?",452.45 TWh
"In 2022, Australia consumed how much of coal in terms of TWh?",429.01 TWh
"In 2023, Australia consumed how much of coal in terms of TWh?",419.01 TWh
"In 1965, Austria consumed how much of coal in terms of TWh?",59.11 TWh
"In 1966, Austria consumed how much of coal in terms of TWh?",56.47 TWh
"In 1967, Austria consumed how much of coal in terms of TWh?",53.45 TWh
"In 1968, Austria consumed how much of coal in terms of TWh?",52.77 TWh
"In 1969, Austria consumed how much of coal in terms of TWh?",51.94 TWh
"In 1970, Austria consumed how much of coal in terms of TWh?",55.85 TWh
"In 1971, Austria consumed how much of coal in terms of TWh?",51.23 TWh
"In 1972, Austria consumed how much of coal in terms of TWh?",46.45 TWh
"In 1973, Austria consumed how much of coal in terms of TWh?",46.17 TWh
"In 1974, Austria consumed how much of coal in terms of TWh?",48.72 TWh
"In 1975, Austria consumed how much of coal in terms of TWh?",42.34 TWh
"In 1976, Austria consumed how much of coal in terms of TWh?",45.06 TWh
"In 1977, Austria consumed how much of coal in terms of TWh?",37.80 TWh
"In 1978, Austria consumed how much of coal in terms of TWh?",38.40 TWh
"In 1979, Austria consumed how much of coal in terms of TWh?",41.69 TWh
"In 1980, Austria consumed how much of coal in terms of TWh?",42.83 TWh
"In 1981, Austria consumed how much of coal in terms of TWh?",43.85 TWh
"In 1982, Austria consumed how much of coal in terms of TWh?",41.71 TWh
"In 1983, Austria consumed how much of coal in terms of TWh?",44.66 TWh
"In 1984, Austria consumed how much of coal in terms of TWh?",50.89 TWh
"In 1985, Austria consumed how much of coal in terms of TWh?",50.81 TWh
"In 1986, Austria consumed how much of coal in terms of TWh?",45.30 TWh
"In 1987, Austria consumed how much of coal in terms of TWh?",44.94 TWh
"In 1988, Austria consumed how much of coal in terms of TWh?",43.03 TWh
"In 1989, Austria consumed how much of coal in terms of TWh?",43.23 TWh
"In 1990, Austria consumed how much of coal in terms of TWh?",47.64 TWh
"In 1991, Austria consumed how much of coal in terms of TWh?",49.97 TWh
"In 1992, Austria consumed how much of coal in terms of TWh?",38.88 TWh
"In 1993, Austria consumed how much of coal in terms of TWh?",34.96 TWh
"In 1994, Austria consumed how much of coal in terms of TWh?",35.45 TWh
"In 1995, Austria consumed how much of coal in terms of TWh?",40.34 TWh
"In 1996, Austria consumed how much of coal in terms of TWh?",40.51 TWh
"In 1997, Austria consumed how much of coal in terms of TWh?",42.97 TWh
"In 1998, Austria consumed how much of coal in terms of TWh?",37.83 TWh
"In 1999, Austria consumed how much of coal in terms of TWh?",37.68 TWh
"In 2000, Austria consumed how much of coal in terms of TWh?",42.47 TWh
"In 2001, Austria consumed how much of coal in terms of TWh?",43.88 TWh
"In 2002, Austria consumed how much of coal in terms of TWh?",44.58 TWh
"In 2003, Austria consumed how much of coal in terms of TWh?",47.55 TWh
"In 2004, Austria consumed how much of coal in terms of TWh?",46.58 TWh
"In 2005, Austria consumed how much of coal in terms of TWh?",46.73 TWh
"In 2006, Austria consumed how much of coal in terms of TWh?",46.67 TWh
"In 2007, Austria consumed how much of coal in terms of TWh?",45.04 TWh
"In 2008, Austria consumed how much of coal in terms of TWh?",44.52 TWh
"In 2009, Austria consumed how much of coal in terms of TWh?",33.46 TWh
"In 2010, Austria consumed how much of coal in terms of TWh?",39.34 TWh
"In 2011, Austria consumed how much of coal in terms of TWh?",40.41 TWh
"In 2012, Austria consumed how much of coal in terms of TWh?",37.62 TWh
"In 2013, Austria consumed how much of coal in terms of TWh?",38.13 TWh
"In 2014, Austria consumed how much of coal in terms of TWh?",35.02 TWh
"In 2015, Austria consumed how much of coal in terms of TWh?",38.00 TWh
"In 2016, Austria consumed how much of coal in terms of TWh?",35.45 TWh
"In 2017, Austria consumed how much of coal in terms of TWh?",36.56 TWh
"In 2018, Austria consumed how much of coal in terms of TWh?",32.28 TWh
"In 2019, Austria consumed how much of coal in terms of TWh?",33.94 TWh
"In 2020, Austria consumed how much of coal in terms of TWh?",29.03 TWh
"In 2021, Austria consumed how much of coal in terms of TWh?",30.16 TWh
"In 2022, Austria consumed how much of coal in terms of TWh?",28.64 TWh
"In 2023, Austria consumed how much of coal in terms of TWh?",26.74 TWh
"In 1985, Azerbaijan consumed how much of coal in terms of TWh?",1.07 TWh
"In 1986, Azerbaijan consumed how much of coal in terms of TWh?",1.07 TWh
"In 1987, Azerbaijan consumed how much of coal in terms of TWh?",1.07 TWh
"In 1988, Azerbaijan consumed how much of coal in terms of TWh?",1.07 TWh
"In 1989, Azerbaijan consumed how much of coal in terms of TWh?",1.07 TWh
"In 1990, Azerbaijan consumed how much of coal in terms of TWh?",1.04 TWh
"In 1991, Azerbaijan consumed how much of coal in terms of TWh?",0.78 TWh
"In 1992, Azerbaijan consumed how much of coal in terms of TWh?",0.14 TWh
"In 1993, Azerbaijan consumed how much of coal in terms of TWh?",0.03 TWh
"In 1994, Azerbaijan consumed how much of coal in terms of TWh?",0.05 TWh
"In 1995, Azerbaijan consumed how much of coal in terms of TWh?",0.03 TWh
"In 1996, Azerbaijan consumed how much of coal in terms of TWh?",0.03 TWh
"In 1997, Azerbaijan consumed how much of coal in terms of TWh?",0.03 TWh
"In 1998, Azerbaijan consumed how much of coal in terms of TWh?",0.00 TWh
"In 1999, Azerbaijan consumed how much of coal in terms of TWh?",0.00 TWh
"In 2000, Azerbaijan consumed how much of coal in terms of TWh?",0.00 TWh
"In 2001, Azerbaijan consumed how much of coal in terms of TWh?",0.03 TWh
"In 2002, Azerbaijan consumed how much of coal in terms of TWh?",0.02 TWh
"In 2003, Azerbaijan consumed how much of coal in terms of TWh?",0.03 TWh
"In 2004, Azerbaijan consumed how much of coal in terms of TWh?",0.01 TWh
"In 2005, Azerbaijan consumed how much of coal in terms of TWh?",0.04 TWh
"In 2006, Azerbaijan consumed how much of coal in terms of TWh?",0.04 TWh
"In 2007, Azerbaijan consumed how much of coal in terms of TWh?",0.06 TWh
"In 2008, Azerbaijan consumed how much of coal in terms of TWh?",0.05 TWh
"In 2009, Azerbaijan consumed how much of coal in terms of TWh?",0.05 TWh
"In 2010, Azerbaijan consumed how much of coal in terms of TWh?",0.05 TWh
"In 2011, Azerbaijan consumed how much of coal in terms of TWh?",0.04 TWh
"In 2012, Azerbaijan consumed how much of coal in terms of TWh?",0.04 TWh
"In 2013, Azerbaijan consumed how much of coal in terms of TWh?",0.04 TWh
"In 2014, Azerbaijan consumed how much of coal in terms of TWh?",0.02 TWh
"In 2015, Azerbaijan consumed how much of coal in terms of TWh?",0.03 TWh
"In 2016, Azerbaijan consumed how much of coal in terms of TWh?",0.01 TWh
"In 2017, Azerbaijan consumed how much of coal in terms of TWh?",0.01 TWh
"In 2018, Azerbaijan consumed how much of coal in terms of TWh?",0.01 TWh
"In 2019, Azerbaijan consumed how much of coal in terms of TWh?",0.01 TWh
"In 2020, Azerbaijan consumed how much of coal in terms of TWh?",0.00 TWh
"In 2021, Azerbaijan consumed how much of coal in terms of TWh?",0.00 TWh
"In 2022, Azerbaijan consumed how much of coal in terms of TWh?",0.00 TWh
"In 2023, Azerbaijan consumed how much of coal in terms of TWh?",0.00 TWh
"In 1971, Bangladesh consumed how much of coal in terms of TWh?",1.09 TWh
"In 1972, Bangladesh consumed how much of coal in terms of TWh?",1.09 TWh
"In 1973, Bangladesh consumed how much of coal in terms of TWh?",1.41 TWh
"In 1974, Bangladesh consumed how much of coal in terms of TWh?",1.26 TWh
"In 1975, Bangladesh consumed how much of coal in terms of TWh?",1.45 TWh
"In 1976, Bangladesh consumed how much of coal in terms of TWh?",1.44 TWh
"In 1977, Bangladesh consumed how much of coal in terms of TWh?",1.50 TWh
"In 1978, Bangladesh consumed how much of coal in terms of TWh?",1.45 TWh
"In 1979, Bangladesh consumed how much of coal in terms of TWh?",1.08 TWh
"In 1980, Bangladesh consumed how much of coal in terms of TWh?",1.44 TWh
"In 1981, Bangladesh consumed how much of coal in terms of TWh?",1.48 TWh
"In 1982, Bangladesh consumed how much of coal in terms of TWh?",1.80 TWh
"In 1983, Bangladesh consumed how much of coal in terms of TWh?",1.02 TWh
"In 1984, Bangladesh consumed how much of coal in terms of TWh?",0.41 TWh
"In 1985, Bangladesh consumed how much of coal in terms of TWh?",0.57 TWh
"In 1986, Bangladesh consumed how much of coal in terms of TWh?",0.86 TWh
"In 1987, Bangladesh consumed how much of coal in terms of TWh?",1.35 TWh
"In 1988, Bangladesh consumed how much of coal in terms of TWh?",1.40 TWh
"In 1989, Bangladesh consumed how much of coal in terms of TWh?",1.45 TWh
"In 1990, Bangladesh consumed how much of coal in terms of TWh?",3.27 TWh
"In 1991, Bangladesh consumed how much of coal in terms of TWh?",1.05 TWh
"In 1992, Bangladesh consumed how much of coal in terms of TWh?",0.98 TWh
"In 1993, Bangladesh consumed how much of coal in terms of TWh?",0.37 TWh
"In 1994, Bangladesh consumed how much of coal in terms of TWh?",0.34 TWh
"In 1995, Bangladesh consumed how much of coal in terms of TWh?",3.73 TWh
"In 1996, Bangladesh consumed how much of coal in terms of TWh?",2.05 TWh
"In 1997, Bangladesh consumed how much of coal in terms of TWh?",3.76 TWh
"In 1998, Bangladesh consumed how much of coal in terms of TWh?",1.08 TWh
"In 1999, Bangladesh consumed how much of coal in terms of TWh?",0.53 TWh
"In 2000, Bangladesh consumed how much of coal in terms of TWh?",3.84 TWh
"In 2001, Bangladesh consumed how much of coal in terms of TWh?",4.07 TWh
"In 2002, Bangladesh consumed how much of coal in terms of TWh?",4.25 TWh
"In 2003, Bangladesh consumed how much of coal in terms of TWh?",4.06 TWh
"In 2004, Bangladesh consumed how much of coal in terms of TWh?",4.07 TWh
"In 2005, Bangladesh consumed how much of coal in terms of TWh?",8.35 TWh
"In 2006, Bangladesh consumed how much of coal in terms of TWh?",12.68 TWh
"In 2007, Bangladesh consumed how much of coal in terms of TWh?",10.35 TWh
"In 2008, Bangladesh consumed how much of coal in terms of TWh?",10.90 TWh
"In 2009, Bangladesh consumed how much of coal in terms of TWh?",13.61 TWh
"In 2010, Bangladesh consumed how much of coal in terms of TWh?",8.68 TWh
"In 2011, Bangladesh consumed how much of coal in terms of TWh?",12.92 TWh
"In 2012, Bangladesh consumed how much of coal in terms of TWh?",10.66 TWh
"In 2013, Bangladesh consumed how much of coal in terms of TWh?",14.76 TWh
"In 2014, Bangladesh consumed how much of coal in terms of TWh?",9.35 TWh
"In 2015, Bangladesh consumed how much of coal in terms of TWh?",30.63 TWh
"In 2016, Bangladesh consumed how much of coal in terms of TWh?",23.04 TWh
"In 2017, Bangladesh consumed how much of coal in terms of TWh?",25.12 TWh
"In 2018, Bangladesh consumed how much of coal in terms of TWh?",28.57 TWh
"In 2019, Bangladesh consumed how much of coal in terms of TWh?",48.06 TWh
"In 2020, Bangladesh consumed how much of coal in terms of TWh?",52.35 TWh
"In 2021, Bangladesh consumed how much of coal in terms of TWh?",42.31 TWh
"In 2022, Bangladesh consumed how much of coal in terms of TWh?",55.40 TWh
"In 2023, Bangladesh consumed how much of coal in terms of TWh?",78.29 TWh
"In 1985, Belarus consumed how much of coal in terms of TWh?",25.11 TWh
"In 1986, Belarus consumed how much of coal in terms of TWh?",27.47 TWh
"In 1987, Belarus consumed how much of coal in terms of TWh?",26.71 TWh
"In 1988, Belarus consumed how much of coal in terms of TWh?",28.62 TWh
"In 1989, Belarus consumed how much of coal in terms of TWh?",28.09 TWh
"In 1990, Belarus consumed how much of coal in terms of TWh?",24.71 TWh
"In 1991, Belarus consumed how much of coal in terms of TWh?",23.47 TWh
"In 1992, Belarus consumed how much of coal in terms of TWh?",19.55 TWh
"In 1993, Belarus consumed how much of coal in terms of TWh?",16.79 TWh
"In 1994, Belarus consumed how much of coal in terms of TWh?",11.76 TWh
"In 1995, Belarus consumed how much of coal in terms of TWh?",11.07 TWh
"In 1996, Belarus consumed how much of coal in terms of TWh?",13.43 TWh
"In 1997, Belarus consumed how much of coal in terms of TWh?",14.16 TWh
"In 1998, Belarus consumed how much of coal in terms of TWh?",12.56 TWh
"In 1999, Belarus consumed how much of coal in terms of TWh?",11.66 TWh
"In 2000, Belarus consumed how much of coal in terms of TWh?",11.57 TWh
"In 2001, Belarus consumed how much of coal in terms of TWh?",8.31 TWh
"In 2002, Belarus consumed how much of coal in terms of TWh?",7.84 TWh
"In 2003, Belarus consumed how much of coal in terms of TWh?",7.38 TWh
"In 2004, Belarus consumed how much of coal in terms of TWh?",7.23 TWh
"In 2005, Belarus consumed how much of coal in terms of TWh?",7.98 TWh
"In 2006, Belarus consumed how much of coal in terms of TWh?",7.14 TWh
"In 2007, Belarus consumed how much of coal in terms of TWh?",8.08 TWh
"In 2008, Belarus consumed how much of coal in terms of TWh?",7.53 TWh
"In 2009, Belarus consumed how much of coal in terms of TWh?",7.18 TWh
"In 2010, Belarus consumed how much of coal in terms of TWh?",7.51 TWh
"In 2011, Belarus consumed how much of coal in terms of TWh?",9.02 TWh
"In 2012, Belarus consumed how much of coal in terms of TWh?",9.20 TWh
"In 2013, Belarus consumed how much of coal in terms of TWh?",9.76 TWh
"In 2014, Belarus consumed how much of coal in terms of TWh?",9.69 TWh
"In 2015, Belarus consumed how much of coal in terms of TWh?",8.61 TWh
"In 2016, Belarus consumed how much of coal in terms of TWh?",9.47 TWh
"In 2017, Belarus consumed how much of coal in terms of TWh?",9.79 TWh
"In 2018, Belarus consumed how much of coal in terms of TWh?",14.69 TWh
"In 2019, Belarus consumed how much of coal in terms of TWh?",15.47 TWh
"In 2020, Belarus consumed how much of coal in terms of TWh?",9.73 TWh
"In 2021, Belarus consumed how much of coal in terms of TWh?",9.90 TWh
"In 2022, Belarus consumed how much of coal in terms of TWh?",10.88 TWh
"In 2023, Belarus consumed how much of coal in terms of TWh?",11.26 TWh
"In 1965, Belgium consumed how much of coal in terms of TWh?",222.94 TWh
"In 1966, Belgium consumed how much of coal in terms of TWh?",203.37 TWh
"In 1967, Belgium consumed how much of coal in terms of TWh?",199.60 TWh
"In 1968, Belgium consumed how much of coal in terms of TWh?",206.06 TWh
"In 1969, Belgium consumed how much of coal in terms of TWh?",200.69 TWh
"In 1970, Belgium consumed how much of coal in terms of TWh?",189.13 TWh
"In 1971, Belgium consumed how much of coal in terms of TWh?",156.62 TWh
"In 1972, Belgium consumed how much of coal in terms of TWh?",149.58 TWh
"In 1973, Belgium consumed how much of coal in terms of TWh?",125.53 TWh
"In 1974, Belgium consumed how much of coal in terms of TWh?",134.27 TWh
"In 1975, Belgium consumed how much of coal in terms of TWh?",100.28 TWh
"In 1976, Belgium consumed how much of coal in terms of TWh?",104.50 TWh
"In 1977, Belgium consumed how much of coal in terms of TWh?",106.00 TWh
"In 1978, Belgium consumed how much of coal in terms of TWh?",108.54 TWh
"In 1979, Belgium consumed how much of coal in terms of TWh?",120.94 TWh
"In 1980, Belgium consumed how much of coal in terms of TWh?",121.91 TWh
"In 1981, Belgium consumed how much of coal in terms of TWh?",126.29 TWh
"In 1982, Belgium consumed how much of coal in terms of TWh?",126.49 TWh
"In 1983, Belgium consumed how much of coal in terms of TWh?",107.94 TWh
"In 1984, Belgium consumed how much of coal in terms of TWh?",125.18 TWh
"In 1985, Belgium consumed how much of coal in terms of TWh?",124.83 TWh
"In 1986, Belgium consumed how much of coal in terms of TWh?",106.51 TWh
"In 1987, Belgium consumed how much of coal in terms of TWh?",105.99 TWh
"In 1988, Belgium consumed how much of coal in terms of TWh?",107.11 TWh
"In 1989, Belgium consumed how much of coal in terms of TWh?",112.53 TWh
"In 1990, Belgium consumed how much of coal in terms of TWh?",123.63 TWh
"In 1991, Belgium consumed how much of coal in terms of TWh?",118.26 TWh
"In 1992, Belgium consumed how much of coal in terms of TWh?",105.84 TWh
"In 1993, Belgium consumed how much of coal in terms of TWh?",100.26 TWh
"In 1994, Belgium consumed how much of coal in terms of TWh?",107.77 TWh
"In 1995, Belgium consumed how much of coal in terms of TWh?",102.93 TWh
"In 1996, Belgium consumed how much of coal in terms of TWh?",98.51 TWh
"In 1997, Belgium consumed how much of coal in terms of TWh?",91.96 TWh
"In 1998, Belgium consumed how much of coal in terms of TWh?",91.48 TWh
"In 1999, Belgium consumed how much of coal in terms of TWh?",80.15 TWh
"In 2000, Belgium consumed how much of coal in terms of TWh?",88.68 TWh
"In 2001, Belgium consumed how much of coal in terms of TWh?",84.47 TWh
"In 2002, Belgium consumed how much of coal in terms of TWh?",72.42 TWh
"In 2003, Belgium consumed how much of coal in terms of TWh?",70.05 TWh
"In 2004, Belgium consumed how much of coal in terms of TWh?",65.15 TWh
"In 2005, Belgium consumed how much of coal in terms of TWh?",59.87 TWh
"In 2006, Belgium consumed how much of coal in terms of TWh?",59.08 TWh
"In 2007, Belgium consumed how much of coal in terms of TWh?",53.99 TWh
"In 2008, Belgium consumed how much of coal in terms of TWh?",53.32 TWh
"In 2009, Belgium consumed how much of coal in terms of TWh?",34.35 TWh
"In 2010, Belgium consumed how much of coal in terms of TWh?",43.60 TWh
"In 2011, Belgium consumed how much of coal in terms of TWh?",41.05 TWh
"In 2012, Belgium consumed how much of coal in terms of TWh?",38.66 TWh
"In 2013, Belgium consumed how much of coal in terms of TWh?",40.91 TWh
"In 2014, Belgium consumed how much of coal in terms of TWh?",39.67 TWh
"In 2015, Belgium consumed how much of coal in terms of TWh?",38.74 TWh
"In 2016, Belgium consumed how much of coal in terms of TWh?",36.82 TWh
"In 2017, Belgium consumed how much of coal in terms of TWh?",36.07 TWh
"In 2018, Belgium consumed how much of coal in terms of TWh?",35.87 TWh
"In 2019, Belgium consumed how much of coal in terms of TWh?",35.96 TWh
"In 2020, Belgium consumed how much of coal in terms of TWh?",27.93 TWh
"In 2021, Belgium consumed how much of coal in terms of TWh?",30.89 TWh
"In 2022, Belgium consumed how much of coal in terms of TWh?",32.20 TWh
"In 2023, Belgium consumed how much of coal in terms of TWh?",27.39 TWh
"In 1965, Brazil consumed how much of coal in terms of TWh?",20.18 TWh
"In 1966, Brazil consumed how much of coal in terms of TWh?",21.86 TWh
"In 1967, Brazil consumed how much of coal in terms of TWh?",22.60 TWh
"In 1968, Brazil consumed how much of coal in terms of TWh?",22.24 TWh
"In 1969, Brazil consumed how much of coal in terms of TWh?",24.82 TWh
"In 1970, Brazil consumed how much of coal in terms of TWh?",28.34 TWh
"In 1971, Brazil consumed how much of coal in terms of TWh?",28.53 TWh
"In 1972, Brazil consumed how much of coal in terms of TWh?",30.04 TWh
"In 1973, Brazil consumed how much of coal in terms of TWh?",29.52 TWh
"In 1974, Brazil consumed how much of coal in terms of TWh?",31.31 TWh
"In 1975, Brazil consumed how much of coal in terms of TWh?",37.23 TWh
"In 1976, Brazil consumed how much of coal in terms of TWh?",39.73 TWh
"In 1977, Brazil consumed how much of coal in terms of TWh?",50.39 TWh
"In 1978, Brazil consumed how much of coal in terms of TWh?",57.94 TWh
"In 1979, Brazil consumed how much of coal in terms of TWh?",62.93 TWh
"In 1980, Brazil consumed how much of coal in terms of TWh?",68.64 TWh
"In 1981, Brazil consumed how much of coal in terms of TWh?",67.16 TWh
"In 1982, Brazil consumed how much of coal in terms of TWh?",70.99 TWh
"In 1983, Brazil consumed how much of coal in terms of TWh?",79.84 TWh
"In 1984, Brazil consumed how much of coal in terms of TWh?",98.59 TWh
"In 1985, Brazil consumed how much of coal in terms of TWh?",116.55 TWh
"In 1986, Brazil consumed how much of coal in terms of TWh?",117.99 TWh
"In 1987, Brazil consumed how much of coal in terms of TWh?",123.55 TWh
"In 1988, Brazil consumed how much of coal in terms of TWh?",126.27 TWh
"In 1989, Brazil consumed how much of coal in terms of TWh?",125.29 TWh
"In 1990, Brazil consumed how much of coal in terms of TWh?",111.62 TWh
"In 1991, Brazil consumed how much of coal in terms of TWh?",127.96 TWh
"In 1992, Brazil consumed how much of coal in terms of TWh?",124.18 TWh
"In 1993, Brazil consumed how much of coal in terms of TWh?",127.94 TWh
"In 1994, Brazil consumed how much of coal in terms of TWh?",131.33 TWh
"In 1995, Brazil consumed how much of coal in terms of TWh?",137.73 TWh
"In 1996, Brazil consumed how much of coal in terms of TWh?",142.12 TWh
"In 1997, Brazil consumed how much of coal in terms of TWh?",142.97 TWh
"In 1998, Brazil consumed how much of coal in terms of TWh?",140.04 TWh
"In 1999, Brazil consumed how much of coal in terms of TWh?",141.81 TWh
"In 2000, Brazil consumed how much of coal in terms of TWh?",151.18 TWh
"In 2001, Brazil consumed how much of coal in terms of TWh?",148.79 TWh
"In 2002, Brazil consumed how much of coal in terms of TWh?",144.01 TWh
"In 2003, Brazil consumed how much of coal in terms of TWh?",149.42 TWh
"In 2004, Brazil consumed how much of coal in terms of TWh?",156.66 TWh
"In 2005, Brazil consumed how much of coal in terms of TWh?",151.08 TWh
"In 2006, Brazil consumed how much of coal in terms of TWh?",148.97 TWh
"In 2007, Brazil consumed how much of coal in terms of TWh?",157.87 TWh
"In 2008, Brazil consumed how much of coal in terms of TWh?",160.13 TWh
"In 2009, Brazil consumed how much of coal in terms of TWh?",129.21 TWh
"In 2010, Brazil consumed how much of coal in terms of TWh?",168.20 TWh
"In 2011, Brazil consumed how much of coal in terms of TWh?",179.67 TWh
"In 2012, Brazil consumed how much of coal in terms of TWh?",177.80 TWh
"In 2013, Brazil consumed how much of coal in terms of TWh?",191.65 TWh
"In 2014, Brazil consumed how much of coal in terms of TWh?",203.77 TWh
"In 2015, Brazil consumed how much of coal in terms of TWh?",204.98 TWh
"In 2016, Brazil consumed how much of coal in terms of TWh?",185.15 TWh
"In 2017, Brazil consumed how much of coal in terms of TWh?",195.27 TWh
"In 2018, Brazil consumed how much of coal in terms of TWh?",190.98 TWh
"In 2019, Brazil consumed how much of coal in terms of TWh?",179.51 TWh
"In 2020, Brazil consumed how much of coal in terms of TWh?",163.13 TWh
"In 2021, Brazil consumed how much of coal in terms of TWh?",197.91 TWh
"In 2022, Brazil consumed how much of coal in terms of TWh?",162.66 TWh
"In 2023, Brazil consumed how much of coal in terms of TWh?",159.09 TWh
"In 1965, Bulgaria consumed how much of coal in terms of TWh?",69.73 TWh
"In 1966, Bulgaria consumed how much of coal in terms of TWh?",71.91 TWh
"In 1967, Bulgaria consumed how much of coal in terms of TWh?",78.08 TWh
"In 1968, Bulgaria consumed how much of coal in terms of TWh?",84.83 TWh
"In 1969, Bulgaria consumed how much of coal in terms of TWh?",85.28 TWh
"In 1970, Bulgaria consumed how much of coal in terms of TWh?",93.28 TWh
"In 1971, Bulgaria consumed how much of coal in terms of TWh?",92.07 TWh
"In 1972, Bulgaria consumed how much of coal in terms of TWh?",94.90 TWh
"In 1973, Bulgaria consumed how much of coal in terms of TWh?",95.63 TWh
"In 1974, Bulgaria consumed how much of coal in terms of TWh?",94.01 TWh
"In 1975, Bulgaria consumed how much of coal in terms of TWh?",98.55 TWh
"In 1976, Bulgaria consumed how much of coal in terms of TWh?",91.87 TWh
"In 1977, Bulgaria consumed how much of coal in terms of TWh?",91.49 TWh
"In 1978, Bulgaria consumed how much of coal in terms of TWh?",97.55 TWh
"In 1979, Bulgaria consumed how much of coal in terms of TWh?",100.59 TWh
"In 1980, Bulgaria consumed how much of coal in terms of TWh?",105.51 TWh
"In 1981, Bulgaria consumed how much of coal in terms of TWh?",107.14 TWh
"In 1982, Bulgaria consumed how much of coal in terms of TWh?",112.56 TWh
"In 1983, Bulgaria consumed how much of coal in terms of TWh?",112.12 TWh
"In 1984, Bulgaria consumed how much of coal in terms of TWh?",112.30 TWh
"In 1985, Bulgaria consumed how much of coal in terms of TWh?",117.21 TWh
"In 1986, Bulgaria consumed how much of coal in terms of TWh?",120.48 TWh
"In 1987, Bulgaria consumed how much of coal in terms of TWh?",120.37 TWh
"In 1988, Bulgaria consumed how much of coal in terms of TWh?",112.14 TWh
"In 1989, Bulgaria consumed how much of coal in terms of TWh?",114.45 TWh
"In 1990, Bulgaria consumed how much of coal in terms of TWh?",96.06 TWh
"In 1991, Bulgaria consumed how much of coal in terms of TWh?",85.86 TWh
"In 1992, Bulgaria consumed how much of coal in terms of TWh?",90.29 TWh
"In 1993, Bulgaria consumed how much of coal in terms of TWh?",97.21 TWh
"In 1994, Bulgaria consumed how much of coal in terms of TWh?",88.99 TWh
"In 1995, Bulgaria consumed how much of coal in terms of TWh?",89.00 TWh
"In 1996, Bulgaria consumed how much of coal in terms of TWh?",88.62 TWh
"In 1997, Bulgaria consumed how much of coal in terms of TWh?",101.06 TWh
"In 1998, Bulgaria consumed how much of coal in terms of TWh?",96.25 TWh
"In 1999, Bulgaria consumed how much of coal in terms of TWh?",79.25 TWh
"In 2000, Bulgaria consumed how much of coal in terms of TWh?",73.19 TWh
"In 2001, Bulgaria consumed how much of coal in terms of TWh?",83.43 TWh
"In 2002, Bulgaria consumed how much of coal in terms of TWh?",76.83 TWh
"In 2003, Bulgaria consumed how much of coal in terms of TWh?",86.02 TWh
"In 2004, Bulgaria consumed how much of coal in terms of TWh?",82.20 TWh
"In 2005, Bulgaria consumed how much of coal in terms of TWh?",80.51 TWh
"In 2006, Bulgaria consumed how much of coal in terms of TWh?",81.75 TWh
"In 2007, Bulgaria consumed how much of coal in terms of TWh?",91.97 TWh
"In 2008, Bulgaria consumed how much of coal in terms of TWh?",87.66 TWh
"In 2009, Bulgaria consumed how much of coal in terms of TWh?",73.79 TWh
"In 2010, Bulgaria consumed how much of coal in terms of TWh?",80.05 TWh
"In 2011, Bulgaria consumed how much of coal in terms of TWh?",94.14 TWh
"In 2012, Bulgaria consumed how much of coal in terms of TWh?",80.43 TWh
"In 2013, Bulgaria consumed how much of coal in terms of TWh?",69.13 TWh
"In 2014, Bulgaria consumed how much of coal in terms of TWh?",73.85 TWh
"In 2015, Bulgaria consumed how much of coal in terms of TWh?",76.24 TWh
"In 2016, Bulgaria consumed how much of coal in terms of TWh?",66.22 TWh
"In 2017, Bulgaria consumed how much of coal in terms of TWh?",71.00 TWh
"In 2018, Bulgaria consumed how much of coal in terms of TWh?",63.44 TWh
"In 2019, Bulgaria consumed how much of coal in terms of TWh?",59.16 TWh
"In 2020, Bulgaria consumed how much of coal in terms of TWh?",48.34 TWh
"In 2021, Bulgaria consumed how much of coal in terms of TWh?",60.97 TWh
"In 2022, Bulgaria consumed how much of coal in terms of TWh?",72.71 TWh
"In 2023, Bulgaria consumed how much of coal in terms of TWh?",44.57 TWh
"In 1965, CIS (EI) consumed how much of coal in terms of TWh?",3459.19 TWh
"In 1966, CIS (EI) consumed how much of coal in terms of TWh?",3585.22 TWh
"In 1967, CIS (EI) consumed how much of coal in terms of TWh?",3640.72 TWh
"In 1968, CIS (EI) consumed how much of coal in terms of TWh?",3608.97 TWh
"In 1969, CIS (EI) consumed how much of coal in terms of TWh?",3677.60 TWh
"In 1970, CIS (EI) consumed how much of coal in terms of TWh?",3630.39 TWh
"In 1971, CIS (EI) consumed how much of coal in terms of TWh?",3703.80 TWh
"In 1972, CIS (EI) consumed how much of coal in terms of TWh?",3803.02 TWh
"In 1973, CIS (EI) consumed how much of coal in terms of TWh?",3848.10 TWh
"In 1974, CIS (EI) consumed how much of coal in terms of TWh?",3866.99 TWh
"In 1975, CIS (EI) consumed how much of coal in terms of TWh?",3977.06 TWh
"In 1976, CIS (EI) consumed how much of coal in terms of TWh?",3972.75 TWh
"In 1977, CIS (EI) consumed how much of coal in terms of TWh?",4044.11 TWh
"In 1978, CIS (EI) consumed how much of coal in terms of TWh?",4019.64 TWh
"In 1979, CIS (EI) consumed how much of coal in terms of TWh?",4048.74 TWh
"In 1980, CIS (EI) consumed how much of coal in terms of TWh?",3925.49 TWh
"In 1981, CIS (EI) consumed how much of coal in terms of TWh?",3900.58 TWh
"In 1982, CIS (EI) consumed how much of coal in terms of TWh?",3960.33 TWh
"In 1983, CIS (EI) consumed how much of coal in terms of TWh?",3970.49 TWh
"In 1984, CIS (EI) consumed how much of coal in terms of TWh?",3933.01 TWh
"In 1985, CIS (EI) consumed how much of coal in terms of TWh?",2854.36 TWh
"In 1986, CIS (EI) consumed how much of coal in terms of TWh?",2948.26 TWh
"In 1987, CIS (EI) consumed how much of coal in terms of TWh?",2998.84 TWh
"In 1988, CIS (EI) consumed how much of coal in terms of TWh?",2977.58 TWh
"In 1989, CIS (EI) consumed how much of coal in terms of TWh?",2875.71 TWh
"In 1990, CIS (EI) consumed how much of coal in terms of TWh?",2673.04 TWh
"In 1991, CIS (EI) consumed how much of coal in terms of TWh?",2475.72 TWh
"In 1992, CIS (EI) consumed how much of coal in terms of TWh?",2331.77 TWh
"In 1993, CIS (EI) consumed how much of coal in terms of TWh?",2101.51 TWh
"In 1994, CIS (EI) consumed how much of coal in terms of TWh?",1880.56 TWh
"In 1995, CIS (EI) consumed how much of coal in terms of TWh?",1738.26 TWh
"In 1996, CIS (EI) consumed how much of coal in terms of TWh?",1681.80 TWh
"In 1997, CIS (EI) consumed how much of coal in terms of TWh?",1533.06 TWh
"In 1998, CIS (EI) consumed how much of coal in terms of TWh?",1447.38 TWh
"In 1999, CIS (EI) consumed how much of coal in terms of TWh?",1438.25 TWh
"In 2000, CIS (EI) consumed how much of coal in terms of TWh?",1467.06 TWh
"In 2001, CIS (EI) consumed how much of coal in terms of TWh?",1481.87 TWh
"In 2002, CIS (EI) consumed how much of coal in terms of TWh?",1493.09 TWh
"In 2003, CIS (EI) consumed how much of coal in terms of TWh?",1526.63 TWh
"In 2004, CIS (EI) consumed how much of coal in terms of TWh?",1497.05 TWh
"In 2005, CIS (EI) consumed how much of coal in terms of TWh?",1440.12 TWh
"In 2006, CIS (EI) consumed how much of coal in terms of TWh?",1485.12 TWh
"In 2007, CIS (EI) consumed how much of coal in terms of TWh?",1480.94 TWh
"In 2008, CIS (EI) consumed how much of coal in terms of TWh?",1595.27 TWh
"In 2009, CIS (EI) consumed how much of coal in terms of TWh?",1461.03 TWh
"In 2010, CIS (EI) consumed how much of coal in terms of TWh?",1469.02 TWh
"In 2011, CIS (EI) consumed how much of coal in terms of TWh?",1547.81 TWh
"In 2012, CIS (EI) consumed how much of coal in terms of TWh?",1622.34 TWh
"In 2013, CIS (EI) consumed how much of coal in terms of TWh?",1534.17 TWh
"In 2014, CIS (EI) consumed how much of coal in terms of TWh?",1497.18 TWh
"In 2015, CIS (EI) consumed how much of coal in terms of TWh?",1434.80 TWh
"In 2016, CIS (EI) consumed how much of coal in terms of TWh?",1457.07 TWh
"In 2017, CIS (EI) consumed how much of coal in terms of TWh?",1433.39 TWh
"In 2018, CIS (EI) consumed how much of coal in terms of TWh?",1495.26 TWh
"In 2019, CIS (EI) consumed how much of coal in terms of TWh?",1452.20 TWh
"In 2020, CIS (EI) consumed how much of coal in terms of TWh?",1356.59 TWh
"In 2021, CIS (EI) consumed how much of coal in terms of TWh?",1404.05 TWh
"In 2022, CIS (EI) consumed how much of coal in terms of TWh?",1523.71 TWh
"In 2023, CIS (EI) consumed how much of coal in terms of TWh?",1523.92 TWh
"In 1965, Canada consumed how much of coal in terms of TWh?",179.99 TWh
"In 1966, Canada consumed how much of coal in terms of TWh?",176.45 TWh
"In 1967, Canada consumed how much of coal in terms of TWh?",174.82 TWh
"In 1968, Canada consumed how much of coal in terms of TWh?",189.93 TWh
"In 1969, Canada consumed how much of coal in terms of TWh?",183.37 TWh
"In 1970, Canada consumed how much of coal in terms of TWh?",196.87 TWh
"In 1971, Canada consumed how much of coal in terms of TWh?",187.13 TWh
"In 1972, Canada consumed how much of coal in terms of TWh?",176.58 TWh
"In 1973, Canada consumed how much of coal in terms of TWh?",181.86 TWh
"In 1974, Canada consumed how much of coal in terms of TWh?",184.78 TWh
"In 1975, Canada consumed how much of coal in terms of TWh?",179.76 TWh
"In 1976, Canada consumed how much of coal in terms of TWh?",212.83 TWh
"In 1977, Canada consumed how much of coal in terms of TWh?",271.96 TWh
"In 1978, Canada consumed how much of coal in terms of TWh?",223.62 TWh
"In 1979, Canada consumed how much of coal in terms of TWh?",211.75 TWh
"In 1980, Canada consumed how much of coal in terms of TWh?",257.89 TWh
"In 1981, Canada consumed how much of coal in terms of TWh?",263.32 TWh
"In 1982, Canada consumed how much of coal in terms of TWh?",278.24 TWh
"In 1983, Canada consumed how much of coal in terms of TWh?",291.12 TWh
"In 1984, Canada consumed how much of coal in terms of TWh?",324.27 TWh
"In 1985, Canada consumed how much of coal in terms of TWh?",311.69 TWh
"In 1986, Canada consumed how much of coal in terms of TWh?",288.88 TWh
"In 1987, Canada consumed how much of coal in terms of TWh?",310.48 TWh
"In 1988, Canada consumed how much of coal in terms of TWh?",333.42 TWh
"In 1989, Canada consumed how much of coal in terms of TWh?",332.72 TWh
"In 1990, Canada consumed how much of coal in terms of TWh?",315.60 TWh
"In 1991, Canada consumed how much of coal in terms of TWh?",305.50 TWh
"In 1992, Canada consumed how much of coal in terms of TWh?",311.21 TWh
"In 1993, Canada consumed how much of coal in terms of TWh?",276.31 TWh
"In 1994, Canada consumed how much of coal in terms of TWh?",292.97 TWh
"In 1995, Canada consumed how much of coal in terms of TWh?",306.23 TWh
"In 1996, Canada consumed how much of coal in terms of TWh?",312.53 TWh
"In 1997, Canada consumed how much of coal in terms of TWh?",326.64 TWh
"In 1998, Canada consumed how much of coal in terms of TWh?",349.22 TWh
"In 1999, Canada consumed how much of coal in terms of TWh?",335.69 TWh
"In 2000, Canada consumed how much of coal in terms of TWh?",355.19 TWh
"In 2001, Canada consumed how much of coal in terms of TWh?",369.12 TWh
"In 2002, Canada consumed how much of coal in terms of TWh?",371.27 TWh
"In 2003, Canada consumed how much of coal in terms of TWh?",370.36 TWh
"In 2004, Canada consumed how much of coal in terms of TWh?",349.85 TWh
"In 2005, Canada consumed how much of coal in terms of TWh?",348.35 TWh
"In 2006, Canada consumed how much of coal in terms of TWh?",337.43 TWh
"In 2007, Canada consumed how much of coal in terms of TWh?",352.77 TWh
"In 2008, Canada consumed how much of coal in terms of TWh?",335.23 TWh
"In 2009, Canada consumed how much of coal in terms of TWh?",280.08 TWh
"In 2010, Canada consumed how much of coal in terms of TWh?",286.99 TWh
"In 2011, Canada consumed how much of coal in terms of TWh?",258.73 TWh
"In 2012, Canada consumed how much of coal in terms of TWh?",245.41 TWh
"In 2013, Canada consumed how much of coal in terms of TWh?",239.34 TWh
"In 2014, Canada consumed how much of coal in terms of TWh?",227.60 TWh
"In 2015, Canada consumed how much of coal in terms of TWh?",214.41 TWh
"In 2016, Canada consumed how much of coal in terms of TWh?",213.62 TWh
"In 2017, Canada consumed how much of coal in terms of TWh?",221.60 TWh
"In 2018, Canada consumed how much of coal in terms of TWh?",180.96 TWh
"In 2019, Canada consumed how much of coal in terms of TWh?",169.15 TWh
"In 2020, Canada consumed how much of coal in terms of TWh?",146.18 TWh
"In 2021, Canada consumed how much of coal in terms of TWh?",131.24 TWh
"In 2022, Canada consumed how much of coal in terms of TWh?",106.98 TWh
"In 2023, Canada consumed how much of coal in terms of TWh?",102.97 TWh
"In 1965, Central America (EI) consumed how much of coal in terms of TWh?",0.00 TWh
"In 1966, Central America (EI) consumed how much of coal in terms of TWh?",0.02 TWh
"In 1967, Central America (EI) consumed how much of coal in terms of TWh?",0.03 TWh
"In 1968, Central America (EI) consumed how much of coal in terms of TWh?",0.02 TWh
"In 1969, Central America (EI) consumed how much of coal in terms of TWh?",0.03 TWh
"In 1970, Central America (EI) consumed how much of coal in terms of TWh?",0.01 TWh
"In 1971, Central America (EI) consumed how much of coal in terms of TWh?",0.02 TWh
"In 1972, Central America (EI) consumed how much of coal in terms of TWh?",0.08 TWh
"In 1973, Central America (EI) consumed how much of coal in terms of TWh?",0.12 TWh
"In 1974, Central America (EI) consumed how much of coal in terms of TWh?",0.05 TWh
"In 1975, Central America (EI) consumed how much of coal in terms of TWh?",0.01 TWh
"In 1976, Central America (EI) consumed how much of coal in terms of TWh?",0.01 TWh
"In 1977, Central America (EI) consumed how much of coal in terms of TWh?",0.02 TWh
"In 1978, Central America (EI) consumed how much of coal in terms of TWh?",0.02 TWh
"In 1979, Central America (EI) consumed how much of coal in terms of TWh?",0.02 TWh
"In 1980, Central America (EI) consumed how much of coal in terms of TWh?",0.18 TWh
"In 1981, Central America (EI) consumed how much of coal in terms of TWh?",0.18 TWh
"In 1982, Central America (EI) consumed how much of coal in terms of TWh?",0.04 TWh
"In 1983, Central America (EI) consumed how much of coal in terms of TWh?",0.03 TWh
"In 1984, Central America (EI) consumed how much of coal in terms of TWh?",0.01 TWh
"In 1985, Central America (EI) consumed how much of coal in terms of TWh?",0.26 TWh
"In 1986, Central America (EI) consumed how much of coal in terms of TWh?",0.27 TWh
"In 1987, Central America (EI) consumed how much of coal in terms of TWh?",0.29 TWh
"In 1988, Central America (EI) consumed how much of coal in terms of TWh?",0.15 TWh
"In 1989, Central America (EI) consumed how much of coal in terms of TWh?",0.40 TWh
"In 1990, Central America (EI) consumed how much of coal in terms of TWh?",0.28 TWh
"In 1991, Central America (EI) consumed how much of coal in terms of TWh?",0.39 TWh
"In 1992, Central America (EI) consumed how much of coal in terms of TWh?",0.36 TWh
"In 1993, Central America (EI) consumed how much of coal in terms of TWh?",0.47 TWh
"In 1994, Central America (EI) consumed how much of coal in terms of TWh?",0.47 TWh
"In 1995, Central America (EI) consumed how much of coal in terms of TWh?",0.37 TWh
"In 1996, Central America (EI) consumed how much of coal in terms of TWh?",0.93 TWh
"In 1997, Central America (EI) consumed how much of coal in terms of TWh?",0.50 TWh
"In 1998, Central America (EI) consumed how much of coal in terms of TWh?",0.78 TWh
"In 1999, Central America (EI) consumed how much of coal in terms of TWh?",1.03 TWh
"In 2000, Central America (EI) consumed how much of coal in terms of TWh?",3.03 TWh
"In 2001, Central America (EI) consumed how much of coal in terms of TWh?",3.21 TWh
"In 2002, Central America (EI) consumed how much of coal in terms of TWh?",4.14 TWh
"In 2003, Central America (EI) consumed how much of coal in terms of TWh?",4.20 TWh
"In 2004, Central America (EI) consumed how much of coal in terms of TWh?",4.35 TWh
"In 2005, Central America (EI) consumed how much of coal in terms of TWh?",3.58 TWh
"In 2006, Central America (EI) consumed how much of coal in terms of TWh?",3.82 TWh
"In 2007, Central America (EI) consumed how much of coal in terms of TWh?",4.16 TWh
"In 2008, Central America (EI) consumed how much of coal in terms of TWh?",4.75 TWh
"In 2009, Central America (EI) consumed how much of coal in terms of TWh?",3.38 TWh
"In 2010, Central America (EI) consumed how much of coal in terms of TWh?",4.30 TWh
"In 2011, Central America (EI) consumed how much of coal in terms of TWh?",6.46 TWh
"In 2012, Central America (EI) consumed how much of coal in terms of TWh?",8.43 TWh
"In 2013, Central America (EI) consumed how much of coal in terms of TWh?",10.96 TWh
"In 2014, Central America (EI) consumed how much of coal in terms of TWh?",11.70 TWh
"In 2015, Central America (EI) consumed how much of coal in terms of TWh?",14.81 TWh
"In 2016, Central America (EI) consumed how much of coal in terms of TWh?",16.22 TWh
"In 2017, Central America (EI) consumed how much of coal in terms of TWh?",12.11 TWh
"In 2018, Central America (EI) consumed how much of coal in terms of TWh?",15.72 TWh
"In 2019, Central America (EI) consumed how much of coal in terms of TWh?",20.65 TWh
"In 2020, Central America (EI) consumed how much of coal in terms of TWh?",16.94 TWh
"In 2021, Central America (EI) consumed how much of coal in terms of TWh?",19.02 TWh
"In 2022, Central America (EI) consumed how much of coal in terms of TWh?",13.17 TWh
"In 2023, Central America (EI) consumed how much of coal in terms of TWh?",15.15 TWh
"In 1965, Chile consumed how much of coal in terms of TWh?",13.55 TWh
"In 1966, Chile consumed how much of coal in terms of TWh?",13.96 TWh
"In 1967, Chile consumed how much of coal in terms of TWh?",13.96 TWh
"In 1968, Chile consumed how much of coal in terms of TWh?",13.96 TWh
"In 1969, Chile consumed how much of coal in terms of TWh?",13.96 TWh
"In 1970, Chile consumed how much of coal in terms of TWh?",14.92 TWh
"In 1971, Chile consumed how much of coal in terms of TWh?",14.41 TWh
"In 1972, Chile consumed how much of coal in terms of TWh?",11.91 TWh
"In 1973, Chile consumed how much of coal in terms of TWh?",12.93 TWh
"In 1974, Chile consumed how much of coal in terms of TWh?",12.26 TWh
"In 1975, Chile consumed how much of coal in terms of TWh?",9.79 TWh
"In 1976, Chile consumed how much of coal in terms of TWh?",9.89 TWh
"In 1977, Chile consumed how much of coal in terms of TWh?",10.64 TWh
"In 1978, Chile consumed how much of coal in terms of TWh?",10.37 TWh
"In 1979, Chile consumed how much of coal in terms of TWh?",11.48 TWh
"In 1980, Chile consumed how much of coal in terms of TWh?",12.68 TWh
"In 1981, Chile consumed how much of coal in terms of TWh?",12.65 TWh
"In 1982, Chile consumed how much of coal in terms of TWh?",8.43 TWh
"In 1983, Chile consumed how much of coal in terms of TWh?",10.11 TWh
"In 1984, Chile consumed how much of coal in terms of TWh?",13.63 TWh
"In 1985, Chile consumed how much of coal in terms of TWh?",13.64 TWh
"In 1986, Chile consumed how much of coal in terms of TWh?",12.96 TWh
"In 1987, Chile consumed how much of coal in terms of TWh?",13.35 TWh
"In 1988, Chile consumed how much of coal in terms of TWh?",18.61 TWh
"In 1989, Chile consumed how much of coal in terms of TWh?",25.14 TWh
"In 1990, Chile consumed how much of coal in terms of TWh?",30.29 TWh
"In 1991, Chile consumed how much of coal in terms of TWh?",24.89 TWh
"In 1992, Chile consumed how much of coal in terms of TWh?",21.52 TWh
"In 1993, Chile consumed how much of coal in terms of TWh?",21.71 TWh
"In 1994, Chile consumed how much of coal in terms of TWh?",25.61 TWh
"In 1995, Chile consumed how much of coal in terms of TWh?",27.60 TWh
"In 1996, Chile consumed how much of coal in terms of TWh?",38.25 TWh
"In 1997, Chile consumed how much of coal in terms of TWh?",49.80 TWh
"In 1998, Chile consumed how much of coal in terms of TWh?",46.85 TWh
"In 1999, Chile consumed how much of coal in terms of TWh?",48.35 TWh
"In 2000, Chile consumed how much of coal in terms of TWh?",37.36 TWh
"In 2001, Chile consumed how much of coal in terms of TWh?",29.31 TWh
"In 2002, Chile consumed how much of coal in terms of TWh?",29.55 TWh
"In 2003, Chile consumed how much of coal in terms of TWh?",28.25 TWh
"In 2004, Chile consumed how much of coal in terms of TWh?",32.72 TWh
"In 2005, Chile consumed how much of coal in terms of TWh?",32.07 TWh
"In 2006, Chile consumed how much of coal in terms of TWh?",40.04 TWh
"In 2007, Chile consumed how much of coal in terms of TWh?",47.52 TWh
"In 2008, Chile consumed how much of coal in terms of TWh?",50.82 TWh
"In 2009, Chile consumed how much of coal in terms of TWh?",46.46 TWh
"In 2010, Chile consumed how much of coal in terms of TWh?",52.23 TWh
"In 2011, Chile consumed how much of coal in terms of TWh?",66.99 TWh
"In 2012, Chile consumed how much of coal in terms of TWh?",78.10 TWh
"In 2013, Chile consumed how much of coal in terms of TWh?",87.79 TWh
"In 2014, Chile consumed how much of coal in terms of TWh?",88.56 TWh
"In 2015, Chile consumed how much of coal in terms of TWh?",85.05 TWh
"In 2016, Chile consumed how much of coal in terms of TWh?",86.26 TWh
"In 2017, Chile consumed how much of coal in terms of TWh?",89.69 TWh
"In 2018, Chile consumed how much of coal in terms of TWh?",86.56 TWh
"In 2019, Chile consumed how much of coal in terms of TWh?",87.08 TWh
"In 2020, Chile consumed how much of coal in terms of TWh?",73.15 TWh
"In 2021, Chile consumed how much of coal in terms of TWh?",81.11 TWh
"In 2022, Chile consumed how much of coal in terms of TWh?",66.24 TWh
"In 2023, Chile consumed how much of coal in terms of TWh?",48.78 TWh
"In 1965, China consumed how much of coal in terms of TWh?",1330.70 TWh
"In 1966, China consumed how much of coal in terms of TWh?",1423.51 TWh
"In 1967, China consumed how much of coal in terms of TWh?",1265.34 TWh
"In 1968, China consumed how much of coal in terms of TWh?",1255.92 TWh
"In 1969, China consumed how much of coal in terms of TWh?",1516.61 TWh
"In 1970, China consumed how much of coal in terms of TWh?",1929.65 TWh
"In 1971, China consumed how much of coal in terms of TWh?",2224.88 TWh
"In 1972, China consumed how much of coal in terms of TWh?",2352.92 TWh
"In 1973, China consumed how much of coal in terms of TWh?",2383.74 TWh
"In 1974, China consumed how much of coal in terms of TWh?",2358.56 TWh
"In 1975, China consumed how much of coal in terms of TWh?",2658.21 TWh
"In 1976, China consumed how much of coal in terms of TWh?",2723.16 TWh
"In 1977, China consumed how much of coal in terms of TWh?",2995.54 TWh
"In 1978, China consumed how much of coal in terms of TWh?",3289.20 TWh
"In 1979, China consumed how much of coal in terms of TWh?",3402.71 TWh
"In 1980, China consumed how much of coal in terms of TWh?",3539.02 TWh
"In 1981, China consumed how much of coal in terms of TWh?",3520.19 TWh
"In 1982, China consumed how much of coal in terms of TWh?",3724.84 TWh
"In 1983, China consumed how much of coal in terms of TWh?",3989.00 TWh
"In 1984, China consumed how much of coal in terms of TWh?",4338.27 TWh
"In 1985, China consumed how much of coal in terms of TWh?",4736.26 TWh
"In 1986, China consumed how much of coal in terms of TWh?",4951.42 TWh
"In 1987, China consumed how much of coal in terms of TWh?",5372.24 TWh
"In 1988, China consumed how much of coal in terms of TWh?",5771.22 TWh
"In 1989, China consumed how much of coal in terms of TWh?",6046.90 TWh
"In 1990, China consumed how much of coal in terms of TWh?",6134.52 TWh
"In 1991, China consumed how much of coal in terms of TWh?",6433.43 TWh
"In 1992, China consumed how much of coal in terms of TWh?",6731.50 TWh
"In 1993, China consumed how much of coal in terms of TWh?",7170.36 TWh
"In 1994, China consumed how much of coal in terms of TWh?",7641.67 TWh
"In 1995, China consumed how much of coal in terms of TWh?",7736.85 TWh
"In 1996, China consumed how much of coal in terms of TWh?",8095.39 TWh
"In 1997, China consumed how much of coal in terms of TWh?",7931.91 TWh
"In 1998, China consumed how much of coal in terms of TWh?",7871.72 TWh
"In 1999, China consumed how much of coal in terms of TWh?",8099.03 TWh
"In 2000, China consumed how much of coal in terms of TWh?",8211.41 TWh
"In 2001, China consumed how much of coal in terms of TWh?",8635.75 TWh
"In 2002, China consumed how much of coal in terms of TWh?",9467.46 TWh
"In 2003, China consumed how much of coal in terms of TWh?",11283.06 TWh
"In 2004, China consumed how much of coal in terms of TWh?",13155.28 TWh
"In 2005, China consumed how much of coal in terms of TWh?",15405.10 TWh
"In 2006, China consumed how much of coal in terms of TWh?",16918.38 TWh
"In 2007, China consumed how much of coal in terms of TWh?",18423.91 TWh
"In 2008, China consumed how much of coal in terms of TWh?",18715.92 TWh
"In 2009, China consumed how much of coal in terms of TWh?",19605.02 TWh
"In 2010, China consumed how much of coal in terms of TWh?",20340.54 TWh
"In 2011, China consumed how much of coal in terms of TWh?",22143.60 TWh
"In 2012, China consumed how much of coal in terms of TWh?",22422.36 TWh
"In 2013, China consumed how much of coal in terms of TWh?",22902.13 TWh
"In 2014, China consumed how much of coal in terms of TWh?",22804.70 TWh
"In 2015, China consumed how much of coal in terms of TWh?",22329.04 TWh
"In 2016, China consumed how much of coal in terms of TWh?",21675.78 TWh
"In 2017, China consumed how much of coal in terms of TWh?",21915.44 TWh
"In 2018, China consumed how much of coal in terms of TWh?",22352.15 TWh
"In 2019, China consumed how much of coal in terms of TWh?",22922.24 TWh
"In 2020, China consumed how much of coal in terms of TWh?",23402.55 TWh
"In 2021, China consumed how much of coal in terms of TWh?",24315.47 TWh
"In 2022, China consumed how much of coal in terms of TWh?",24397.78 TWh
"In 2023, China consumed how much of coal in terms of TWh?",25538.52 TWh
"In 1965, Colombia consumed how much of coal in terms of TWh?",23.42 TWh
"In 1966, Colombia consumed how much of coal in terms of TWh?",23.42 TWh
"In 1967, Colombia consumed how much of coal in terms of TWh?",25.70 TWh
"In 1968, Colombia consumed how much of coal in terms of TWh?",23.41 TWh
"In 1969, Colombia consumed how much of coal in terms of TWh?",24.99 TWh
"In 1970, Colombia consumed how much of coal in terms of TWh?",26.09 TWh
"In 1971, Colombia consumed how much of coal in terms of TWh?",20.29 TWh
"In 1972, Colombia consumed how much of coal in terms of TWh?",21.08 TWh
"In 1973, Colombia consumed how much of coal in terms of TWh?",21.47 TWh
"In 1974, Colombia consumed how much of coal in terms of TWh?",25.96 TWh
"In 1975, Colombia consumed how much of coal in terms of TWh?",26.38 TWh
"In 1976, Colombia consumed how much of coal in terms of TWh?",25.81 TWh
"In 1977, Colombia consumed how much of coal in terms of TWh?",26.45 TWh
"In 1978, Colombia consumed how much of coal in terms of TWh?",26.74 TWh
"In 1979, Colombia consumed how much of coal in terms of TWh?",26.97 TWh
"In 1980, Colombia consumed how much of coal in terms of TWh?",28.29 TWh
"In 1981, Colombia consumed how much of coal in terms of TWh?",28.82 TWh
"In 1982, Colombia consumed how much of coal in terms of TWh?",30.01 TWh
"In 1983, Colombia consumed how much of coal in terms of TWh?",33.07 TWh
"In 1984, Colombia consumed how much of coal in terms of TWh?",34.43 TWh
"In 1985, Colombia consumed how much of coal in terms of TWh?",35.51 TWh
"In 1986, Colombia consumed how much of coal in terms of TWh?",35.07 TWh
"In 1987, Colombia consumed how much of coal in terms of TWh?",44.09 TWh
"In 1988, Colombia consumed how much of coal in terms of TWh?",35.17 TWh
"In 1989, Colombia consumed how much of coal in terms of TWh?",40.75 TWh
"In 1990, Colombia consumed how much of coal in terms of TWh?",18.58 TWh
"In 1991, Colombia consumed how much of coal in terms of TWh?",23.37 TWh
"In 1992, Colombia consumed how much of coal in terms of TWh?",39.09 TWh
"In 1993, Colombia consumed how much of coal in terms of TWh?",40.98 TWh
"In 1994, Colombia consumed how much of coal in terms of TWh?",46.91 TWh
"In 1995, Colombia consumed how much of coal in terms of TWh?",41.98 TWh
"In 1996, Colombia consumed how much of coal in terms of TWh?",32.54 TWh
"In 1997, Colombia consumed how much of coal in terms of TWh?",38.54 TWh
"In 1998, Colombia consumed how much of coal in terms of TWh?",36.65 TWh
"In 1999, Colombia consumed how much of coal in terms of TWh?",29.27 TWh
"In 2000, Colombia consumed how much of coal in terms of TWh?",31.44 TWh
"In 2001, Colombia consumed how much of coal in terms of TWh?",30.96 TWh
"In 2002, Colombia consumed how much of coal in terms of TWh?",25.46 TWh
"In 2003, Colombia consumed how much of coal in terms of TWh?",28.22 TWh
"In 2004, Colombia consumed how much of coal in terms of TWh?",24.70 TWh
"In 2005, Colombia consumed how much of coal in terms of TWh?",15.56 TWh
"In 2006, Colombia consumed how much of coal in terms of TWh?",44.33 TWh
"In 2007, Colombia consumed how much of coal in terms of TWh?",39.03 TWh
"In 2008, Colombia consumed how much of coal in terms of TWh?",51.64 TWh
"In 2009, Colombia consumed how much of coal in terms of TWh?",47.50 TWh
"In 2010, Colombia consumed how much of coal in terms of TWh?",55.91 TWh
"In 2011, Colombia consumed how much of coal in terms of TWh?",45.27 TWh
"In 2012, Colombia consumed how much of coal in terms of TWh?",54.56 TWh
"In 2013, Colombia consumed how much of coal in terms of TWh?",58.69 TWh
"In 2014, Colombia consumed how much of coal in terms of TWh?",62.17 TWh
"In 2015, Colombia consumed how much of coal in terms of TWh?",57.78 TWh
"In 2016, Colombia consumed how much of coal in terms of TWh?",63.55 TWh
"In 2017, Colombia consumed how much of coal in terms of TWh?",48.43 TWh
"In 2018, Colombia consumed how much of coal in terms of TWh?",45.46 TWh
"In 2019, Colombia consumed how much of coal in terms of TWh?",53.64 TWh
"In 2020, Colombia consumed how much of coal in terms of TWh?",47.48 TWh
"In 2021, Colombia consumed how much of coal in terms of TWh?",31.46 TWh
"In 2022, Colombia consumed how much of coal in terms of TWh?",28.35 TWh
"In 2023, Colombia consumed how much of coal in terms of TWh?",43.35 TWh
"In 1990, Croatia consumed how much of coal in terms of TWh?",9.40 TWh
"In 1991, Croatia consumed how much of coal in terms of TWh?",5.29 TWh
"In 1992, Croatia consumed how much of coal in terms of TWh?",4.65 TWh
"In 1993, Croatia consumed how much of coal in terms of TWh?",3.95 TWh
"In 1994, Croatia consumed how much of coal in terms of TWh?",2.47 TWh
"In 1995, Croatia consumed how much of coal in terms of TWh?",2.03 TWh
"In 1996, Croatia consumed how much of coal in terms of TWh?",1.66 TWh
"In 1997, Croatia consumed how much of coal in terms of TWh?",2.83 TWh
"In 1998, Croatia consumed how much of coal in terms of TWh?",2.70 TWh
"In 1999, Croatia consumed how much of coal in terms of TWh?",2.40 TWh
"In 2000, Croatia consumed how much of coal in terms of TWh?",5.02 TWh
"In 2001, Croatia consumed how much of coal in terms of TWh?",5.59 TWh
"In 2002, Croatia consumed how much of coal in terms of TWh?",6.79 TWh
"In 2003, Croatia consumed how much of coal in terms of TWh?",7.56 TWh
"In 2004, Croatia consumed how much of coal in terms of TWh?",8.02 TWh
"In 2005, Croatia consumed how much of coal in terms of TWh?",7.95 TWh
"In 2006, Croatia consumed how much of coal in terms of TWh?",7.38 TWh
"In 2007, Croatia consumed how much of coal in terms of TWh?",8.01 TWh
"In 2008, Croatia consumed how much of coal in terms of TWh?",8.25 TWh
"In 2009, Croatia consumed how much of coal in terms of TWh?",5.89 TWh
"In 2010, Croatia consumed how much of coal in terms of TWh?",7.94 TWh
"In 2011, Croatia consumed how much of coal in terms of TWh?",8.17 TWh
"In 2012, Croatia consumed how much of coal in terms of TWh?",7.33 TWh
"In 2013, Croatia consumed how much of coal in terms of TWh?",7.85 TWh
"In 2014, Croatia consumed how much of coal in terms of TWh?",7.52 TWh
"In 2015, Croatia consumed how much of coal in terms of TWh?",7.04 TWh
"In 2016, Croatia consumed how much of coal in terms of TWh?",7.57 TWh
"In 2017, Croatia consumed how much of coal in terms of TWh?",4.56 TWh
"In 2018, Croatia consumed how much of coal in terms of TWh?",4.25 TWh
"In 2019, Croatia consumed how much of coal in terms of TWh?",4.90 TWh
"In 2020, Croatia consumed how much of coal in terms of TWh?",4.20 TWh
"In 2021, Croatia consumed how much of coal in terms of TWh?",4.83 TWh
"In 2022, Croatia consumed how much of coal in terms of TWh?",4.73 TWh
"In 2023, Croatia consumed how much of coal in terms of TWh?",3.91 TWh
"In 1985, Cyprus consumed how much of coal in terms of TWh?",1.08 TWh
"In 1986, Cyprus consumed how much of coal in terms of TWh?",0.66 TWh
"In 1987, Cyprus consumed how much of coal in terms of TWh?",1.41 TWh
"In 1988, Cyprus consumed how much of coal in terms of TWh?",0.85 TWh
"In 1989, Cyprus consumed how much of coal in terms of TWh?",0.76 TWh
"In 1990, Cyprus consumed how much of coal in terms of TWh?",0.71 TWh
"In 1991, Cyprus consumed how much of coal in terms of TWh?",0.52 TWh
"In 1992, Cyprus consumed how much of coal in terms of TWh?",0.97 TWh
"In 1993, Cyprus consumed how much of coal in terms of TWh?",0.81 TWh
"In 1994, Cyprus consumed how much of coal in terms of TWh?",1.12 TWh
"In 1995, Cyprus consumed how much of coal in terms of TWh?",1.24 TWh
"In 1996, Cyprus consumed how much of coal in terms of TWh?",1.16 TWh
"In 1997, Cyprus consumed how much of coal in terms of TWh?",0.88 TWh
"In 1998, Cyprus consumed how much of coal in terms of TWh?",0.16 TWh
"In 1999, Cyprus consumed how much of coal in terms of TWh?",0.28 TWh
"In 2000, Cyprus consumed how much of coal in terms of TWh?",0.42 TWh
"In 2001, Cyprus consumed how much of coal in terms of TWh?",0.62 TWh
"In 2002, Cyprus consumed how much of coal in terms of TWh?",0.51 TWh
"In 2003, Cyprus consumed how much of coal in terms of TWh?",0.51 TWh
"In 2004, Cyprus consumed how much of coal in terms of TWh?",0.51 TWh
"In 2005, Cyprus consumed how much of coal in terms of TWh?",0.51 TWh
"In 2006, Cyprus consumed how much of coal in terms of TWh?",0.35 TWh
"In 2007, Cyprus consumed how much of coal in terms of TWh?",0.32 TWh
"In 2008, Cyprus consumed how much of coal in terms of TWh?",0.26 TWh
"In 2009, Cyprus consumed how much of coal in terms of TWh?",0.14 TWh
"In 2010, Cyprus consumed how much of coal in terms of TWh?",0.17 TWh
"In 2011, Cyprus consumed how much of coal in terms of TWh?",0.08 TWh
"In 2012, Cyprus consumed how much of coal in terms of TWh?",0.00 TWh
"In 2013, Cyprus consumed how much of coal in terms of TWh?",0.00 TWh
"In 2014, Cyprus consumed how much of coal in terms of TWh?",0.03 TWh
"In 2015, Cyprus consumed how much of coal in terms of TWh?",0.04 TWh
"In 2016, Cyprus consumed how much of coal in terms of TWh?",0.01 TWh
"In 2017, Cyprus consumed how much of coal in terms of TWh?",0.03 TWh
"In 2018, Cyprus consumed how much of coal in terms of TWh?",0.16 TWh
"In 2019, Cyprus consumed how much of coal in terms of TWh?",0.19 TWh
"In 2020, Cyprus consumed how much of coal in terms of TWh?",0.16 TWh
"In 2021, Cyprus consumed how much of coal in terms of TWh?",0.48 TWh
"In 2022, Cyprus consumed how much of coal in terms of TWh?",0.36 TWh
"In 2023, Cyprus consumed how much of coal in terms of TWh?",0.32 TWh
"In 1965, Czechia consumed how much of coal in terms of TWh?",410.84 TWh
"In 1966, Czechia consumed how much of coal in terms of TWh?",409.63 TWh
"In 1967, Czechia consumed how much of coal in terms of TWh?",396.14 TWh
"In 1968, Czechia consumed how much of coal in terms of TWh?",410.06 TWh
"In 1969, Czechia consumed how much of coal in terms of TWh?",426.20 TWh
"In 1970, Czechia consumed how much of coal in terms of TWh?",431.47 TWh
"In 1971, Czechia consumed how much of coal in terms of TWh?",449.53 TWh
"In 1972, Czechia consumed how much of coal in terms of TWh?",443.13 TWh
"In 1973, Czechia consumed how much of coal in terms of TWh?",433.60 TWh
"In 1974, Czechia consumed how much of coal in terms of TWh?",432.00 TWh
"In 1975, Czechia consumed how much of coal in terms of TWh?",441.22 TWh
"In 1976, Czechia consumed how much of coal in terms of TWh?",449.83 TWh
"In 1977, Czechia consumed how much of coal in terms of TWh?",459.55 TWh
"In 1978, Czechia consumed how much of coal in terms of TWh?",461.34 TWh
"In 1979, Czechia consumed how much of coal in terms of TWh?",461.48 TWh
"In 1980, Czechia consumed how much of coal in terms of TWh?",447.19 TWh
"In 1981, Czechia consumed how much of coal in terms of TWh?",445.37 TWh
"In 1982, Czechia consumed how much of coal in terms of TWh?",448.82 TWh
"In 1983, Czechia consumed how much of coal in terms of TWh?",446.30 TWh
"In 1984, Czechia consumed how much of coal in terms of TWh?",454.71 TWh
"In 1985, Czechia consumed how much of coal in terms of TWh?",444.84 TWh
"In 1986, Czechia consumed how much of coal in terms of TWh?",442.82 TWh
"In 1987, Czechia consumed how much of coal in terms of TWh?",437.67 TWh
"In 1988, Czechia consumed how much of coal in terms of TWh?",442.80 TWh
"In 1989, Czechia consumed how much of coal in terms of TWh?",425.75 TWh
"In 1990, Czechia consumed how much of coal in terms of TWh?",345.94 TWh
"In 1991, Czechia consumed how much of coal in terms of TWh?",316.91 TWh
"In 1992, Czechia consumed how much of coal in terms of TWh?",295.92 TWh
"In 1993, Czechia consumed how much of coal in terms of TWh?",287.88 TWh
"In 1994, Czechia consumed how much of coal in terms of TWh?",272.47 TWh
"In 1995, Czechia consumed how much of coal in terms of TWh?",272.72 TWh
"In 1996, Czechia consumed how much of coal in terms of TWh?",272.12 TWh
"In 1997, Czechia consumed how much of coal in terms of TWh?",255.68 TWh
"In 1998, Czechia consumed how much of coal in terms of TWh?",237.00 TWh
"In 1999, Czechia consumed how much of coal in terms of TWh?",215.94 TWh
"In 2000, Czechia consumed how much of coal in terms of TWh?",246.72 TWh
"In 2001, Czechia consumed how much of coal in terms of TWh?",242.13 TWh
"In 2002, Czechia consumed how much of coal in terms of TWh?",237.63 TWh
"In 2003, Czechia consumed how much of coal in terms of TWh?",241.52 TWh
"In 2004, Czechia consumed how much of coal in terms of TWh?",241.89 TWh
"In 2005, Czechia consumed how much of coal in terms of TWh?",233.70 TWh
"In 2006, Czechia consumed how much of coal in terms of TWh?",241.98 TWh
"In 2007, Czechia consumed how much of coal in terms of TWh?",241.51 TWh
"In 2008, Czechia consumed how much of coal in terms of TWh?",229.05 TWh
"In 2009, Czechia consumed how much of coal in terms of TWh?",211.58 TWh
"In 2010, Czechia consumed how much of coal in terms of TWh?",218.38 TWh
"In 2011, Czechia consumed how much of coal in terms of TWh?",214.99 TWh
"In 2012, Czechia consumed how much of coal in terms of TWh?",206.15 TWh
"In 2013, Czechia consumed how much of coal in terms of TWh?",196.50 TWh
"In 2014, Czechia consumed how much of coal in terms of TWh?",190.44 TWh
"In 2015, Czechia consumed how much of coal in terms of TWh?",189.86 TWh
"In 2016, Czechia consumed how much of coal in terms of TWh?",191.27 TWh
"In 2017, Czechia consumed how much of coal in terms of TWh?",187.28 TWh
"In 2018, Czechia consumed how much of coal in terms of TWh?",186.01 TWh
"In 2019, Czechia consumed how much of coal in terms of TWh?",167.36 TWh
"In 2020, Czechia consumed how much of coal in terms of TWh?",145.44 TWh
"In 2021, Czechia consumed how much of coal in terms of TWh?",150.69 TWh
"In 2022, Czechia consumed how much of coal in terms of TWh?",154.46 TWh
"In 2023, Czechia consumed how much of coal in terms of TWh?",130.78 TWh
"In 1965, Denmark consumed how much of coal in terms of TWh?",43.01 TWh
"In 1966, Denmark consumed how much of coal in terms of TWh?",48.74 TWh
"In 1967, Denmark consumed how much of coal in terms of TWh?",41.73 TWh
"In 1968, Denmark consumed how much of coal in terms of TWh?",37.39 TWh
"In 1969, Denmark consumed how much of coal in terms of TWh?",34.15 TWh
"In 1970, Denmark consumed how much of coal in terms of TWh?",27.32 TWh
"In 1971, Denmark consumed how much of coal in terms of TWh?",16.72 TWh
"In 1972, Denmark consumed how much of coal in terms of TWh?",17.08 TWh
"In 1973, Denmark consumed how much of coal in terms of TWh?",26.18 TWh
"In 1974, Denmark consumed how much of coal in terms of TWh?",24.73 TWh
"In 1975, Denmark consumed how much of coal in terms of TWh?",23.86 TWh
"In 1976, Denmark consumed how much of coal in terms of TWh?",33.15 TWh
"In 1977, Denmark consumed how much of coal in terms of TWh?",38.13 TWh
"In 1978, Denmark consumed how much of coal in terms of TWh?",42.01 TWh
"In 1979, Denmark consumed how much of coal in terms of TWh?",50.10 TWh
"In 1980, Denmark consumed how much of coal in terms of TWh?",71.50 TWh
"In 1981, Denmark consumed how much of coal in terms of TWh?",57.14 TWh
"In 1982, Denmark consumed how much of coal in terms of TWh?",68.93 TWh
"In 1983, Denmark consumed how much of coal in terms of TWh?",65.83 TWh
"In 1984, Denmark consumed how much of coal in terms of TWh?",69.39 TWh
"In 1985, Denmark consumed how much of coal in terms of TWh?",84.57 TWh
"In 1986, Denmark consumed how much of coal in terms of TWh?",85.55 TWh
"In 1987, Denmark consumed how much of coal in terms of TWh?",83.97 TWh
"In 1988, Denmark consumed how much of coal in terms of TWh?",78.57 TWh
"In 1989, Denmark consumed how much of coal in terms of TWh?",64.57 TWh
"In 1990, Denmark consumed how much of coal in terms of TWh?",70.83 TWh
"In 1991, Denmark consumed how much of coal in terms of TWh?",96.07 TWh
"In 1992, Denmark consumed how much of coal in terms of TWh?",80.02 TWh
"In 1993, Denmark consumed how much of coal in terms of TWh?",83.94 TWh
"In 1994, Denmark consumed how much of coal in terms of TWh?",90.27 TWh
"In 1995, Denmark consumed how much of coal in terms of TWh?",75.46 TWh
"In 1996, Denmark consumed how much of coal in terms of TWh?",103.72 TWh
"In 1997, Denmark consumed how much of coal in terms of TWh?",77.11 TWh
"In 1998, Denmark consumed how much of coal in terms of TWh?",65.53 TWh
"In 1999, Denmark consumed how much of coal in terms of TWh?",55.05 TWh
"In 2000, Denmark consumed how much of coal in terms of TWh?",46.18 TWh
"In 2001, Denmark consumed how much of coal in terms of TWh?",48.82 TWh
"In 2002, Denmark consumed how much of coal in terms of TWh?",48.87 TWh
"In 2003, Denmark consumed how much of coal in terms of TWh?",66.68 TWh
"In 2004, Denmark consumed how much of coal in terms of TWh?",51.11 TWh
"In 2005, Denmark consumed how much of coal in terms of TWh?",43.05 TWh
"In 2006, Denmark consumed how much of coal in terms of TWh?",64.74 TWh
"In 2007, Denmark consumed how much of coal in terms of TWh?",54.24 TWh
"In 2008, Denmark consumed how much of coal in terms of TWh?",47.66 TWh
"In 2009, Denmark consumed how much of coal in terms of TWh?",46.80 TWh
"In 2010, Denmark consumed how much of coal in terms of TWh?",45.47 TWh
"In 2011, Denmark consumed how much of coal in terms of TWh?",37.84 TWh
"In 2012, Denmark consumed how much of coal in terms of TWh?",29.66 TWh
"In 2013, Denmark consumed how much of coal in terms of TWh?",37.67 TWh
"In 2014, Denmark consumed how much of coal in terms of TWh?",29.86 TWh
"In 2015, Denmark consumed how much of coal in terms of TWh?",21.24 TWh
"In 2016, Denmark consumed how much of coal in terms of TWh?",24.58 TWh
"In 2017, Denmark consumed how much of coal in terms of TWh?",18.37 TWh
"In 2018, Denmark consumed how much of coal in terms of TWh?",18.77 TWh
"In 2019, Denmark consumed how much of coal in terms of TWh?",10.58 TWh
"In 2020, Denmark consumed how much of coal in terms of TWh?",9.31 TWh
"In 2021, Denmark consumed how much of coal in terms of TWh?",12.40 TWh
"In 2022, Denmark consumed how much of coal in terms of TWh?",12.18 TWh
"In 2023, Denmark consumed how much of coal in terms of TWh?",8.09 TWh
"In 1965, Eastern Africa (EI) consumed how much of coal in terms of TWh?",21.08 TWh
"In 1966, Eastern Africa (EI) consumed how much of coal in terms of TWh?",24.53 TWh
"In 1967, Eastern Africa (EI) consumed how much of coal in terms of TWh?",24.77 TWh
"In 1968, Eastern Africa (EI) consumed how much of coal in terms of TWh?",26.11 TWh
"In 1969, Eastern Africa (EI) consumed how much of coal in terms of TWh?",25.32 TWh
"In 1970, Eastern Africa (EI) consumed how much of coal in terms of TWh?",28.67 TWh
"In 1971, Eastern Africa (EI) consumed how much of coal in terms of TWh?",29.23 TWh
"In 1972, Eastern Africa (EI) consumed how much of coal in terms of TWh?",27.27 TWh
"In 1973, Eastern Africa (EI) consumed how much of coal in terms of TWh?",29.95 TWh
"In 1974, Eastern Africa (EI) consumed how much of coal in terms of TWh?",27.58 TWh
"In 1975, Eastern Africa (EI) consumed how much of coal in terms of TWh?",25.06 TWh
"In 1976, Eastern Africa (EI) consumed how much of coal in terms of TWh?",33.09 TWh
"In 1977, Eastern Africa (EI) consumed how much of coal in terms of TWh?",26.96 TWh
"In 1978, Eastern Africa (EI) consumed how much of coal in terms of TWh?",26.37 TWh
"In 1979, Eastern Africa (EI) consumed how much of coal in terms of TWh?",25.89 TWh
"In 1980, Eastern Africa (EI) consumed how much of coal in terms of TWh?",26.92 TWh
"In 1981, Eastern Africa (EI) consumed how much of coal in terms of TWh?",25.28 TWh
"In 1982, Eastern Africa (EI) consumed how much of coal in terms of TWh?",24.41 TWh
"In 1983, Eastern Africa (EI) consumed how much of coal in terms of TWh?",27.03 TWh
"In 1984, Eastern Africa (EI) consumed how much of coal in terms of TWh?",25.47 TWh
"In 1985, Eastern Africa (EI) consumed how much of coal in terms of TWh?",27.18 TWh
"In 1986, Eastern Africa (EI) consumed how much of coal in terms of TWh?",31.52 TWh
"In 1987, Eastern Africa (EI) consumed how much of coal in terms of TWh?",37.38 TWh
"In 1988, Eastern Africa (EI) consumed how much of coal in terms of TWh?",37.64 TWh
"In 1989, Eastern Africa (EI) consumed how much of coal in terms of TWh?",37.01 TWh
"In 1990, Eastern Africa (EI) consumed how much of coal in terms of TWh?",52.23 TWh
"In 1991, Eastern Africa (EI) consumed how much of coal in terms of TWh?",42.96 TWh
"In 1992, Eastern Africa (EI) consumed how much of coal in terms of TWh?",43.90 TWh
"In 1993, Eastern Africa (EI) consumed how much of coal in terms of TWh?",53.00 TWh
"In 1994, Eastern Africa (EI) consumed how much of coal in terms of TWh?",47.63 TWh
"In 1995, Eastern Africa (EI) consumed how much of coal in terms of TWh?",46.16 TWh
"In 1996, Eastern Africa (EI) consumed how much of coal in terms of TWh?",42.76 TWh
"In 1997, Eastern Africa (EI) consumed how much of coal in terms of TWh?",47.49 TWh
"In 1998, Eastern Africa (EI) consumed how much of coal in terms of TWh?",44.97 TWh
"In 1999, Eastern Africa (EI) consumed how much of coal in terms of TWh?",38.28 TWh
"In 2000, Eastern Africa (EI) consumed how much of coal in terms of TWh?",35.46 TWh
"In 2001, Eastern Africa (EI) consumed how much of coal in terms of TWh?",37.54 TWh
"In 2002, Eastern Africa (EI) consumed how much of coal in terms of TWh?",35.59 TWh
"In 2003, Eastern Africa (EI) consumed how much of coal in terms of TWh?",29.22 TWh
"In 2004, Eastern Africa (EI) consumed how much of coal in terms of TWh?",35.77 TWh
"In 2005, Eastern Africa (EI) consumed how much of coal in terms of TWh?",32.95 TWh
"In 2006, Eastern Africa (EI) consumed how much of coal in terms of TWh?",26.85 TWh
"In 2007, Eastern Africa (EI) consumed how much of coal in terms of TWh?",27.80 TWh
"In 2008, Eastern Africa (EI) consumed how much of coal in terms of TWh?",20.63 TWh
"In 2009, Eastern Africa (EI) consumed how much of coal in terms of TWh?",23.62 TWh
"In 2010, Eastern Africa (EI) consumed how much of coal in terms of TWh?",32.08 TWh
"In 2011, Eastern Africa (EI) consumed how much of coal in terms of TWh?",35.10 TWh
"In 2012, Eastern Africa (EI) consumed how much of coal in terms of TWh?",29.29 TWh
"In 2013, Eastern Africa (EI) consumed how much of coal in terms of TWh?",44.38 TWh
"In 2014, Eastern Africa (EI) consumed how much of coal in terms of TWh?",67.12 TWh
"In 2015, Eastern Africa (EI) consumed how much of coal in terms of TWh?",57.54 TWh
"In 2016, Eastern Africa (EI) consumed how much of coal in terms of TWh?",45.43 TWh
"In 2017, Eastern Africa (EI) consumed how much of coal in terms of TWh?",55.36 TWh
"In 2018, Eastern Africa (EI) consumed how much of coal in terms of TWh?",61.86 TWh
"In 2019, Eastern Africa (EI) consumed how much of coal in terms of TWh?",51.06 TWh
"In 2020, Eastern Africa (EI) consumed how much of coal in terms of TWh?",50.19 TWh
"In 2021, Eastern Africa (EI) consumed how much of coal in terms of TWh?",55.52 TWh
"In 2022, Eastern Africa (EI) consumed how much of coal in terms of TWh?",60.95 TWh
"In 2023, Eastern Africa (EI) consumed how much of coal in terms of TWh?",68.01 TWh
"In 1990, Ecuador consumed how much of coal in terms of TWh?",0.00 TWh
"In 1991, Ecuador consumed how much of coal in terms of TWh?",0.01 TWh
"In 1992, Ecuador consumed how much of coal in terms of TWh?",0.00 TWh
"In 1993, Ecuador consumed how much of coal in terms of TWh?",0.00 TWh
"In 1994, Ecuador consumed how much of coal in terms of TWh?",0.00 TWh
"In 1995, Ecuador consumed how much of coal in terms of TWh?",0.00 TWh
"In 1996, Ecuador consumed how much of coal in terms of TWh?",0.00 TWh
"In 1997, Ecuador consumed how much of coal in terms of TWh?",0.01 TWh
"In 1998, Ecuador consumed how much of coal in terms of TWh?",0.01 TWh
"In 1999, Ecuador consumed how much of coal in terms of TWh?",0.01 TWh
"In 2000, Ecuador consumed how much of coal in terms of TWh?",0.02 TWh
"In 2001, Ecuador consumed how much of coal in terms of TWh?",0.02 TWh
"In 2002, Ecuador consumed how much of coal in terms of TWh?",0.02 TWh
"In 2003, Ecuador consumed how much of coal in terms of TWh?",0.88 TWh
"In 2004, Ecuador consumed how much of coal in terms of TWh?",0.02 TWh
"In 2005, Ecuador consumed how much of coal in terms of TWh?",0.02 TWh
"In 2006, Ecuador consumed how much of coal in terms of TWh?",0.06 TWh
"In 2007, Ecuador consumed how much of coal in terms of TWh?",0.03 TWh
"In 2008, Ecuador consumed how much of coal in terms of TWh?",0.29 TWh
"In 2009, Ecuador consumed how much of coal in terms of TWh?",0.07 TWh
"In 2010, Ecuador consumed how much of coal in terms of TWh?",0.12 TWh
"In 2011, Ecuador consumed how much of coal in terms of TWh?",0.11 TWh
"In 2012, Ecuador consumed how much of coal in terms of TWh?",0.13 TWh
"In 2013, Ecuador consumed how much of coal in terms of TWh?",0.15 TWh
"In 2014, Ecuador consumed how much of coal in terms of TWh?",0.14 TWh
"In 2015, Ecuador consumed how much of coal in terms of TWh?",0.15 TWh
"In 2016, Ecuador consumed how much of coal in terms of TWh?",0.09 TWh
"In 2017, Ecuador consumed how much of coal in terms of TWh?",0.09 TWh
"In 2018, Ecuador consumed how much of coal in terms of TWh?",0.32 TWh
"In 2019, Ecuador consumed how much of coal in terms of TWh?",0.10 TWh
"In 2020, Ecuador consumed how much of coal in terms of TWh?",0.28 TWh
"In 2021, Ecuador consumed how much of coal in terms of TWh?",0.55 TWh
"In 2022, Ecuador consumed how much of coal in terms of TWh?",0.80 TWh
"In 2023, Ecuador consumed how much of coal in terms of TWh?",0.69 TWh
"In 1965, Egypt consumed how much of coal in terms of TWh?",4.69 TWh
"In 1966, Egypt consumed how much of coal in terms of TWh?",3.19 TWh
"In 1967, Egypt consumed how much of coal in terms of TWh?",4.91 TWh
"In 1968, Egypt consumed how much of coal in terms of TWh?",5.11 TWh
"In 1969, Egypt consumed how much of coal in terms of TWh?",5.51 TWh
"In 1970, Egypt consumed how much of coal in terms of TWh?",5.08 TWh
"In 1971, Egypt consumed how much of coal in terms of TWh?",4.17 TWh
"In 1972, Egypt consumed how much of coal in terms of TWh?",3.69 TWh
"In 1973, Egypt consumed how much of coal in terms of TWh?",3.21 TWh
"In 1974, Egypt consumed how much of coal in terms of TWh?",5.61 TWh
"In 1975, Egypt consumed how much of coal in terms of TWh?",6.71 TWh
"In 1976, Egypt consumed how much of coal in terms of TWh?",6.56 TWh
"In 1977, Egypt consumed how much of coal in terms of TWh?",7.48 TWh
"In 1978, Egypt consumed how much of coal in terms of TWh?",7.17 TWh
"In 1979, Egypt consumed how much of coal in terms of TWh?",7.95 TWh
"In 1980, Egypt consumed how much of coal in terms of TWh?",6.40 TWh
"In 1981, Egypt consumed how much of coal in terms of TWh?",8.25 TWh
"In 1982, Egypt consumed how much of coal in terms of TWh?",8.53 TWh
"In 1983, Egypt consumed how much of coal in terms of TWh?",8.09 TWh
"In 1984, Egypt consumed how much of coal in terms of TWh?",8.20 TWh
"In 1985, Egypt consumed how much of coal in terms of TWh?",8.66 TWh
"In 1986, Egypt consumed how much of coal in terms of TWh?",8.71 TWh
"In 1987, Egypt consumed how much of coal in terms of TWh?",9.21 TWh
"In 1988, Egypt consumed how much of coal in terms of TWh?",10.07 TWh
"In 1989, Egypt consumed how much of coal in terms of TWh?",10.30 TWh
"In 1990, Egypt consumed how much of coal in terms of TWh?",8.83 TWh
"In 1991, Egypt consumed how much of coal in terms of TWh?",9.09 TWh
"In 1992, Egypt consumed how much of coal in terms of TWh?",9.31 TWh
"In 1993, Egypt consumed how much of coal in terms of TWh?",11.21 TWh
"In 1994, Egypt consumed how much of coal in terms of TWh?",12.07 TWh
"In 1995, Egypt consumed how much of coal in terms of TWh?",8.07 TWh
"In 1996, Egypt consumed how much of coal in terms of TWh?",11.10 TWh
"In 1997, Egypt consumed how much of coal in terms of TWh?",9.39 TWh
"In 1998, Egypt consumed how much of coal in terms of TWh?",9.24 TWh
"In 1999, Egypt consumed how much of coal in terms of TWh?",8.40 TWh
"In 2000, Egypt consumed how much of coal in terms of TWh?",10.11 TWh
"In 2001, Egypt consumed how much of coal in terms of TWh?",8.89 TWh
"In 2002, Egypt consumed how much of coal in terms of TWh?",9.54 TWh
"In 2003, Egypt consumed how much of coal in terms of TWh?",9.89 TWh
"In 2004, Egypt consumed how much of coal in terms of TWh?",10.11 TWh
"In 2005, Egypt consumed how much of coal in terms of TWh?",9.89 TWh
"In 2006, Egypt consumed how much of coal in terms of TWh?",9.90 TWh
"In 2007, Egypt consumed how much of coal in terms of TWh?",9.00 TWh
"In 2008, Egypt consumed how much of coal in terms of TWh?",8.10 TWh
"In 2009, Egypt consumed how much of coal in terms of TWh?",7.20 TWh
"In 2010, Egypt consumed how much of coal in terms of TWh?",5.40 TWh
"In 2011, Egypt consumed how much of coal in terms of TWh?",5.13 TWh
"In 2012, Egypt consumed how much of coal in terms of TWh?",4.54 TWh
"In 2013, Egypt consumed how much of coal in terms of TWh?",4.49 TWh
"In 2014, Egypt consumed how much of coal in terms of TWh?",4.52 TWh
"In 2015, Egypt consumed how much of coal in terms of TWh?",9.32 TWh
"In 2016, Egypt consumed how much of coal in terms of TWh?",14.17 TWh
"In 2017, Egypt consumed how much of coal in terms of TWh?",13.95 TWh
"In 2018, Egypt consumed how much of coal in terms of TWh?",25.39 TWh
"In 2019, Egypt consumed how much of coal in terms of TWh?",22.94 TWh
"In 2020, Egypt consumed how much of coal in terms of TWh?",8.73 TWh
"In 2021, Egypt consumed how much of coal in terms of TWh?",14.11 TWh
"In 2022, Egypt consumed how much of coal in terms of TWh?",12.24 TWh
"In 2023, Egypt consumed how much of coal in terms of TWh?",13.92 TWh
"In 1985, Estonia consumed how much of coal in terms of TWh?",67.52 TWh
"In 1986, Estonia consumed how much of coal in terms of TWh?",68.34 TWh
"In 1987, Estonia consumed how much of coal in terms of TWh?",68.93 TWh
"In 1988, Estonia consumed how much of coal in terms of TWh?",65.75 TWh
"In 1989, Estonia consumed how much of coal in terms of TWh?",68.07 TWh
"In 1990, Estonia consumed how much of coal in terms of TWh?",72.03 TWh
"In 1991, Estonia consumed how much of coal in terms of TWh?",66.06 TWh
"In 1992, Estonia consumed how much of coal in terms of TWh?",53.37 TWh
"In 1993, Estonia consumed how much of coal in terms of TWh?",42.68 TWh
"In 1994, Estonia consumed how much of coal in terms of TWh?",43.68 TWh
"In 1995, Estonia consumed how much of coal in terms of TWh?",40.51 TWh
"In 1996, Estonia consumed how much of coal in terms of TWh?",42.44 TWh
"In 1997, Estonia consumed how much of coal in terms of TWh?",41.95 TWh
"In 1998, Estonia consumed how much of coal in terms of TWh?",35.55 TWh
"In 1999, Estonia consumed how much of coal in terms of TWh?",32.17 TWh
"In 2000, Estonia consumed how much of coal in terms of TWh?",34.28 TWh
"In 2001, Estonia consumed how much of coal in terms of TWh?",34.07 TWh
"In 2002, Estonia consumed how much of coal in terms of TWh?",33.31 TWh
"In 2003, Estonia consumed how much of coal in terms of TWh?",38.57 TWh
"In 2004, Estonia consumed how much of coal in terms of TWh?",38.47 TWh
"In 2005, Estonia consumed how much of coal in terms of TWh?",38.09 TWh
"In 2006, Estonia consumed how much of coal in terms of TWh?",36.39 TWh
"In 2007, Estonia consumed how much of coal in terms of TWh?",45.28 TWh
"In 2008, Estonia consumed how much of coal in terms of TWh?",40.48 TWh
"In 2009, Estonia consumed how much of coal in terms of TWh?",34.98 TWh
"In 2010, Estonia consumed how much of coal in terms of TWh?",46.82 TWh
"In 2011, Estonia consumed how much of coal in terms of TWh?",47.39 TWh
"In 2012, Estonia consumed how much of coal in terms of TWh?",43.55 TWh
"In 2013, Estonia consumed how much of coal in terms of TWh?",48.43 TWh
"In 2014, Estonia consumed how much of coal in terms of TWh?",47.36 TWh
"In 2015, Estonia consumed how much of coal in terms of TWh?",41.97 TWh
"In 2016, Estonia consumed how much of coal in terms of TWh?",44.06 TWh
"In 2017, Estonia consumed how much of coal in terms of TWh?",50.30 TWh
"In 2018, Estonia consumed how much of coal in terms of TWh?",49.15 TWh
"In 2019, Estonia consumed how much of coal in terms of TWh?",35.80 TWh
"In 2020, Estonia consumed how much of coal in terms of TWh?",29.11 TWh
"In 2021, Estonia consumed how much of coal in terms of TWh?",31.76 TWh
"In 2022, Estonia consumed how much of coal in terms of TWh?",34.26 TWh
"In 2023, Estonia consumed how much of coal in terms of TWh?",27.52 TWh
"In 1965, Europe consumed how much of coal in terms of TWh?",9548.79 TWh
"In 1966, Europe consumed how much of coal in terms of TWh?",9420.78 TWh
"In 1967, Europe consumed how much of coal in terms of TWh?",9291.55 TWh
"In 1968, Europe consumed how much of coal in terms of TWh?",9340.80 TWh
"In 1969, Europe consumed how much of coal in terms of TWh?",9481.04 TWh
"In 1970, Europe consumed how much of coal in terms of TWh?",9329.97 TWh
"In 1971, Europe consumed how much of coal in terms of TWh?",9149.11 TWh
"In 1972, Europe consumed how much of coal in terms of TWh?",9051.47 TWh
"In 1973, Europe consumed how much of coal in terms of TWh?",9181.22 TWh
"In 1974, Europe consumed how much of coal in terms of TWh?",9144.45 TWh
"In 1975, Europe consumed how much of coal in terms of TWh?",9133.58 TWh
"In 1976, Europe consumed how much of coal in terms of TWh?",9361.90 TWh
"In 1977, Europe consumed how much of coal in terms of TWh?",9432.45 TWh
"In 1978, Europe consumed how much of coal in terms of TWh?",9490.76 TWh
"In 1979, Europe consumed how much of coal in terms of TWh?",9756.86 TWh
"In 1980, Europe consumed how much of coal in terms of TWh?",9750.40 TWh
"In 1981, Europe consumed how much of coal in terms of TWh?",9612.25 TWh
"In 1982, Europe consumed how much of coal in terms of TWh?",9695.90 TWh
"In 1983, Europe consumed how much of coal in terms of TWh?",9772.31 TWh
"In 1984, Europe consumed how much of coal in terms of TWh?",9714.77 TWh
"In 1985, Europe consumed how much of coal in terms of TWh?",9438.53 TWh
"In 1986, Europe consumed how much of coal in terms of TWh?",9425.00 TWh
"In 1987, Europe consumed how much of coal in terms of TWh?",9519.90 TWh
"In 1988, Europe consumed how much of coal in terms of TWh?",9342.77 TWh
"In 1989, Europe consumed how much of coal in terms of TWh?",9155.61 TWh
"In 1990, Europe consumed how much of coal in terms of TWh?",8633.65 TWh
"In 1991, Europe consumed how much of coal in terms of TWh?",8057.40 TWh
"In 1992, Europe consumed how much of coal in terms of TWh?",7567.02 TWh
"In 1993, Europe consumed how much of coal in terms of TWh?",7006.56 TWh
"In 1994, Europe consumed how much of coal in terms of TWh?",6479.11 TWh
"In 1995, Europe consumed how much of coal in terms of TWh?",6366.58 TWh
"In 1996, Europe consumed how much of coal in terms of TWh?",6171.31 TWh
"In 1997, Europe consumed how much of coal in terms of TWh?",5902.96 TWh
"In 1998, Europe consumed how much of coal in terms of TWh?",5678.00 TWh
"In 1999, Europe consumed how much of coal in terms of TWh?",5441.98 TWh
"In 2000, Europe consumed how much of coal in terms of TWh?",5587.14 TWh
"In 2001, Europe consumed how much of coal in terms of TWh?",5552.03 TWh
"In 2002, Europe consumed how much of coal in terms of TWh?",5550.80 TWh
"In 2003, Europe consumed how much of coal in terms of TWh?",5721.25 TWh
"In 2004, Europe consumed how much of coal in terms of TWh?",5584.34 TWh
"In 2005, Europe consumed how much of coal in terms of TWh?",5411.26 TWh
"In 2006, Europe consumed how much of coal in terms of TWh?",5605.00 TWh
"In 2007, Europe consumed how much of coal in terms of TWh?",5597.71 TWh
"In 2008, Europe consumed how much of coal in terms of TWh?",5399.30 TWh
"In 2009, Europe consumed how much of coal in terms of TWh?",4798.30 TWh
"In 2010, Europe consumed how much of coal in terms of TWh?",4955.16 TWh
"In 2011, Europe consumed how much of coal in terms of TWh?",5149.18 TWh
"In 2012, Europe consumed how much of coal in terms of TWh?",5274.97 TWh
"In 2013, Europe consumed how much of coal in terms of TWh?",5101.38 TWh
"In 2014, Europe consumed how much of coal in terms of TWh?",4741.00 TWh
"In 2015, Europe consumed how much of coal in terms of TWh?",4632.70 TWh
"In 2016, Europe consumed how much of coal in terms of TWh?",4418.06 TWh
"In 2017, Europe consumed how much of coal in terms of TWh?",4218.98 TWh
"In 2018, Europe consumed how much of coal in terms of TWh?",4152.72 TWh
"In 2019, Europe consumed how much of coal in terms of TWh?",3592.22 TWh
"In 2020, Europe consumed how much of coal in terms of TWh?",3109.99 TWh
"In 2021, Europe consumed how much of coal in terms of TWh?",3377.88 TWh
"In 2022, Europe consumed how much of coal in terms of TWh?",3372.65 TWh
"In 2023, Europe consumed how much of coal in terms of TWh?",2950.04 TWh
"In 1965, Europe (EI) consumed how much of coal in terms of TWh?",6132.29 TWh
"In 1966, Europe (EI) consumed how much of coal in terms of TWh?",5883.05 TWh
"In 1967, Europe (EI) consumed how much of coal in terms of TWh?",5692.93 TWh
"In 1968, Europe (EI) consumed how much of coal in terms of TWh?",5777.59 TWh
"In 1969, Europe (EI) consumed how much of coal in terms of TWh?",5852.05 TWh
"In 1970, Europe (EI) consumed how much of coal in terms of TWh?",5753.42 TWh
"In 1971, Europe (EI) consumed how much of coal in terms of TWh?",5500.67 TWh
"In 1972, Europe (EI) consumed how much of coal in terms of TWh?",5307.85 TWh
"In 1973, Europe (EI) consumed how much of coal in terms of TWh?",5393.85 TWh
"In 1974, Europe (EI) consumed how much of coal in terms of TWh?",5343.69 TWh
"In 1975, Europe (EI) consumed how much of coal in terms of TWh?",5225.29 TWh
"In 1976, Europe (EI) consumed how much of coal in terms of TWh?",5461.29 TWh
"In 1977, Europe (EI) consumed how much of coal in terms of TWh?",5462.66 TWh
"In 1978, Europe (EI) consumed how much of coal in terms of TWh?",5546.53 TWh
"In 1979, Europe (EI) consumed how much of coal in terms of TWh?",5785.41 TWh
"In 1980, Europe (EI) consumed how much of coal in terms of TWh?",5906.71 TWh
"In 1981, Europe (EI) consumed how much of coal in terms of TWh?",5795.17 TWh
"In 1982, Europe (EI) consumed how much of coal in terms of TWh?",5829.35 TWh
"In 1983, Europe (EI) consumed how much of coal in terms of TWh?",5905.01 TWh
"In 1984, Europe (EI) consumed how much of coal in terms of TWh?",5897.69 TWh
"In 1985, Europe (EI) consumed how much of coal in terms of TWh?",7248.31 TWh
"In 1986, Europe (EI) consumed how much of coal in terms of TWh?",7183.79 TWh
"In 1987, Europe (EI) consumed how much of coal in terms of TWh?",7251.86 TWh
"In 1988, Europe (EI) consumed how much of coal in terms of TWh?",7102.95 TWh
"In 1989, Europe (EI) consumed how much of coal in terms of TWh?",7014.32 TWh
"In 1990, Europe (EI) consumed how much of coal in terms of TWh?",6675.25 TWh
"In 1991, Europe (EI) consumed how much of coal in terms of TWh?",6290.28 TWh
"In 1992, Europe (EI) consumed how much of coal in terms of TWh?",5920.30 TWh
"In 1993, Europe (EI) consumed how much of coal in terms of TWh?",5525.60 TWh
"In 1994, Europe (EI) consumed how much of coal in terms of TWh?",5210.38 TWh
"In 1995, Europe (EI) consumed how much of coal in terms of TWh?",5159.50 TWh
"In 1996, Europe (EI) consumed how much of coal in terms of TWh?",5011.59 TWh
"In 1997, Europe (EI) consumed how much of coal in terms of TWh?",4874.05 TWh
"In 1998, Europe (EI) consumed how much of coal in terms of TWh?",4739.76 TWh
"In 1999, Europe (EI) consumed how much of coal in terms of TWh?",4477.33 TWh
"In 2000, Europe (EI) consumed how much of coal in terms of TWh?",4606.73 TWh
"In 2001, Europe (EI) consumed how much of coal in terms of TWh?",4558.42 TWh
"In 2002, Europe (EI) consumed how much of coal in terms of TWh?",4562.16 TWh
"In 2003, Europe (EI) consumed how much of coal in terms of TWh?",4743.55 TWh
"In 2004, Europe (EI) consumed how much of coal in terms of TWh?",4672.22 TWh
"In 2005, Europe (EI) consumed how much of coal in terms of TWh?",4561.06 TWh
"In 2006, Europe (EI) consumed how much of coal in terms of TWh?",4773.83 TWh
"In 2007, Europe (EI) consumed how much of coal in terms of TWh?",4840.05 TWh
"In 2008, Europe (EI) consumed how much of coal in terms of TWh?",4564.61 TWh
"In 2009, Europe (EI) consumed how much of coal in terms of TWh?",4078.72 TWh
"In 2010, Europe (EI) consumed how much of coal in terms of TWh?",4260.60 TWh
"In 2011, Europe (EI) consumed how much of coal in terms of TWh?",4440.84 TWh
"In 2012, Europe (EI) consumed how much of coal in terms of TWh?",4545.58 TWh
"In 2013, Europe (EI) consumed how much of coal in terms of TWh?",4406.08 TWh
"In 2014, Europe (EI) consumed how much of coal in terms of TWh?",4133.02 TWh
"In 2015, Europe (EI) consumed how much of coal in terms of TWh?",3956.75 TWh
"In 2016, Europe (EI) consumed how much of coal in terms of TWh?",3817.87 TWh
"In 2017, Europe (EI) consumed how much of coal in terms of TWh?",3691.99 TWh
"In 2018, Europe (EI) consumed how much of coal in terms of TWh?",3605.40 TWh
"In 2019, Europe (EI) consumed how much of coal in terms of TWh?",3073.52 TWh
"In 2020, Europe (EI) consumed how much of coal in terms of TWh?",2658.39 TWh
"In 2021, Europe (EI) consumed how much of coal in terms of TWh?",2898.62 TWh
"In 2022, Europe (EI) consumed how much of coal in terms of TWh?",2783.38 TWh
"In 2023, Europe (EI) consumed how much of coal in terms of TWh?",2331.91 TWh
"In 1965, European Union (27) consumed how much of coal in terms of TWh?",4595.19 TWh
"In 1966, European Union (27) consumed how much of coal in terms of TWh?",4412.74 TWh
"In 1967, European Union (27) consumed how much of coal in terms of TWh?",4328.08 TWh
"In 1968, European Union (27) consumed how much of coal in terms of TWh?",4404.67 TWh
"In 1969, European Union (27) consumed how much of coal in terms of TWh?",4508.30 TWh
"In 1970, European Union (27) consumed how much of coal in terms of TWh?",4468.19 TWh
"In 1971, European Union (27) consumed how much of coal in terms of TWh?",4333.80 TWh
"In 1972, European Union (27) consumed how much of coal in terms of TWh?",4262.09 TWh
"In 1973, European Union (27) consumed how much of coal in terms of TWh?",4268.85 TWh
"In 1974, European Union (27) consumed how much of coal in terms of TWh?",4321.77 TWh
"In 1975, European Union (27) consumed how much of coal in terms of TWh?",4189.54 TWh
"In 1976, European Union (27) consumed how much of coal in terms of TWh?",4400.52 TWh
"In 1977, European Union (27) consumed how much of coal in terms of TWh?",4398.20 TWh
"In 1978, European Union (27) consumed how much of coal in terms of TWh?",4489.83 TWh
"In 1979, European Union (27) consumed how much of coal in terms of TWh?",4647.92 TWh
"In 1980, European Union (27) consumed how much of coal in terms of TWh?",4833.15 TWh
"In 1981, European Union (27) consumed how much of coal in terms of TWh?",4700.72 TWh
"In 1982, European Union (27) consumed how much of coal in terms of TWh?",4775.55 TWh
"In 1983, European Union (27) consumed how much of coal in terms of TWh?",4811.51 TWh
"In 1984, European Union (27) consumed how much of coal in terms of TWh?",4994.54 TWh
"In 1985, European Union (27) consumed how much of coal in terms of TWh?",5135.27 TWh
"In 1986, European Union (27) consumed how much of coal in terms of TWh?",5002.71 TWh
"In 1987, European Union (27) consumed how much of coal in terms of TWh?",5059.94 TWh
"In 1988, European Union (27) consumed how much of coal in terms of TWh?",4994.17 TWh
"In 1989, European Union (27) consumed how much of coal in terms of TWh?",5006.14 TWh
"In 1990, European Union (27) consumed how much of coal in terms of TWh?",4555.97 TWh
"In 1991, European Union (27) consumed how much of coal in terms of TWh?",4294.48 TWh
"In 1992, European Union (27) consumed how much of coal in terms of TWh?",3993.79 TWh
"In 1993, European Union (27) consumed how much of coal in terms of TWh?",3810.97 TWh
"In 1994, European Union (27) consumed how much of coal in terms of TWh?",3725.08 TWh
"In 1995, European Union (27) consumed how much of coal in terms of TWh?",3684.14 TWh
"In 1996, European Union (27) consumed how much of coal in terms of TWh?",3690.34 TWh
"In 1997, European Union (27) consumed how much of coal in terms of TWh?",3579.91 TWh
"In 1998, European Union (27) consumed how much of coal in terms of TWh?",3418.24 TWh
"In 1999, European Union (27) consumed how much of coal in terms of TWh?",3256.57 TWh
"In 2000, European Union (27) consumed how much of coal in terms of TWh?",3300.33 TWh
"In 2001, European Union (27) consumed how much of coal in terms of TWh?",3285.36 TWh
"In 2002, European Union (27) consumed how much of coal in terms of TWh?",3309.55 TWh
"In 2003, European Union (27) consumed how much of coal in terms of TWh?",3422.20 TWh
"In 2004, European Union (27) consumed how much of coal in terms of TWh?",3363.68 TWh
"In 2005, European Union (27) consumed how much of coal in terms of TWh?",3252.98 TWh
"In 2006, European Union (27) consumed how much of coal in terms of TWh?",3340.09 TWh
"In 2007, European Union (27) consumed how much of coal in terms of TWh?",3373.18 TWh
"In 2008, European Union (27) consumed how much of coal in terms of TWh?",3126.79 TWh
"In 2009, European Union (27) consumed how much of coal in terms of TWh?",2769.58 TWh
"In 2010, European Union (27) consumed how much of coal in terms of TWh?",2906.55 TWh
"In 2011, European Union (27) consumed how much of coal in terms of TWh?",2994.76 TWh
"In 2012, European Union (27) consumed how much of coal in terms of TWh?",2980.90 TWh
"In 2013, European Union (27) consumed how much of coal in terms of TWh?",2927.20 TWh
"In 2014, European Union (27) consumed how much of coal in terms of TWh?",2782.88 TWh
"In 2015, European Union (27) consumed how much of coal in terms of TWh?",2774.73 TWh
"In 2016, European Union (27) consumed how much of coal in terms of TWh?",2663.56 TWh
"In 2017, European Union (27) consumed how much of coal in terms of TWh?",2631.02 TWh
"In 2018, European Union (27) consumed how much of coal in terms of TWh?",2522.22 TWh
"In 2019, European Union (27) consumed how much of coal in terms of TWh?",2031.94 TWh
"In 2020, European Union (27) consumed how much of coal in terms of TWh?",1674.70 TWh
"In 2021, European Union (27) consumed how much of coal in terms of TWh?",1912.54 TWh
"In 2022, European Union (27) consumed how much of coal in terms of TWh?",1912.70 TWh
"In 2023, European Union (27) consumed how much of coal in terms of TWh?",1523.17 TWh
"In 1965, Finland consumed how much of coal in terms of TWh?",20.26 TWh
"In 1966, Finland consumed how much of coal in terms of TWh?",18.80 TWh
"In 1967, Finland consumed how much of coal in terms of TWh?",18.09 TWh
"In 1968, Finland consumed how much of coal in terms of TWh?",21.79 TWh
"In 1969, Finland consumed how much of coal in terms of TWh?",26.14 TWh
"In 1970, Finland consumed how much of coal in terms of TWh?",26.57 TWh
"In 1971, Finland consumed how much of coal in terms of TWh?",23.58 TWh
"In 1972, Finland consumed how much of coal in terms of TWh?",26.16 TWh
"In 1973, Finland consumed how much of coal in terms of TWh?",29.03 TWh
"In 1974, Finland consumed how much of coal in terms of TWh?",29.59 TWh
"In 1975, Finland consumed how much of coal in terms of TWh?",26.80 TWh
"In 1976, Finland consumed how much of coal in terms of TWh?",36.12 TWh
"In 1977, Finland consumed how much of coal in terms of TWh?",36.42 TWh
"In 1978, Finland consumed how much of coal in terms of TWh?",49.09 TWh
"In 1979, Finland consumed how much of coal in terms of TWh?",47.31 TWh
"In 1980, Finland consumed how much of coal in terms of TWh?",53.69 TWh
"In 1981, Finland consumed how much of coal in terms of TWh?",32.99 TWh
"In 1982, Finland consumed how much of coal in terms of TWh?",36.60 TWh
"In 1983, Finland consumed how much of coal in terms of TWh?",39.75 TWh
"In 1984, Finland consumed how much of coal in terms of TWh?",45.78 TWh
"In 1985, Finland consumed how much of coal in terms of TWh?",58.03 TWh
"In 1986, Finland consumed how much of coal in terms of TWh?",53.06 TWh
"In 1987, Finland consumed how much of coal in terms of TWh?",59.43 TWh
"In 1988, Finland consumed how much of coal in terms of TWh?",59.50 TWh
"In 1989, Finland consumed how much of coal in terms of TWh?",58.21 TWh
"In 1990, Finland consumed how much of coal in terms of TWh?",61.29 TWh
"In 1991, Finland consumed how much of coal in terms of TWh?",61.21 TWh
"In 1992, Finland consumed how much of coal in terms of TWh?",55.71 TWh
"In 1993, Finland consumed how much of coal in terms of TWh?",63.69 TWh
"In 1994, Finland consumed how much of coal in terms of TWh?",77.56 TWh
"In 1995, Finland consumed how much of coal in terms of TWh?",68.60 TWh
"In 1996, Finland consumed how much of coal in terms of TWh?",81.75 TWh
"In 1997, Finland consumed how much of coal in terms of TWh?",77.43 TWh
"In 1998, Finland consumed how much of coal in terms of TWh?",63.54 TWh
"In 1999, Finland consumed how much of coal in terms of TWh?",61.57 TWh
"In 2000, Finland consumed how much of coal in terms of TWh?",58.33 TWh
"In 2001, Finland consumed how much of coal in terms of TWh?",70.49 TWh
"In 2002, Finland consumed how much of coal in terms of TWh?",76.59 TWh
"In 2003, Finland consumed how much of coal in terms of TWh?",95.59 TWh
"In 2004, Finland consumed how much of coal in terms of TWh?",85.88 TWh
"In 2005, Finland consumed how much of coal in terms of TWh?",55.17 TWh
"In 2006, Finland consumed how much of coal in terms of TWh?",86.15 TWh
"In 2007, Finland consumed how much of coal in terms of TWh?",81.35 TWh
"In 2008, Finland consumed how much of coal in terms of TWh?",62.04 TWh
"In 2009, Finland consumed how much of coal in terms of TWh?",62.49 TWh
"In 2010, Finland consumed how much of coal in terms of TWh?",78.92 TWh
"In 2011, Finland consumed how much of coal in terms of TWh?",64.12 TWh
"In 2012, Finland consumed how much of coal in terms of TWh?",52.50 TWh
"In 2013, Finland consumed how much of coal in terms of TWh?",58.04 TWh
"In 2014, Finland consumed how much of coal in terms of TWh?",52.02 TWh
"In 2015, Finland consumed how much of coal in terms of TWh?",44.41 TWh
"In 2016, Finland consumed how much of coal in terms of TWh?",50.92 TWh
"In 2017, Finland consumed how much of coal in terms of TWh?",46.65 TWh
"In 2018, Finland consumed how much of coal in terms of TWh?",48.88 TWh
"In 2019, Finland consumed how much of coal in terms of TWh?",41.05 TWh
"In 2020, Finland consumed how much of coal in terms of TWh?",31.43 TWh
"In 2021, Finland consumed how much of coal in terms of TWh?",33.98 TWh
"In 2022, Finland consumed how much of coal in terms of TWh?",33.26 TWh
"In 2023, Finland consumed how much of coal in terms of TWh?",24.58 TWh
"In 1965, France consumed how much of coal in terms of TWh?",518.65 TWh
"In 1966, France consumed how much of coal in terms of TWh?",481.15 TWh
"In 1967, France consumed how much of coal in terms of TWh?",474.75 TWh
"In 1968, France consumed how much of coal in terms of TWh?",455.16 TWh
"In 1969, France consumed how much of coal in terms of TWh?",454.98 TWh
"In 1970, France consumed how much of coal in terms of TWh?",431.57 TWh
"In 1971, France consumed how much of coal in terms of TWh?",390.05 TWh
"In 1972, France consumed how much of coal in terms of TWh?",342.51 TWh
"In 1973, France consumed how much of coal in terms of TWh?",340.76 TWh
"In 1974, France consumed how much of coal in terms of TWh?",343.39 TWh
"In 1975, France consumed how much of coal in terms of TWh?",309.34 TWh
"In 1976, France consumed how much of coal in terms of TWh?",350.43 TWh
"In 1977, France consumed how much of coal in terms of TWh?",352.74 TWh
"In 1978, France consumed how much of coal in terms of TWh?",350.37 TWh
"In 1979, France consumed how much of coal in terms of TWh?",377.14 TWh
"In 1980, France consumed how much of coal in terms of TWh?",382.54 TWh
"In 1981, France consumed how much of coal in terms of TWh?",338.61 TWh
"In 1982, France consumed how much of coal in terms of TWh?",347.71 TWh
"In 1983, France consumed how much of coal in terms of TWh?",310.26 TWh
"In 1984, France consumed how much of coal in terms of TWh?",299.62 TWh
"In 1985, France consumed how much of coal in terms of TWh?",292.57 TWh
"In 1986, France consumed how much of coal in terms of TWh?",240.25 TWh
"In 1987, France consumed how much of coal in terms of TWh?",229.47 TWh
"In 1988, France consumed how much of coal in terms of TWh?",224.36 TWh
"In 1989, France consumed how much of coal in terms of TWh?",242.28 TWh
"In 1990, France consumed how much of coal in terms of TWh?",230.42 TWh
"In 1991, France consumed how much of coal in terms of TWh?",244.25 TWh
"In 1992, France consumed how much of coal in terms of TWh?",216.21 TWh
"In 1993, France consumed how much of coal in terms of TWh?",170.37 TWh
"In 1994, France consumed how much of coal in terms of TWh?",168.88 TWh
"In 1995, France consumed how much of coal in terms of TWh?",179.89 TWh
"In 1996, France consumed how much of coal in terms of TWh?",189.07 TWh
"In 1997, France consumed how much of coal in terms of TWh?",166.22 TWh
"In 1998, France consumed how much of coal in terms of TWh?",196.86 TWh
"In 1999, France consumed how much of coal in terms of TWh?",176.52 TWh
"In 2000, France consumed how much of coal in terms of TWh?",171.16 TWh
"In 2001, France consumed how much of coal in terms of TWh?",144.04 TWh
"In 2002, France consumed how much of coal in terms of TWh?",154.59 TWh
"In 2003, France consumed how much of coal in terms of TWh?",163.81 TWh
"In 2004, France consumed how much of coal in terms of TWh?",157.70 TWh
"In 2005, France consumed how much of coal in terms of TWh?",162.72 TWh
"In 2006, France consumed how much of coal in terms of TWh?",150.38 TWh
"In 2007, France consumed how much of coal in terms of TWh?",155.56 TWh
"In 2008, France consumed how much of coal in terms of TWh?",147.44 TWh
"In 2009, France consumed how much of coal in terms of TWh?",128.60 TWh
"In 2010, France consumed how much of coal in terms of TWh?",138.15 TWh
"In 2011, France consumed how much of coal in terms of TWh?",123.75 TWh
"In 2012, France consumed how much of coal in terms of TWh?",137.55 TWh
"In 2013, France consumed how much of coal in terms of TWh?",146.10 TWh
"In 2014, France consumed how much of coal in terms of TWh?",107.21 TWh
"In 2015, France consumed how much of coal in terms of TWh?",102.28 TWh
"In 2016, France consumed how much of coal in terms of TWh?",99.51 TWh
"In 2017, France consumed how much of coal in terms of TWh?",109.05 TWh
"In 2018, France consumed how much of coal in terms of TWh?",100.20 TWh
"In 2019, France consumed how much of coal in terms of TWh?",79.42 TWh
"In 2020, France consumed how much of coal in terms of TWh?",55.98 TWh
"In 2021, France consumed how much of coal in terms of TWh?",75.04 TWh
"In 2022, France consumed how much of coal in terms of TWh?",64.42 TWh
"In 2023, France consumed how much of coal in terms of TWh?",49.38 TWh
"In 1965, Germany consumed how much of coal in terms of TWh?",1869.48 TWh
"In 1966, Germany consumed how much of coal in terms of TWh?",1745.34 TWh
"In 1967, Germany consumed how much of coal in terms of TWh?",1681.30 TWh
"In 1968, Germany consumed how much of coal in terms of TWh?",1705.44 TWh
"In 1969, Germany consumed how much of coal in terms of TWh?",1755.96 TWh
"In 1970, Germany consumed how much of coal in terms of TWh?",1734.00 TWh
"In 1971, Germany consumed how much of coal in terms of TWh?",1659.38 TWh
"In 1972, Germany consumed how much of coal in terms of TWh?",1619.86 TWh
"In 1973, Germany consumed how much of coal in terms of TWh?",1625.13 TWh
"In 1974, Germany consumed how much of coal in terms of TWh?",1632.12 TWh
"In 1975, Germany consumed how much of coal in terms of TWh?",1478.57 TWh
"In 1976, Germany consumed how much of coal in terms of TWh?",1560.84 TWh
"In 1977, Germany consumed how much of coal in terms of TWh?",1499.00 TWh
"In 1978, Germany consumed how much of coal in terms of TWh?",1518.48 TWh
"In 1979, Germany consumed how much of coal in terms of TWh?",1606.78 TWh
"In 1980, Germany consumed how much of coal in terms of TWh?",1643.76 TWh
"In 1981, Germany consumed how much of coal in terms of TWh?",1671.31 TWh
"In 1982, Germany consumed how much of coal in terms of TWh?",1631.48 TWh
"In 1983, Germany consumed how much of coal in terms of TWh?",1690.97 TWh
"In 1984, Germany consumed how much of coal in terms of TWh?",1745.24 TWh
"In 1985, Germany consumed how much of coal in terms of TWh?",1736.00 TWh
"In 1986, Germany consumed how much of coal in terms of TWh?",1640.38 TWh
"In 1987, Germany consumed how much of coal in terms of TWh?",1633.63 TWh
"In 1988, Germany consumed how much of coal in terms of TWh?",1614.40 TWh
"In 1989, Germany consumed how much of coal in terms of TWh?",1640.10 TWh
"In 1990, Germany consumed how much of coal in terms of TWh?",1529.69 TWh
"In 1991, Germany consumed how much of coal in terms of TWh?",1343.60 TWh
"In 1992, Germany consumed how much of coal in terms of TWh?",1214.50 TWh
"In 1993, Germany consumed how much of coal in terms of TWh?",1145.77 TWh
"In 1994, Germany consumed how much of coal in terms of TWh?",1111.45 TWh
"In 1995, Germany consumed how much of coal in terms of TWh?",1053.94 TWh
"In 1996, Germany consumed how much of coal in terms of TWh?",1049.40 TWh
"In 1997, Germany consumed how much of coal in terms of TWh?",1016.82 TWh
"In 1998, Germany consumed how much of coal in terms of TWh?",992.51 TWh
"In 1999, Germany consumed how much of coal in terms of TWh?",955.58 TWh
"In 2000, Germany consumed how much of coal in terms of TWh?",992.10 TWh
"In 2001, Germany consumed how much of coal in terms of TWh?",994.94 TWh
"In 2002, Germany consumed how much of coal in terms of TWh?",997.15 TWh
"In 2003, Germany consumed how much of coal in terms of TWh?",1013.62 TWh
"In 2004, Germany consumed how much of coal in terms of TWh?",988.11 TWh
"In 2005, Germany consumed how much of coal in terms of TWh?",945.39 TWh
"In 2006, Germany consumed how much of coal in terms of TWh?",983.31 TWh
"In 2007, Germany consumed how much of coal in terms of TWh?",1008.29 TWh
"In 2008, Germany consumed how much of coal in terms of TWh?",931.81 TWh
"In 2009, Germany consumed how much of coal in terms of TWh?",834.29 TWh
"In 2010, Germany consumed how much of coal in terms of TWh?",896.17 TWh
"In 2011, Germany consumed how much of coal in terms of TWh?",910.79 TWh
"In 2012, Germany consumed how much of coal in terms of TWh?",936.07 TWh
"In 2013, Germany consumed how much of coal in terms of TWh?",963.40 TWh
"In 2014, Germany consumed how much of coal in terms of TWh?",925.89 TWh
"In 2015, Germany consumed how much of coal in terms of TWh?",915.06 TWh
"In 2016, Germany consumed how much of coal in terms of TWh?",889.93 TWh
"In 2017, Germany consumed how much of coal in terms of TWh?",835.93 TWh
"In 2018, Germany consumed how much of coal in terms of TWh?",806.69 TWh
"In 2019, Germany consumed how much of coal in terms of TWh?",624.22 TWh
"In 2020, Germany consumed how much of coal in terms of TWh?",514.87 TWh
"In 2021, Germany consumed how much of coal in terms of TWh?",621.93 TWh
"In 2022, Germany consumed how much of coal in terms of TWh?",641.76 TWh
"In 2023, Germany consumed how much of coal in terms of TWh?",507.22 TWh
"In 1965, Greece consumed how much of coal in terms of TWh?",24.50 TWh
"In 1966, Greece consumed how much of coal in terms of TWh?",24.46 TWh
"In 1967, Greece consumed how much of coal in terms of TWh?",23.38 TWh
"In 1968, Greece consumed how much of coal in terms of TWh?",26.40 TWh
"In 1969, Greece consumed how much of coal in terms of TWh?",25.55 TWh
"In 1970, Greece consumed how much of coal in terms of TWh?",29.40 TWh
"In 1971, Greece consumed how much of coal in terms of TWh?",43.33 TWh
"In 1972, Greece consumed how much of coal in terms of TWh?",46.29 TWh
"In 1973, Greece consumed how much of coal in terms of TWh?",54.44 TWh
"In 1974, Greece consumed how much of coal in terms of TWh?",57.34 TWh
"In 1975, Greece consumed how much of coal in terms of TWh?",75.08 TWh
"In 1976, Greece consumed how much of coal in terms of TWh?",88.73 TWh
"In 1977, Greece consumed how much of coal in terms of TWh?",94.37 TWh
"In 1978, Greece consumed how much of coal in terms of TWh?",83.91 TWh
"In 1979, Greece consumed how much of coal in terms of TWh?",46.07 TWh
"In 1980, Greece consumed how much of coal in terms of TWh?",46.07 TWh
"In 1981, Greece consumed how much of coal in terms of TWh?",45.60 TWh
"In 1982, Greece consumed how much of coal in terms of TWh?",46.30 TWh
"In 1983, Greece consumed how much of coal in terms of TWh?",56.78 TWh
"In 1984, Greece consumed how much of coal in terms of TWh?",60.63 TWh
"In 1985, Greece consumed how much of coal in terms of TWh?",70.30 TWh
"In 1986, Greece consumed how much of coal in terms of TWh?",67.09 TWh
"In 1987, Greece consumed how much of coal in terms of TWh?",76.60 TWh
"In 1988, Greece consumed how much of coal in terms of TWh?",85.97 TWh
"In 1989, Greece consumed how much of coal in terms of TWh?",92.42 TWh
"In 1990, Greece consumed how much of coal in terms of TWh?",93.73 TWh
"In 1991, Greece consumed how much of coal in terms of TWh?",90.17 TWh
"In 1992, Greece consumed how much of coal in terms of TWh?",94.09 TWh
"In 1993, Greece consumed how much of coal in terms of TWh?",94.05 TWh
"In 1994, Greece consumed how much of coal in terms of TWh?",94.25 TWh
"In 1995, Greece consumed how much of coal in terms of TWh?",93.93 TWh
"In 1996, Greece consumed how much of coal in terms of TWh?",91.38 TWh
"In 1997, Greece consumed how much of coal in terms of TWh?",98.41 TWh
"In 1998, Greece consumed how much of coal in terms of TWh?",102.95 TWh
"In 1999, Greece consumed how much of coal in terms of TWh?",99.03 TWh
"In 2000, Greece consumed how much of coal in terms of TWh?",104.95 TWh
"In 2001, Greece consumed how much of coal in terms of TWh?",108.48 TWh
"In 2002, Greece consumed how much of coal in terms of TWh?",104.37 TWh
"In 2003, Greece consumed how much of coal in terms of TWh?",104.93 TWh
"In 2004, Greece consumed how much of coal in terms of TWh?",107.56 TWh
"In 2005, Greece consumed how much of coal in terms of TWh?",106.10 TWh
"In 2006, Greece consumed how much of coal in terms of TWh?",97.71 TWh
"In 2007, Greece consumed how much of coal in terms of TWh?",103.02 TWh
"In 2008, Greece consumed how much of coal in terms of TWh?",96.97 TWh
"In 2009, Greece consumed how much of coal in terms of TWh?",98.01 TWh
"In 2010, Greece consumed how much of coal in terms of TWh?",91.51 TWh
"In 2011, Greece consumed how much of coal in terms of TWh?",91.85 TWh
"In 2012, Greece consumed how much of coal in terms of TWh?",94.66 TWh
"In 2013, Greece consumed how much of coal in terms of TWh?",81.26 TWh
"In 2014, Greece consumed how much of coal in terms of TWh?",78.10 TWh
"In 2015, Greece consumed how much of coal in terms of TWh?",65.44 TWh
"In 2016, Greece consumed how much of coal in terms of TWh?",50.69 TWh
"In 2017, Greece consumed how much of coal in terms of TWh?",55.78 TWh
"In 2018, Greece consumed how much of coal in terms of TWh?",54.77 TWh
"In 2019, Greece consumed how much of coal in terms of TWh?",37.18 TWh
"In 2020, Greece consumed how much of coal in terms of TWh?",21.29 TWh
"In 2021, Greece consumed how much of coal in terms of TWh?",19.91 TWh
"In 2022, Greece consumed how much of coal in terms of TWh?",18.44 TWh
"In 2023, Greece consumed how much of coal in terms of TWh?",13.22 TWh
"In 1965, High-income countries consumed how much of coal in terms of TWh?",10213.81 TWh
"In 1966, High-income countries consumed how much of coal in terms of TWh?",10164.79 TWh
"In 1967, High-income countries consumed how much of coal in terms of TWh?",9982.27 TWh
"In 1968, High-income countries consumed how much of coal in terms of TWh?",10205.06 TWh
"In 1969, High-income countries consumed how much of coal in terms of TWh?",10339.09 TWh
"In 1970, High-income countries consumed how much of coal in terms of TWh?",10183.49 TWh
"In 1971, High-income countries consumed how much of coal in terms of TWh?",9656.14 TWh
"In 1972, High-income countries consumed how much of coal in terms of TWh?",9575.31 TWh
"In 1973, High-income countries consumed how much of coal in terms of TWh?",9972.13 TWh
"In 1974, High-income countries consumed how much of coal in terms of TWh?",9885.53 TWh
"In 1975, High-income countries consumed how much of coal in terms of TWh?",9709.86 TWh
"In 1976, High-income countries consumed how much of coal in terms of TWh?",10238.64 TWh
"In 1977, High-income countries consumed how much of coal in terms of TWh?",10380.76 TWh
"In 1978, High-income countries consumed how much of coal in terms of TWh?",10305.87 TWh
"In 1979, High-income countries consumed how much of coal in terms of TWh?",10949.10 TWh
"In 1980, High-income countries consumed how much of coal in terms of TWh?",11347.74 TWh
"In 1981, High-income countries consumed how much of coal in terms of TWh?",11462.74 TWh
"In 1982, High-income countries consumed how much of coal in terms of TWh?",11317.28 TWh
"In 1983, High-income countries consumed how much of coal in terms of TWh?",11574.25 TWh
"In 1984, High-income countries consumed how much of coal in terms of TWh?",12067.57 TWh
"In 1985, High-income countries consumed how much of coal in terms of TWh?",12570.02 TWh
"In 1986, High-income countries consumed how much of coal in terms of TWh?",12419.34 TWh
"In 1987, High-income countries consumed how much of coal in terms of TWh?",12779.47 TWh
"In 1988, High-income countries consumed how much of coal in terms of TWh?",13088.22 TWh
"In 1989, High-income countries consumed how much of coal in terms of TWh?",13161.98 TWh
"In 1990, High-income countries consumed how much of coal in terms of TWh?",12775.54 TWh
"In 1991, High-income countries consumed how much of coal in terms of TWh?",12479.12 TWh
"In 1992, High-income countries consumed how much of coal in terms of TWh?",12180.41 TWh
"In 1993, High-income countries consumed how much of coal in terms of TWh?",12145.61 TWh
"In 1994, High-income countries consumed how much of coal in terms of TWh?",12114.41 TWh
"In 1995, High-income countries consumed how much of coal in terms of TWh?",12190.30 TWh
"In 1996, High-income countries consumed how much of coal in terms of TWh?",12548.66 TWh
"In 1997, High-income countries consumed how much of coal in terms of TWh?",12634.14 TWh
"In 1998, High-income countries consumed how much of coal in terms of TWh?",12567.42 TWh
"In 1999, High-income countries consumed how much of coal in terms of TWh?",12461.75 TWh
"In 2000, High-income countries consumed how much of coal in terms of TWh?",13012.02 TWh
"In 2001, High-income countries consumed how much of coal in terms of TWh?",12944.90 TWh
"In 2002, High-income countries consumed how much of coal in terms of TWh?",13077.01 TWh
"In 2003, High-income countries consumed how much of coal in terms of TWh?",13447.40 TWh
"In 2004, High-income countries consumed how much of coal in terms of TWh?",13502.94 TWh
"In 2005, High-income countries consumed how much of coal in terms of TWh?",13582.55 TWh
"In 2006, High-income countries consumed how much of coal in terms of TWh?",13644.68 TWh
"In 2007, High-income countries consumed how much of coal in terms of TWh?",13864.53 TWh
"In 2008, High-income countries consumed how much of coal in terms of TWh?",13593.35 TWh
"In 2009, High-income countries consumed how much of coal in terms of TWh?",12117.37 TWh
"In 2010, High-income countries consumed how much of coal in terms of TWh?",12829.68 TWh
"In 2011, High-income countries consumed how much of coal in terms of TWh?",12587.43 TWh
"In 2012, High-income countries consumed how much of coal in terms of TWh?",12056.58 TWh
"In 2013, High-income countries consumed how much of coal in terms of TWh?",12225.18 TWh
"In 2014, High-income countries consumed how much of coal in terms of TWh?",11981.90 TWh
"In 2015, High-income countries consumed how much of coal in terms of TWh?",11204.15 TWh
"In 2016, High-income countries consumed how much of coal in terms of TWh?",10544.78 TWh
"In 2017, High-income countries consumed how much of coal in terms of TWh?",10446.46 TWh
"In 2018, High-income countries consumed how much of coal in terms of TWh?",10079.24 TWh
"In 2019, High-income countries consumed how much of coal in terms of TWh?",8905.42 TWh
"In 2020, High-income countries consumed how much of coal in terms of TWh?",7625.43 TWh
"In 2021, High-income countries consumed how much of coal in terms of TWh?",8353.42 TWh
"In 2022, High-income countries consumed how much of coal in terms of TWh?",8002.69 TWh
"In 2023, High-income countries consumed how much of coal in terms of TWh?",6938.51 TWh
"In 1965, Hong Kong consumed how much of coal in terms of TWh?",1.43 TWh
"In 1966, Hong Kong consumed how much of coal in terms of TWh?",1.23 TWh
"In 1967, Hong Kong consumed how much of coal in terms of TWh?",0.99 TWh
"In 1968, Hong Kong consumed how much of coal in terms of TWh?",0.71 TWh
"In 1969, Hong Kong consumed how much of coal in terms of TWh?",0.42 TWh
"In 1970, Hong Kong consumed how much of coal in terms of TWh?",0.24 TWh
"In 1971, Hong Kong consumed how much of coal in terms of TWh?",0.31 TWh
"In 1972, Hong Kong consumed how much of coal in terms of TWh?",0.15 TWh
"In 1973, Hong Kong consumed how much of coal in terms of TWh?",0.08 TWh
"In 1974, Hong Kong consumed how much of coal in terms of TWh?",0.08 TWh
"In 1975, Hong Kong consumed how much of coal in terms of TWh?",0.07 TWh
"In 1976, Hong Kong consumed how much of coal in terms of TWh?",0.09 TWh
"In 1977, Hong Kong consumed how much of coal in terms of TWh?",0.08 TWh
"In 1978, Hong Kong consumed how much of coal in terms of TWh?",0.06 TWh
"In 1979, Hong Kong consumed how much of coal in terms of TWh?",0.05 TWh
"In 1980, Hong Kong consumed how much of coal in terms of TWh?",0.02 TWh
"In 1981, Hong Kong consumed how much of coal in terms of TWh?",0.41 TWh
"In 1982, Hong Kong consumed how much of coal in terms of TWh?",10.41 TWh
"In 1983, Hong Kong consumed how much of coal in terms of TWh?",24.45 TWh
"In 1984, Hong Kong consumed how much of coal in terms of TWh?",31.91 TWh
"In 1985, Hong Kong consumed how much of coal in terms of TWh?",39.51 TWh
"In 1986, Hong Kong consumed how much of coal in terms of TWh?",45.72 TWh
"In 1987, Hong Kong consumed how much of coal in terms of TWh?",57.29 TWh
"In 1988, Hong Kong consumed how much of coal in terms of TWh?",66.28 TWh
"In 1989, Hong Kong consumed how much of coal in terms of TWh?",71.01 TWh
"In 1990, Hong Kong consumed how much of coal in terms of TWh?",63.87 TWh
"In 1991, Hong Kong consumed how much of coal in terms of TWh?",68.92 TWh
"In 1992, Hong Kong consumed how much of coal in terms of TWh?",73.06 TWh
"In 1993, Hong Kong consumed how much of coal in terms of TWh?",84.61 TWh
"In 1994, Hong Kong consumed how much of coal in terms of TWh?",60.44 TWh
"In 1995, Hong Kong consumed how much of coal in terms of TWh?",65.15 TWh
"In 1996, Hong Kong consumed how much of coal in terms of TWh?",48.42 TWh
"In 1997, Hong Kong consumed how much of coal in terms of TWh?",40.86 TWh
"In 1998, Hong Kong consumed how much of coal in terms of TWh?",50.79 TWh
"In 1999, Hong Kong consumed how much of coal in terms of TWh?",43.41 TWh
"In 2000, Hong Kong consumed how much of coal in terms of TWh?",50.45 TWh
"In 2001, Hong Kong consumed how much of coal in terms of TWh?",79.69 TWh
"In 2002, Hong Kong consumed how much of coal in terms of TWh?",61.99 TWh
"In 2003, Hong Kong consumed how much of coal in terms of TWh?",78.62 TWh
"In 2004, Hong Kong consumed how much of coal in terms of TWh?",73.41 TWh
"In 2005, Hong Kong consumed how much of coal in terms of TWh?",79.86 TWh
"In 2006, Hong Kong consumed how much of coal in terms of TWh?",79.73 TWh
"In 2007, Hong Kong consumed how much of coal in terms of TWh?",87.00 TWh
"In 2008, Hong Kong consumed how much of coal in terms of TWh?",79.72 TWh
"In 2009, Hong Kong consumed how much of coal in terms of TWh?",83.25 TWh
"In 2010, Hong Kong consumed how much of coal in terms of TWh?",72.42 TWh
"In 2011, Hong Kong consumed how much of coal in terms of TWh?",86.15 TWh
"In 2012, Hong Kong consumed how much of coal in terms of TWh?",84.80 TWh
"In 2013, Hong Kong consumed how much of coal in terms of TWh?",90.38 TWh
"In 2014, Hong Kong consumed how much of coal in terms of TWh?",94.73 TWh
"In 2015, Hong Kong consumed how much of coal in terms of TWh?",77.90 TWh
"In 2016, Hong Kong consumed how much of coal in terms of TWh?",77.90 TWh
"In 2017, Hong Kong consumed how much of coal in terms of TWh?",72.97 TWh
"In 2018, Hong Kong consumed how much of coal in terms of TWh?",74.94 TWh
"In 2019, Hong Kong consumed how much of coal in terms of TWh?",71.77 TWh
"In 2020, Hong Kong consumed how much of coal in terms of TWh?",38.23 TWh
"In 2021, Hong Kong consumed how much of coal in terms of TWh?",42.46 TWh
"In 2022, Hong Kong consumed how much of coal in terms of TWh?",41.77 TWh
"In 2023, Hong Kong consumed how much of coal in terms of TWh?",40.81 TWh
"In 1965, Hungary consumed how much of coal in terms of TWh?",126.88 TWh
"In 1966, Hungary consumed how much of coal in terms of TWh?",121.68 TWh
"In 1967, Hungary consumed how much of coal in terms of TWh?",105.57 TWh
"In 1968, Hungary consumed how much of coal in terms of TWh?",104.19 TWh
"In 1969, Hungary consumed how much of coal in terms of TWh?",105.75 TWh
"In 1970, Hungary consumed how much of coal in terms of TWh?",107.47 TWh
"In 1971, Hungary consumed how much of coal in terms of TWh?",104.03 TWh
"In 1972, Hungary consumed how much of coal in terms of TWh?",101.10 TWh
"In 1973, Hungary consumed how much of coal in terms of TWh?",101.62 TWh
"In 1974, Hungary consumed how much of coal in terms of TWh?",96.92 TWh
"In 1975, Hungary consumed how much of coal in terms of TWh?",92.34 TWh
"In 1976, Hungary consumed how much of coal in terms of TWh?",93.56 TWh
"In 1977, Hungary consumed how much of coal in terms of TWh?",95.17 TWh
"In 1978, Hungary consumed how much of coal in terms of TWh?",95.08 TWh
"In 1979, Hungary consumed how much of coal in terms of TWh?",95.81 TWh
"In 1980, Hungary consumed how much of coal in terms of TWh?",93.95 TWh
"In 1981, Hungary consumed how much of coal in terms of TWh?",94.40 TWh
"In 1982, Hungary consumed how much of coal in terms of TWh?",98.42 TWh
"In 1983, Hungary consumed how much of coal in terms of TWh?",92.53 TWh
"In 1984, Hungary consumed how much of coal in terms of TWh?",90.04 TWh
"In 1985, Hungary consumed how much of coal in terms of TWh?",88.43 TWh
"In 1986, Hungary consumed how much of coal in terms of TWh?",87.40 TWh
"In 1987, Hungary consumed how much of coal in terms of TWh?",87.35 TWh
"In 1988, Hungary consumed how much of coal in terms of TWh?",82.42 TWh
"In 1989, Hungary consumed how much of coal in terms of TWh?",73.83 TWh
"In 1990, Hungary consumed how much of coal in terms of TWh?",71.61 TWh
"In 1991, Hungary consumed how much of coal in terms of TWh?",66.68 TWh
"In 1992, Hungary consumed how much of coal in terms of TWh?",60.13 TWh
"In 1993, Hungary consumed how much of coal in terms of TWh?",54.17 TWh
"In 1994, Hungary consumed how much of coal in terms of TWh?",51.39 TWh
"In 1995, Hungary consumed how much of coal in terms of TWh?",50.55 TWh
"In 1996, Hungary consumed how much of coal in terms of TWh?",49.92 TWh
"In 1997, Hungary consumed how much of coal in terms of TWh?",47.68 TWh
"In 1998, Hungary consumed how much of coal in terms of TWh?",46.27 TWh
"In 1999, Hungary consumed how much of coal in terms of TWh?",48.17 TWh
"In 2000, Hungary consumed how much of coal in terms of TWh?",44.99 TWh
"In 2001, Hungary consumed how much of coal in terms of TWh?",42.75 TWh
"In 2002, Hungary consumed how much of coal in terms of TWh?",41.25 TWh
"In 2003, Hungary consumed how much of coal in terms of TWh?",42.21 TWh
"In 2004, Hungary consumed how much of coal in terms of TWh?",40.02 TWh
"In 2005, Hungary consumed how much of coal in terms of TWh?",35.59 TWh
"In 2006, Hungary consumed how much of coal in terms of TWh?",35.73 TWh
"In 2007, Hungary consumed how much of coal in terms of TWh?",36.33 TWh
"In 2008, Hungary consumed how much of coal in terms of TWh?",35.29 TWh
"In 2009, Hungary consumed how much of coal in terms of TWh?",29.72 TWh
"In 2010, Hungary consumed how much of coal in terms of TWh?",31.31 TWh
"In 2011, Hungary consumed how much of coal in terms of TWh?",31.55 TWh
"In 2012, Hungary consumed how much of coal in terms of TWh?",30.35 TWh
"In 2013, Hungary consumed how much of coal in terms of TWh?",26.58 TWh
"In 2014, Hungary consumed how much of coal in terms of TWh?",26.27 TWh
"In 2015, Hungary consumed how much of coal in terms of TWh?",27.23 TWh
"In 2016, Hungary consumed how much of coal in terms of TWh?",25.51 TWh
"In 2017, Hungary consumed how much of coal in terms of TWh?",26.14 TWh
"In 2018, Hungary consumed how much of coal in terms of TWh?",24.70 TWh
"In 2019, Hungary consumed how much of coal in terms of TWh?",21.39 TWh
"In 2020, Hungary consumed how much of coal in terms of TWh?",19.59 TWh
"In 2021, Hungary consumed how much of coal in terms of TWh?",15.94 TWh
"In 2022, Hungary consumed how much of coal in terms of TWh?",14.47 TWh
"In 2023, Hungary consumed how much of coal in terms of TWh?",10.10 TWh
"In 1965, Iceland consumed how much of coal in terms of TWh?",0.08 TWh
"In 1966, Iceland consumed how much of coal in terms of TWh?",0.06 TWh
"In 1967, Iceland consumed how much of coal in terms of TWh?",0.04 TWh
"In 1968, Iceland consumed how much of coal in terms of TWh?",0.03 TWh
"In 1969, Iceland consumed how much of coal in terms of TWh?",0.02 TWh
"In 1970, Iceland consumed how much of coal in terms of TWh?",0.02 TWh
"In 1971, Iceland consumed how much of coal in terms of TWh?",0.01 TWh
"In 1972, Iceland consumed how much of coal in terms of TWh?",0.01 TWh
"In 1973, Iceland consumed how much of coal in terms of TWh?",0.01 TWh
"In 1974, Iceland consumed how much of coal in terms of TWh?",0.00 TWh
"In 1975, Iceland consumed how much of coal in terms of TWh?",0.00 TWh
"In 1976, Iceland consumed how much of coal in terms of TWh?",0.00 TWh
"In 1977, Iceland consumed how much of coal in terms of TWh?",0.00 TWh
"In 1978, Iceland consumed how much of coal in terms of TWh?",0.00 TWh
"In 1979, Iceland consumed how much of coal in terms of TWh?",0.18 TWh
"In 1980, Iceland consumed how much of coal in terms of TWh?",0.24 TWh
"In 1981, Iceland consumed how much of coal in terms of TWh?",0.42 TWh
"In 1982, Iceland consumed how much of coal in terms of TWh?",0.39 TWh
"In 1983, Iceland consumed how much of coal in terms of TWh?",0.55 TWh
"In 1984, Iceland consumed how much of coal in terms of TWh?",0.77 TWh
"In 1985, Iceland consumed how much of coal in terms of TWh?",0.82 TWh
"In 1986, Iceland consumed how much of coal in terms of TWh?",0.92 TWh
"In 1987, Iceland consumed how much of coal in terms of TWh?",0.74 TWh
"In 1988, Iceland consumed how much of coal in terms of TWh?",0.74 TWh
"In 1989, Iceland consumed how much of coal in terms of TWh?",0.79 TWh
"In 1990, Iceland consumed how much of coal in terms of TWh?",0.76 TWh
"In 1991, Iceland consumed how much of coal in terms of TWh?",0.78 TWh
"In 1992, Iceland consumed how much of coal in terms of TWh?",0.61 TWh
"In 1993, Iceland consumed how much of coal in terms of TWh?",0.63 TWh
"In 1994, Iceland consumed how much of coal in terms of TWh?",0.63 TWh
"In 1995, Iceland consumed how much of coal in terms of TWh?",0.74 TWh
"In 1996, Iceland consumed how much of coal in terms of TWh?",0.73 TWh
"In 1997, Iceland consumed how much of coal in terms of TWh?",0.76 TWh
"In 1998, Iceland consumed how much of coal in terms of TWh?",0.68 TWh
"In 1999, Iceland consumed how much of coal in terms of TWh?",0.80 TWh
"In 2000, Iceland consumed how much of coal in terms of TWh?",1.10 TWh
"In 2001, Iceland consumed how much of coal in terms of TWh?",1.19 TWh
"In 2002, Iceland consumed how much of coal in terms of TWh?",1.19 TWh
"In 2003, Iceland consumed how much of coal in terms of TWh?",1.17 TWh
"In 2004, Iceland consumed how much of coal in terms of TWh?",1.22 TWh
"In 2005, Iceland consumed how much of coal in terms of TWh?",1.17 TWh
"In 2006, Iceland consumed how much of coal in terms of TWh?",1.19 TWh
"In 2007, Iceland consumed how much of coal in terms of TWh?",1.28 TWh
"In 2008, Iceland consumed how much of coal in terms of TWh?",1.11 TWh
"In 2009, Iceland consumed how much of coal in terms of TWh?",1.03 TWh
"In 2010, Iceland consumed how much of coal in terms of TWh?",1.08 TWh
"In 2011, Iceland consumed how much of coal in terms of TWh?",1.08 TWh
"In 2012, Iceland consumed how much of coal in terms of TWh?",1.11 TWh
"In 2013, Iceland consumed how much of coal in terms of TWh?",1.27 TWh
"In 2014, Iceland consumed how much of coal in terms of TWh?",1.04 TWh
"In 2015, Iceland consumed how much of coal in terms of TWh?",1.16 TWh
"In 2016, Iceland consumed how much of coal in terms of TWh?",1.34 TWh
"In 2017, Iceland consumed how much of coal in terms of TWh?",1.33 TWh
"In 2018, Iceland consumed how much of coal in terms of TWh?",1.33 TWh
"In 2019, Iceland consumed how much of coal in terms of TWh?",1.31 TWh
"In 2020, Iceland consumed how much of coal in terms of TWh?",0.96 TWh
"In 2021, Iceland consumed how much of coal in terms of TWh?",1.36 TWh
"In 2022, Iceland consumed how much of coal in terms of TWh?",1.35 TWh
"In 2023, Iceland consumed how much of coal in terms of TWh?",0.97 TWh
"In 1965, India consumed how much of coal in terms of TWh?",413.41 TWh
"In 1966, India consumed how much of coal in terms of TWh?",412.42 TWh
"In 1967, India consumed how much of coal in terms of TWh?",419.29 TWh
"In 1968, India consumed how much of coal in terms of TWh?",433.82 TWh
"In 1969, India consumed how much of coal in terms of TWh?",460.84 TWh
"In 1970, India consumed how much of coal in terms of TWh?",436.81 TWh
"In 1971, India consumed how much of coal in terms of TWh?",442.87 TWh
"In 1972, India consumed how much of coal in terms of TWh?",467.68 TWh
"In 1973, India consumed how much of coal in terms of TWh?",461.45 TWh
"In 1974, India consumed how much of coal in terms of TWh?",520.86 TWh
"In 1975, India consumed how much of coal in terms of TWh?",559.91 TWh
"In 1976, India consumed how much of coal in terms of TWh?",583.03 TWh
"In 1977, India consumed how much of coal in terms of TWh?",610.35 TWh
"In 1978, India consumed how much of coal in terms of TWh?",590.66 TWh
"In 1979, India consumed how much of coal in terms of TWh?",627.49 TWh
"In 1980, India consumed how much of coal in terms of TWh?",659.57 TWh
"In 1981, India consumed how much of coal in terms of TWh?",742.14 TWh
"In 1982, India consumed how much of coal in terms of TWh?",733.90 TWh
"In 1983, India consumed how much of coal in terms of TWh?",779.05 TWh
"In 1984, India consumed how much of coal in terms of TWh?",818.31 TWh
"In 1985, India consumed how much of coal in terms of TWh?",857.40 TWh
"In 1986, India consumed how much of coal in terms of TWh?",921.24 TWh
"In 1987, India consumed how much of coal in terms of TWh?",1011.63 TWh
"In 1988, India consumed how much of coal in terms of TWh?",1085.56 TWh
"In 1989, India consumed how much of coal in terms of TWh?",1179.94 TWh
"In 1990, India consumed how much of coal in terms of TWh?",1276.03 TWh
"In 1991, India consumed how much of coal in terms of TWh?",1357.88 TWh
"In 1992, India consumed how much of coal in terms of TWh?",1438.26 TWh
"In 1993, India consumed how much of coal in terms of TWh?",1489.63 TWh
"In 1994, India consumed how much of coal in terms of TWh?",1537.29 TWh
"In 1995, India consumed how much of coal in terms of TWh?",1631.61 TWh
"In 1996, India consumed how much of coal in terms of TWh?",1678.48 TWh
"In 1997, India consumed how much of coal in terms of TWh?",1755.36 TWh
"In 1998, India consumed how much of coal in terms of TWh?",1813.66 TWh
"In 1999, India consumed how much of coal in terms of TWh?",1796.67 TWh
"In 2000, India consumed how much of coal in terms of TWh?",1911.17 TWh
"In 2001, India consumed how much of coal in terms of TWh?",1926.95 TWh
"In 2002, India consumed how much of coal in terms of TWh?",2012.79 TWh
"In 2003, India consumed how much of coal in terms of TWh?",2107.98 TWh
"In 2004, India consumed how much of coal in terms of TWh?",2243.53 TWh
"In 2005, India consumed how much of coal in terms of TWh?",2456.11 TWh
"In 2006, India consumed how much of coal in terms of TWh?",2549.86 TWh
"In 2007, India consumed how much of coal in terms of TWh?",2790.27 TWh
"In 2008, India consumed how much of coal in terms of TWh?",3020.76 TWh
"In 2009, India consumed how much of coal in terms of TWh?",3268.27 TWh
"In 2010, India consumed how much of coal in terms of TWh?",3348.55 TWh
"In 2011, India consumed how much of coal in terms of TWh?",3478.86 TWh
"In 2012, India consumed how much of coal in terms of TWh?",3787.82 TWh
"In 2013, India consumed how much of coal in terms of TWh?",4009.73 TWh
"In 2014, India consumed how much of coal in terms of TWh?",4401.07 TWh
"In 2015, India consumed how much of coal in terms of TWh?",4490.47 TWh
"In 2016, India consumed how much of coal in terms of TWh?",4587.69 TWh
"In 2017, India consumed how much of coal in terms of TWh?",4737.16 TWh
"In 2018, India consumed how much of coal in terms of TWh?",4981.60 TWh
"In 2019, India consumed how much of coal in terms of TWh?",4989.02 TWh
"In 2020, India consumed how much of coal in terms of TWh?",4714.67 TWh
"In 2021, India consumed how much of coal in terms of TWh?",5352.79 TWh
"In 2022, India consumed how much of coal in terms of TWh?",5562.66 TWh
"In 2023, India consumed how much of coal in terms of TWh?",6105.90 TWh
"In 1965, Indonesia consumed how much of coal in terms of TWh?",1.50 TWh
"In 1966, Indonesia consumed how much of coal in terms of TWh?",1.84 TWh
"In 1967, Indonesia consumed how much of coal in terms of TWh?",1.29 TWh
"In 1968, Indonesia consumed how much of coal in terms of TWh?",0.97 TWh
"In 1969, Indonesia consumed how much of coal in terms of TWh?",1.16 TWh
"In 1970, Indonesia consumed how much of coal in terms of TWh?",1.01 TWh
"In 1971, Indonesia consumed how much of coal in terms of TWh?",1.16 TWh
"In 1972, Indonesia consumed how much of coal in terms of TWh?",1.16 TWh
"In 1973, Indonesia consumed how much of coal in terms of TWh?",0.78 TWh
"In 1974, Indonesia consumed how much of coal in terms of TWh?",0.85 TWh
"In 1975, Indonesia consumed how much of coal in terms of TWh?",1.08 TWh
"In 1976, Indonesia consumed how much of coal in terms of TWh?",1.08 TWh
"In 1977, Indonesia consumed how much of coal in terms of TWh?",1.16 TWh
"In 1978, Indonesia consumed how much of coal in terms of TWh?",1.55 TWh
"In 1979, Indonesia consumed how much of coal in terms of TWh?",2.33 TWh
"In 1980, Indonesia consumed how much of coal in terms of TWh?",2.94 TWh
"In 1981, Indonesia consumed how much of coal in terms of TWh?",3.14 TWh
"In 1982, Indonesia consumed how much of coal in terms of TWh?",2.97 TWh
"In 1983, Indonesia consumed how much of coal in terms of TWh?",2.97 TWh
"In 1984, Indonesia consumed how much of coal in terms of TWh?",3.11 TWh
"In 1985, Indonesia consumed how much of coal in terms of TWh?",10.47 TWh
"In 1986, Indonesia consumed how much of coal in terms of TWh?",16.82 TWh
"In 1987, Indonesia consumed how much of coal in terms of TWh?",26.37 TWh
"In 1988, Indonesia consumed how much of coal in terms of TWh?",27.54 TWh
"In 1989, Indonesia consumed how much of coal in terms of TWh?",41.33 TWh
"In 1990, Indonesia consumed how much of coal in terms of TWh?",39.79 TWh
"In 1991, Indonesia consumed how much of coal in terms of TWh?",40.27 TWh
"In 1992, Indonesia consumed how much of coal in terms of TWh?",49.15 TWh
"In 1993, Indonesia consumed how much of coal in terms of TWh?",57.30 TWh
"In 1994, Indonesia consumed how much of coal in terms of TWh?",57.32 TWh
"In 1995, Indonesia consumed how much of coal in terms of TWh?",63.08 TWh
"In 1996, Indonesia consumed how much of coal in terms of TWh?",75.19 TWh
"In 1997, Indonesia consumed how much of coal in terms of TWh?",92.73 TWh
"In 1998, Indonesia consumed how much of coal in terms of TWh?",99.51 TWh
"In 1999, Indonesia consumed how much of coal in terms of TWh?",136.96 TWh
"In 2000, Indonesia consumed how much of coal in terms of TWh?",153.07 TWh
"In 2001, Indonesia consumed how much of coal in terms of TWh?",194.33 TWh
"In 2002, Indonesia consumed how much of coal in terms of TWh?",200.46 TWh
"In 2003, Indonesia consumed how much of coal in terms of TWh?",269.09 TWh
"In 2004, Indonesia consumed how much of coal in terms of TWh?",247.38 TWh
"In 2005, Indonesia consumed how much of coal in terms of TWh?",283.75 TWh
"In 2006, Indonesia consumed how much of coal in terms of TWh?",330.79 TWh
"In 2007, Indonesia consumed how much of coal in terms of TWh?",417.33 TWh
"In 2008, Indonesia consumed how much of coal in terms of TWh?",366.07 TWh
"In 2009, Indonesia consumed how much of coal in terms of TWh?",378.32 TWh
"In 2010, Indonesia consumed how much of coal in terms of TWh?",429.62 TWh
"In 2011, Indonesia consumed how much of coal in terms of TWh?",496.27 TWh
"In 2012, Indonesia consumed how much of coal in terms of TWh?",505.71 TWh
"In 2013, Indonesia consumed how much of coal in terms of TWh?",440.76 TWh
"In 2014, Indonesia consumed how much of coal in terms of TWh?",469.07 TWh
"In 2015, Indonesia consumed how much of coal in terms of TWh?",532.27 TWh
"In 2016, Indonesia consumed how much of coal in terms of TWh?",544.32 TWh
"In 2017, Indonesia consumed how much of coal in terms of TWh?",566.11 TWh
"In 2018, Indonesia consumed how much of coal in terms of TWh?",655.73 TWh
"In 2019, Indonesia consumed how much of coal in terms of TWh?",801.23 TWh
"In 2020, Indonesia consumed how much of coal in terms of TWh?",765.38 TWh
"In 2021, Indonesia consumed how much of coal in terms of TWh?",763.23 TWh
"In 2022, Indonesia consumed how much of coal in terms of TWh?",1216.51 TWh
"In 2023, Indonesia consumed how much of coal in terms of TWh?",1199.91 TWh
"In 1965, Iran consumed how much of coal in terms of TWh?",2.45 TWh
"In 1966, Iran consumed how much of coal in terms of TWh?",2.70 TWh
"In 1967, Iran consumed how much of coal in terms of TWh?",2.98 TWh
"In 1968, Iran consumed how much of coal in terms of TWh?",3.28 TWh
"In 1969, Iran consumed how much of coal in terms of TWh?",3.62 TWh
"In 1970, Iran consumed how much of coal in terms of TWh?",3.99 TWh
"In 1971, Iran consumed how much of coal in terms of TWh?",2.81 TWh
"In 1972, Iran consumed how much of coal in terms of TWh?",4.39 TWh
"In 1973, Iran consumed how much of coal in terms of TWh?",7.38 TWh
"In 1974, Iran consumed how much of coal in terms of TWh?",8.09 TWh
"In 1975, Iran consumed how much of coal in terms of TWh?",14.98 TWh
"In 1976, Iran consumed how much of coal in terms of TWh?",14.81 TWh
"In 1977, Iran consumed how much of coal in terms of TWh?",14.98 TWh
"In 1978, Iran consumed how much of coal in terms of TWh?",9.15 TWh
"In 1979, Iran consumed how much of coal in terms of TWh?",13.21 TWh
"In 1980, Iran consumed how much of coal in terms of TWh?",13.91 TWh
"In 1981, Iran consumed how much of coal in terms of TWh?",11.62 TWh
"In 1982, Iran consumed how much of coal in terms of TWh?",15.67 TWh
"In 1983, Iran consumed how much of coal in terms of TWh?",14.78 TWh
"In 1984, Iran consumed how much of coal in terms of TWh?",11.43 TWh
"In 1985, Iran consumed how much of coal in terms of TWh?",11.24 TWh
"In 1986, Iran consumed how much of coal in terms of TWh?",11.07 TWh
"In 1987, Iran consumed how much of coal in terms of TWh?",10.89 TWh
"In 1988, Iran consumed how much of coal in terms of TWh?",11.24 TWh
"In 1989, Iran consumed how much of coal in terms of TWh?",8.26 TWh
"In 1990, Iran consumed how much of coal in terms of TWh?",8.26 TWh
"In 1991, Iran consumed how much of coal in terms of TWh?",11.79 TWh
"In 1992, Iran consumed how much of coal in terms of TWh?",10.39 TWh
"In 1993, Iran consumed how much of coal in terms of TWh?",12.77 TWh
"In 1994, Iran consumed how much of coal in terms of TWh?",12.82 TWh
"In 1995, Iran consumed how much of coal in terms of TWh?",12.00 TWh
"In 1996, Iran consumed how much of coal in terms of TWh?",12.56 TWh
"In 1997, Iran consumed how much of coal in terms of TWh?",12.87 TWh
"In 1998, Iran consumed how much of coal in terms of TWh?",14.99 TWh
"In 1999, Iran consumed how much of coal in terms of TWh?",14.26 TWh
"In 2000, Iran consumed how much of coal in terms of TWh?",15.16 TWh
"In 2001, Iran consumed how much of coal in terms of TWh?",14.86 TWh
"In 2002, Iran consumed how much of coal in terms of TWh?",14.08 TWh
"In 2003, Iran consumed how much of coal in terms of TWh?",15.26 TWh
"In 2004, Iran consumed how much of coal in terms of TWh?",15.97 TWh
"In 2005, Iran consumed how much of coal in terms of TWh?",18.10 TWh
"In 2006, Iran consumed how much of coal in terms of TWh?",17.47 TWh
"In 2007, Iran consumed how much of coal in terms of TWh?",18.22 TWh
"In 2008, Iran consumed how much of coal in terms of TWh?",14.34 TWh
"In 2009, Iran consumed how much of coal in terms of TWh?",9.26 TWh
"In 2010, Iran consumed how much of coal in terms of TWh?",13.36 TWh
"In 2011, Iran consumed how much of coal in terms of TWh?",13.73 TWh
"In 2012, Iran consumed how much of coal in terms of TWh?",10.65 TWh
"In 2013, Iran consumed how much of coal in terms of TWh?",8.86 TWh
"In 2014, Iran consumed how much of coal in terms of TWh?",10.55 TWh
"In 2015, Iran consumed how much of coal in terms of TWh?",12.70 TWh
"In 2016, Iran consumed how much of coal in terms of TWh?",10.56 TWh
"In 2017, Iran consumed how much of coal in terms of TWh?",11.98 TWh
"In 2018, Iran consumed how much of coal in terms of TWh?",15.85 TWh
"In 2019, Iran consumed how much of coal in terms of TWh?",18.93 TWh
"In 2020, Iran consumed how much of coal in terms of TWh?",21.42 TWh
"In 2021, Iran consumed how much of coal in terms of TWh?",20.83 TWh
"In 2022, Iran consumed how much of coal in terms of TWh?",21.50 TWh
"In 2023, Iran consumed how much of coal in terms of TWh?",21.89 TWh
"In 2017, Iraq consumed how much of coal in terms of TWh?",0.00 TWh
"In 2018, Iraq consumed how much of coal in terms of TWh?",0.00 TWh
"In 2019, Iraq consumed how much of coal in terms of TWh?",0.00 TWh
"In 1965, Ireland consumed how much of coal in terms of TWh?",36.36 TWh
"In 1966, Ireland consumed how much of coal in terms of TWh?",41.41 TWh
"In 1967, Ireland consumed how much of coal in terms of TWh?",44.10 TWh
"In 1968, Ireland consumed how much of coal in terms of TWh?",53.86 TWh
"In 1969, Ireland consumed how much of coal in terms of TWh?",51.28 TWh
"In 1970, Ireland consumed how much of coal in terms of TWh?",25.00 TWh
"In 1971, Ireland consumed how much of coal in terms of TWh?",23.86 TWh
"In 1972, Ireland consumed how much of coal in terms of TWh?",22.21 TWh
"In 1973, Ireland consumed how much of coal in terms of TWh?",21.67 TWh
"In 1974, Ireland consumed how much of coal in terms of TWh?",23.36 TWh
"In 1975, Ireland consumed how much of coal in terms of TWh?",19.78 TWh
"In 1976, Ireland consumed how much of coal in terms of TWh?",20.34 TWh
"In 1977, Ireland consumed how much of coal in terms of TWh?",21.31 TWh
"In 1978, Ireland consumed how much of coal in terms of TWh?",20.15 TWh
"In 1979, Ireland consumed how much of coal in terms of TWh?",23.12 TWh
"In 1980, Ireland consumed how much of coal in terms of TWh?",21.91 TWh
"In 1981, Ireland consumed how much of coal in terms of TWh?",22.93 TWh
"In 1982, Ireland consumed how much of coal in terms of TWh?",24.26 TWh
"In 1983, Ireland consumed how much of coal in terms of TWh?",26.32 TWh
"In 1984, Ireland consumed how much of coal in terms of TWh?",25.23 TWh
"In 1985, Ireland consumed how much of coal in terms of TWh?",28.98 TWh
"In 1986, Ireland consumed how much of coal in terms of TWh?",31.85 TWh
"In 1987, Ireland consumed how much of coal in terms of TWh?",40.93 TWh
"In 1988, Ireland consumed how much of coal in terms of TWh?",41.67 TWh
"In 1989, Ireland consumed how much of coal in terms of TWh?",41.75 TWh
"In 1990, Ireland consumed how much of coal in terms of TWh?",40.26 TWh
"In 1991, Ireland consumed how much of coal in terms of TWh?",38.62 TWh
"In 1992, Ireland consumed how much of coal in terms of TWh?",36.79 TWh
"In 1993, Ireland consumed how much of coal in terms of TWh?",35.75 TWh
"In 1994, Ireland consumed how much of coal in terms of TWh?",34.20 TWh
"In 1995, Ireland consumed how much of coal in terms of TWh?",34.44 TWh
"In 1996, Ireland consumed how much of coal in terms of TWh?",34.63 TWh
"In 1997, Ireland consumed how much of coal in terms of TWh?",32.99 TWh
"In 1998, Ireland consumed how much of coal in terms of TWh?",33.21 TWh
"In 1999, Ireland consumed how much of coal in terms of TWh?",28.57 TWh
"In 2000, Ireland consumed how much of coal in terms of TWh?",30.42 TWh
"In 2001, Ireland consumed how much of coal in terms of TWh?",31.86 TWh
"In 2002, Ireland consumed how much of coal in terms of TWh?",30.63 TWh
"In 2003, Ireland consumed how much of coal in terms of TWh?",29.65 TWh
"In 2004, Ireland consumed how much of coal in terms of TWh?",27.70 TWh
"In 2005, Ireland consumed how much of coal in terms of TWh?",30.78 TWh
"In 2006, Ireland consumed how much of coal in terms of TWh?",27.77 TWh
"In 2007, Ireland consumed how much of coal in terms of TWh?",27.12 TWh
"In 2008, Ireland consumed how much of coal in terms of TWh?",26.54 TWh
"In 2009, Ireland consumed how much of coal in terms of TWh?",23.20 TWh
"In 2010, Ireland consumed how much of coal in terms of TWh?",23.10 TWh
"In 2011, Ireland consumed how much of coal in terms of TWh?",22.67 TWh
"In 2012, Ireland consumed how much of coal in terms of TWh?",26.30 TWh
"In 2013, Ireland consumed how much of coal in terms of TWh?",23.79 TWh
"In 2014, Ireland consumed how much of coal in terms of TWh?",23.39 TWh
"In 2015, Ireland consumed how much of coal in terms of TWh?",25.51 TWh
"In 2016, Ireland consumed how much of coal in terms of TWh?",24.50 TWh
"In 2017, Ireland consumed how much of coal in terms of TWh?",20.86 TWh
"In 2018, Ireland consumed how much of coal in terms of TWh?",16.41 TWh
"In 2019, Ireland consumed how much of coal in terms of TWh?",11.74 TWh
"In 2020, Ireland consumed how much of coal in terms of TWh?",10.06 TWh
"In 2021, Ireland consumed how much of coal in terms of TWh?",13.72 TWh
"In 2022, Ireland consumed how much of coal in terms of TWh?",11.05 TWh
"In 2023, Ireland consumed how much of coal in terms of TWh?",7.55 TWh
"In 1980, Israel consumed how much of coal in terms of TWh?",0.01 TWh
"In 1981, Israel consumed how much of coal in terms of TWh?",0.01 TWh
"In 1982, Israel consumed how much of coal in terms of TWh?",6.45 TWh
"In 1983, Israel consumed how much of coal in terms of TWh?",12.16 TWh
"In 1984, Israel consumed how much of coal in terms of TWh?",19.69 TWh
"In 1985, Israel consumed how much of coal in terms of TWh?",21.48 TWh
"In 1986, Israel consumed how much of coal in terms of TWh?",23.85 TWh
"In 1987, Israel consumed how much of coal in terms of TWh?",25.40 TWh
"In 1988, Israel consumed how much of coal in terms of TWh?",24.34 TWh
"In 1989, Israel consumed how much of coal in terms of TWh?",26.30 TWh
"In 1990, Israel consumed how much of coal in terms of TWh?",27.57 TWh
"In 1991, Israel consumed how much of coal in terms of TWh?",29.85 TWh
"In 1992, Israel consumed how much of coal in terms of TWh?",36.74 TWh
"In 1993, Israel consumed how much of coal in terms of TWh?",41.51 TWh
"In 1994, Israel consumed how much of coal in terms of TWh?",43.99 TWh
"In 1995, Israel consumed how much of coal in terms of TWh?",48.02 TWh
"In 1996, Israel consumed how much of coal in terms of TWh?",58.21 TWh
"In 1997, Israel consumed how much of coal in terms of TWh?",63.30 TWh
"In 1998, Israel consumed how much of coal in terms of TWh?",67.95 TWh
"In 1999, Israel consumed how much of coal in terms of TWh?",66.74 TWh
"In 2000, Israel consumed how much of coal in terms of TWh?",72.74 TWh
"In 2001, Israel consumed how much of coal in terms of TWh?",83.97 TWh
"In 2002, Israel consumed how much of coal in terms of TWh?",88.76 TWh
"In 2003, Israel consumed how much of coal in terms of TWh?",91.99 TWh
"In 2004, Israel consumed how much of coal in terms of TWh?",92.87 TWh
"In 2005, Israel consumed how much of coal in terms of TWh?",92.34 TWh
"In 2006, Israel consumed how much of coal in terms of TWh?",91.29 TWh
"In 2007, Israel consumed how much of coal in terms of TWh?",93.36 TWh
"In 2008, Israel consumed how much of coal in terms of TWh?",91.87 TWh
"In 2009, Israel consumed how much of coal in terms of TWh?",89.97 TWh
"In 2010, Israel consumed how much of coal in terms of TWh?",89.92 TWh
"In 2011, Israel consumed how much of coal in terms of TWh?",92.25 TWh
"In 2012, Israel consumed how much of coal in terms of TWh?",102.47 TWh
"In 2013, Israel consumed how much of coal in terms of TWh?",82.44 TWh
"In 2014, Israel consumed how much of coal in terms of TWh?",76.61 TWh
"In 2015, Israel consumed how much of coal in terms of TWh?",75.03 TWh
"In 2016, Israel consumed how much of coal in terms of TWh?",64.12 TWh
"In 2017, Israel consumed how much of coal in terms of TWh?",58.19 TWh
"In 2018, Israel consumed how much of coal in terms of TWh?",54.78 TWh
"In 2019, Israel consumed how much of coal in terms of TWh?",57.90 TWh
"In 2020, Israel consumed how much of coal in terms of TWh?",50.47 TWh
"In 2021, Israel consumed how much of coal in terms of TWh?",45.23 TWh
"In 2022, Israel consumed how much of coal in terms of TWh?",44.43 TWh
"In 2023, Israel consumed how much of coal in terms of TWh?",38.42 TWh
"In 1965, Italy consumed how much of coal in terms of TWh?",100.32 TWh
"In 1966, Italy consumed how much of coal in terms of TWh?",104.34 TWh
"In 1967, Italy consumed how much of coal in terms of TWh?",114.35 TWh
"In 1968, Italy consumed how much of coal in terms of TWh?",110.74 TWh
"In 1969, Italy consumed how much of coal in terms of TWh?",113.67 TWh
"In 1970, Italy consumed how much of coal in terms of TWh?",114.79 TWh
"In 1971, Italy consumed how much of coal in terms of TWh?",110.89 TWh
"In 1972, Italy consumed how much of coal in terms of TWh?",103.19 TWh
"In 1973, Italy consumed how much of coal in terms of TWh?",104.70 TWh
"In 1974, Italy consumed how much of coal in terms of TWh?",114.02 TWh
"In 1975, Italy consumed how much of coal in terms of TWh?",114.32 TWh
"In 1976, Italy consumed how much of coal in terms of TWh?",113.36 TWh
"In 1977, Italy consumed how much of coal in terms of TWh?",111.47 TWh
"In 1978, Italy consumed how much of coal in terms of TWh?",113.39 TWh
"In 1979, Italy consumed how much of coal in terms of TWh?",124.44 TWh
"In 1980, Italy consumed how much of coal in terms of TWh?",146.00 TWh
"In 1981, Italy consumed how much of coal in terms of TWh?",149.63 TWh
"In 1982, Italy consumed how much of coal in terms of TWh?",167.30 TWh
"In 1983, Italy consumed how much of coal in terms of TWh?",156.59 TWh
"In 1984, Italy consumed how much of coal in terms of TWh?",177.59 TWh
"In 1985, Italy consumed how much of coal in terms of TWh?",175.33 TWh
"In 1986, Italy consumed how much of coal in terms of TWh?",172.34 TWh
"In 1987, Italy consumed how much of coal in terms of TWh?",171.08 TWh
"In 1988, Italy consumed how much of coal in terms of TWh?",160.35 TWh
"In 1989, Italy consumed how much of coal in terms of TWh?",167.31 TWh
"In 1990, Italy consumed how much of coal in terms of TWh?",170.26 TWh
"In 1991, Italy consumed how much of coal in terms of TWh?",161.72 TWh
"In 1992, Italy consumed how much of coal in terms of TWh?",141.86 TWh
"In 1993, Italy consumed how much of coal in terms of TWh?",124.07 TWh
"In 1994, Italy consumed how much of coal in terms of TWh?",131.00 TWh
"In 1995, Italy consumed how much of coal in terms of TWh?",140.91 TWh
"In 1996, Italy consumed how much of coal in terms of TWh?",129.66 TWh
"In 1997, Italy consumed how much of coal in terms of TWh?",131.55 TWh
"In 1998, Italy consumed how much of coal in terms of TWh?",136.56 TWh
"In 1999, Italy consumed how much of coal in terms of TWh?",136.38 TWh
"In 2000, Italy consumed how much of coal in terms of TWh?",145.58 TWh
"In 2001, Italy consumed how much of coal in terms of TWh?",154.70 TWh
"In 2002, Italy consumed how much of coal in terms of TWh?",159.68 TWh
"In 2003, Italy consumed how much of coal in terms of TWh?",172.30 TWh
"In 2004, Italy consumed how much of coal in terms of TWh?",193.01 TWh
"In 2005, Italy consumed how much of coal in terms of TWh?",191.53 TWh
"In 2006, Italy consumed how much of coal in terms of TWh?",193.91 TWh
"In 2007, Italy consumed how much of coal in terms of TWh?",189.85 TWh
"In 2008, Italy consumed how much of coal in terms of TWh?",183.70 TWh
"In 2009, Italy consumed how much of coal in terms of TWh?",143.82 TWh
"In 2010, Italy consumed how much of coal in terms of TWh?",159.03 TWh
"In 2011, Italy consumed how much of coal in terms of TWh?",178.27 TWh
"In 2012, Italy consumed how much of coal in terms of TWh?",182.73 TWh
"In 2013, Italy consumed how much of coal in terms of TWh?",157.40 TWh
"In 2014, Italy consumed how much of coal in terms of TWh?",153.45 TWh
"In 2015, Italy consumed how much of coal in terms of TWh?",143.40 TWh
"In 2016, Italy consumed how much of coal in terms of TWh?",127.73 TWh
"In 2017, Italy consumed how much of coal in terms of TWh?",111.90 TWh
"In 2018, Italy consumed how much of coal in terms of TWh?",102.57 TWh
"In 2019, Italy consumed how much of coal in terms of TWh?",77.53 TWh
"In 2020, Italy consumed how much of coal in terms of TWh?",59.25 TWh
"In 2021, Italy consumed how much of coal in terms of TWh?",65.18 TWh
"In 2022, Italy consumed how much of coal in terms of TWh?",86.38 TWh
"In 2023, Italy consumed how much of coal in terms of TWh?",60.22 TWh
"In 1965, Japan consumed how much of coal in terms of TWh?",566.52 TWh
"In 1966, Japan consumed how much of coal in terms of TWh?",603.77 TWh
"In 1967, Japan consumed how much of coal in terms of TWh?",663.19 TWh
"In 1968, Japan consumed how much of coal in terms of TWh?",682.46 TWh
"In 1969, Japan consumed how much of coal in terms of TWh?",728.98 TWh
"In 1970, Japan consumed how much of coal in terms of TWh?",702.31 TWh
"In 1971, Japan consumed how much of coal in terms of TWh?",637.67 TWh
"In 1972, Japan consumed how much of coal in terms of TWh?",623.12 TWh
"In 1973, Japan consumed how much of coal in terms of TWh?",658.82 TWh
"In 1974, Japan consumed how much of coal in terms of TWh?",698.35 TWh
"In 1975, Japan consumed how much of coal in terms of TWh?",653.26 TWh
"In 1976, Japan consumed how much of coal in terms of TWh?",638.79 TWh
"In 1977, Japan consumed how much of coal in terms of TWh?",602.66 TWh
"In 1978, Japan consumed how much of coal in terms of TWh?",545.73 TWh
"In 1979, Japan consumed how much of coal in terms of TWh?",582.81 TWh
"In 1980, Japan consumed how much of coal in terms of TWh?",677.06 TWh
"In 1981, Japan consumed how much of coal in terms of TWh?",759.07 TWh
"In 1982, Japan consumed how much of coal in terms of TWh?",723.95 TWh
"In 1983, Japan consumed how much of coal in terms of TWh?",713.58 TWh
"In 1984, Japan consumed how much of coal in terms of TWh?",797.98 TWh
"In 1985, Japan consumed how much of coal in terms of TWh?",832.83 TWh
"In 1986, Japan consumed how much of coal in terms of TWh?",793.08 TWh
"In 1987, Japan consumed how much of coal in terms of TWh?",809.33 TWh
"In 1988, Japan consumed how much of coal in terms of TWh?",874.77 TWh
"In 1989, Japan consumed how much of coal in terms of TWh?",876.16 TWh
"In 1990, Japan consumed how much of coal in terms of TWh?",907.69 TWh
"In 1991, Japan consumed how much of coal in terms of TWh?",900.48 TWh
"In 1992, Japan consumed how much of coal in terms of TWh?",885.25 TWh
"In 1993, Japan consumed how much of coal in terms of TWh?",902.81 TWh
"In 1994, Japan consumed how much of coal in terms of TWh?",945.33 TWh
"In 1995, Japan consumed how much of coal in terms of TWh?",979.86 TWh
"In 1996, Japan consumed how much of coal in terms of TWh?",1005.58 TWh
"In 1997, Japan consumed how much of coal in terms of TWh?",1032.95 TWh
"In 1998, Japan consumed how much of coal in terms of TWh?",984.72 TWh
"In 1999, Japan consumed how much of coal in terms of TWh?",1035.98 TWh
"In 2000, Japan consumed how much of coal in terms of TWh?",1110.60 TWh
"In 2001, Japan consumed how much of coal in terms of TWh?",1137.15 TWh
"In 2002, Japan consumed how much of coal in terms of TWh?",1207.91 TWh
"In 2003, Japan consumed how much of coal in terms of TWh?",1241.26 TWh
"In 2004, Japan consumed how much of coal in terms of TWh?",1274.10 TWh
"In 2005, Japan consumed how much of coal in terms of TWh?",1334.81 TWh
"In 2006, Japan consumed how much of coal in terms of TWh?",1312.14 TWh
"In 2007, Japan consumed how much of coal in terms of TWh?",1377.40 TWh
"In 2008, Japan consumed how much of coal in terms of TWh?",1414.78 TWh
"In 2009, Japan consumed how much of coal in terms of TWh?",1186.95 TWh
"In 2010, Japan consumed how much of coal in terms of TWh?",1352.73 TWh
"In 2011, Japan consumed how much of coal in terms of TWh?",1282.65 TWh
"In 2012, Japan consumed how much of coal in terms of TWh?",1354.20 TWh
"In 2013, Japan consumed how much of coal in terms of TWh?",1409.44 TWh
"In 2014, Japan consumed how much of coal in terms of TWh?",1385.74 TWh
"In 2015, Japan consumed how much of coal in terms of TWh?",1397.98 TWh
"In 2016, Japan consumed how much of coal in terms of TWh?",1395.39 TWh
"In 2017, Japan consumed how much of coal in terms of TWh?",1415.96 TWh
"In 2018, Japan consumed how much of coal in terms of TWh?",1386.60 TWh
"In 2019, Japan consumed how much of coal in terms of TWh?",1362.59 TWh
"In 2020, Japan consumed how much of coal in terms of TWh?",1270.75 TWh
"In 2021, Japan consumed how much of coal in terms of TWh?",1369.47 TWh
"In 2022, Japan consumed how much of coal in terms of TWh?",1365.52 TWh
"In 2023, Japan consumed how much of coal in terms of TWh?",1260.11 TWh
"In 1985, Kazakhstan consumed how much of coal in terms of TWh?",443.50 TWh
"In 1986, Kazakhstan consumed how much of coal in terms of TWh?",465.97 TWh
"In 1987, Kazakhstan consumed how much of coal in terms of TWh?",484.16 TWh
"In 1988, Kazakhstan consumed how much of coal in terms of TWh?",505.02 TWh
"In 1989, Kazakhstan consumed how much of coal in terms of TWh?",482.02 TWh
"In 1990, Kazakhstan consumed how much of coal in terms of TWh?",450.31 TWh
"In 1991, Kazakhstan consumed how much of coal in terms of TWh?",439.57 TWh
"In 1992, Kazakhstan consumed how much of coal in terms of TWh?",442.82 TWh
"In 1993, Kazakhstan consumed how much of coal in terms of TWh?",402.13 TWh
"In 1994, Kazakhstan consumed how much of coal in terms of TWh?",393.37 TWh
"In 1995, Kazakhstan consumed how much of coal in terms of TWh?",317.69 TWh
"In 1996, Kazakhstan consumed how much of coal in terms of TWh?",283.74 TWh
"In 1997, Kazakhstan consumed how much of coal in terms of TWh?",243.59 TWh
"In 1998, Kazakhstan consumed how much of coal in terms of TWh?",239.85 TWh
"In 1999, Kazakhstan consumed how much of coal in terms of TWh?",222.08 TWh
"In 2000, Kazakhstan consumed how much of coal in terms of TWh?",207.46 TWh
"In 2001, Kazakhstan consumed how much of coal in terms of TWh?",259.35 TWh
"In 2002, Kazakhstan consumed how much of coal in terms of TWh?",262.75 TWh
"In 2003, Kazakhstan consumed how much of coal in terms of TWh?",290.11 TWh
"In 2004, Kazakhstan consumed how much of coal in terms of TWh?",309.25 TWh
"In 2005, Kazakhstan consumed how much of coal in terms of TWh?",312.67 TWh
"In 2006, Kazakhstan consumed how much of coal in terms of TWh?",329.56 TWh
"In 2007, Kazakhstan consumed how much of coal in terms of TWh?",362.14 TWh
"In 2008, Kazakhstan consumed how much of coal in terms of TWh?",392.95 TWh
"In 2009, Kazakhstan consumed how much of coal in terms of TWh?",359.79 TWh
"In 2010, Kazakhstan consumed how much of coal in terms of TWh?",388.26 TWh
"In 2011, Kazakhstan consumed how much of coal in terms of TWh?",422.64 TWh
"In 2012, Kazakhstan consumed how much of coal in terms of TWh?",440.27 TWh
"In 2013, Kazakhstan consumed how much of coal in terms of TWh?",435.88 TWh
"In 2014, Kazakhstan consumed how much of coal in terms of TWh?",430.72 TWh
"In 2015, Kazakhstan consumed how much of coal in terms of TWh?",318.01 TWh
"In 2016, Kazakhstan consumed how much of coal in terms of TWh?",371.23 TWh
"In 2017, Kazakhstan consumed how much of coal in terms of TWh?",407.12 TWh
"In 2018, Kazakhstan consumed how much of coal in terms of TWh?",423.42 TWh
"In 2019, Kazakhstan consumed how much of coal in terms of TWh?",400.92 TWh
"In 2020, Kazakhstan consumed how much of coal in terms of TWh?",379.29 TWh
"In 2021, Kazakhstan consumed how much of coal in terms of TWh?",389.99 TWh
"In 2022, Kazakhstan consumed how much of coal in terms of TWh?",391.73 TWh
"In 2023, Kazakhstan consumed how much of coal in terms of TWh?",385.03 TWh
"In 2000, Kuwait consumed how much of coal in terms of TWh?",0.00 TWh
"In 2001, Kuwait consumed how much of coal in terms of TWh?",0.00 TWh
"In 2002, Kuwait consumed how much of coal in terms of TWh?",0.00 TWh
"In 2003, Kuwait consumed how much of coal in terms of TWh?",0.00 TWh
"In 2004, Kuwait consumed how much of coal in terms of TWh?",0.00 TWh
"In 2005, Kuwait consumed how much of coal in terms of TWh?",0.00 TWh
"In 2006, Kuwait consumed how much of coal in terms of TWh?",0.03 TWh
"In 2007, Kuwait consumed how much of coal in terms of TWh?",0.00 TWh
"In 2008, Kuwait consumed how much of coal in terms of TWh?",0.01 TWh
"In 2009, Kuwait consumed how much of coal in terms of TWh?",0.00 TWh
"In 2010, Kuwait consumed how much of coal in terms of TWh?",0.04 TWh
"In 2011, Kuwait consumed how much of coal in terms of TWh?",0.16 TWh
"In 2012, Kuwait consumed how much of coal in terms of TWh?",0.76 TWh
"In 2013, Kuwait consumed how much of coal in terms of TWh?",3.19 TWh
"In 2014, Kuwait consumed how much of coal in terms of TWh?",2.53 TWh
"In 2015, Kuwait consumed how much of coal in terms of TWh?",2.10 TWh
"In 2016, Kuwait consumed how much of coal in terms of TWh?",2.59 TWh
"In 2017, Kuwait consumed how much of coal in terms of TWh?",1.96 TWh
"In 2018, Kuwait consumed how much of coal in terms of TWh?",2.73 TWh
"In 2019, Kuwait consumed how much of coal in terms of TWh?",2.21 TWh
"In 2020, Kuwait consumed how much of coal in terms of TWh?",0.56 TWh
"In 2021, Kuwait consumed how much of coal in terms of TWh?",1.07 TWh
"In 2022, Kuwait consumed how much of coal in terms of TWh?",1.53 TWh
"In 2023, Kuwait consumed how much of coal in terms of TWh?",1.53 TWh
"In 1985, Latvia consumed how much of coal in terms of TWh?",8.44 TWh
"In 1986, Latvia consumed how much of coal in terms of TWh?",10.65 TWh
"In 1987, Latvia consumed how much of coal in terms of TWh?",9.76 TWh
"In 1988, Latvia consumed how much of coal in terms of TWh?",9.79 TWh
"In 1989, Latvia consumed how much of coal in terms of TWh?",8.00 TWh
"In 1990, Latvia consumed how much of coal in terms of TWh?",8.24 TWh
"In 1991, Latvia consumed how much of coal in terms of TWh?",7.22 TWh
"In 1992, Latvia consumed how much of coal in terms of TWh?",6.35 TWh
"In 1993, Latvia consumed how much of coal in terms of TWh?",5.81 TWh
"In 1994, Latvia consumed how much of coal in terms of TWh?",4.37 TWh
"In 1995, Latvia consumed how much of coal in terms of TWh?",3.11 TWh
"In 1996, Latvia consumed how much of coal in terms of TWh?",2.91 TWh
"In 1997, Latvia consumed how much of coal in terms of TWh?",2.60 TWh
"In 1998, Latvia consumed how much of coal in terms of TWh?",1.92 TWh
"In 1999, Latvia consumed how much of coal in terms of TWh?",1.48 TWh
"In 2000, Latvia consumed how much of coal in terms of TWh?",1.53 TWh
"In 2001, Latvia consumed how much of coal in terms of TWh?",1.43 TWh
"In 2002, Latvia consumed how much of coal in terms of TWh?",1.15 TWh
"In 2003, Latvia consumed how much of coal in terms of TWh?",1.03 TWh
"In 2004, Latvia consumed how much of coal in terms of TWh?",0.78 TWh
"In 2005, Latvia consumed how much of coal in terms of TWh?",0.94 TWh
"In 2006, Latvia consumed how much of coal in terms of TWh?",1.01 TWh
"In 2007, Latvia consumed how much of coal in terms of TWh?",1.25 TWh
"In 2008, Latvia consumed how much of coal in terms of TWh?",1.24 TWh
"In 2009, Latvia consumed how much of coal in terms of TWh?",0.99 TWh
"In 2010, Latvia consumed how much of coal in terms of TWh?",1.27 TWh
"In 2011, Latvia consumed how much of coal in terms of TWh?",1.29 TWh
"In 2012, Latvia consumed how much of coal in terms of TWh?",1.07 TWh
"In 2013, Latvia consumed how much of coal in terms of TWh?",0.84 TWh
"In 2014, Latvia consumed how much of coal in terms of TWh?",0.70 TWh
"In 2015, Latvia consumed how much of coal in terms of TWh?",0.54 TWh
"In 2016, Latvia consumed how much of coal in terms of TWh?",0.48 TWh
"In 2017, Latvia consumed how much of coal in terms of TWh?",0.48 TWh
"In 2018, Latvia consumed how much of coal in terms of TWh?",0.56 TWh
"In 2019, Latvia consumed how much of coal in terms of TWh?",0.48 TWh
"In 2020, Latvia consumed how much of coal in terms of TWh?",0.29 TWh
"In 2021, Latvia consumed how much of coal in terms of TWh?",0.22 TWh
"In 2022, Latvia consumed how much of coal in terms of TWh?",0.16 TWh
"In 2023, Latvia consumed how much of coal in terms of TWh?",0.09 TWh
"In 1985, Lithuania consumed how much of coal in terms of TWh?",9.46 TWh
"In 1986, Lithuania consumed how much of coal in terms of TWh?",11.01 TWh
"In 1987, Lithuania consumed how much of coal in terms of TWh?",10.84 TWh
"In 1988, Lithuania consumed how much of coal in terms of TWh?",10.92 TWh
"In 1989, Lithuania consumed how much of coal in terms of TWh?",10.21 TWh
"In 1990, Lithuania consumed how much of coal in terms of TWh?",9.27 TWh
"In 1991, Lithuania consumed how much of coal in terms of TWh?",10.36 TWh
"In 1992, Lithuania consumed how much of coal in terms of TWh?",4.85 TWh
"In 1993, Lithuania consumed how much of coal in terms of TWh?",4.30 TWh
"In 1994, Lithuania consumed how much of coal in terms of TWh?",3.57 TWh
"In 1995, Lithuania consumed how much of coal in terms of TWh?",2.85 TWh
"In 1996, Lithuania consumed how much of coal in terms of TWh?",2.62 TWh
"In 1997, Lithuania consumed how much of coal in terms of TWh?",2.12 TWh
"In 1998, Lithuania consumed how much of coal in terms of TWh?",1.85 TWh
"In 1999, Lithuania consumed how much of coal in terms of TWh?",1.58 TWh
"In 2000, Lithuania consumed how much of coal in terms of TWh?",1.07 TWh
"In 2001, Lithuania consumed how much of coal in terms of TWh?",0.97 TWh
"In 2002, Lithuania consumed how much of coal in terms of TWh?",1.57 TWh
"In 2003, Lithuania consumed how much of coal in terms of TWh?",2.03 TWh
"In 2004, Lithuania consumed how much of coal in terms of TWh?",1.96 TWh
"In 2005, Lithuania consumed how much of coal in terms of TWh?",2.15 TWh
"In 2006, Lithuania consumed how much of coal in terms of TWh?",2.92 TWh
"In 2007, Lithuania consumed how much of coal in terms of TWh?",2.90 TWh
"In 2008, Lithuania consumed how much of coal in terms of TWh?",2.46 TWh
"In 2009, Lithuania consumed how much of coal in terms of TWh?",1.96 TWh
"In 2010, Lithuania consumed how much of coal in terms of TWh?",2.41 TWh
"In 2011, Lithuania consumed how much of coal in terms of TWh?",2.79 TWh
"In 2012, Lithuania consumed how much of coal in terms of TWh?",2.72 TWh
"In 2013, Lithuania consumed how much of coal in terms of TWh?",3.13 TWh
"In 2014, Lithuania consumed how much of coal in terms of TWh?",2.65 TWh
"In 2015, Lithuania consumed how much of coal in terms of TWh?",2.12 TWh
"In 2016, Lithuania consumed how much of coal in terms of TWh?",2.15 TWh
"In 2017, Lithuania consumed how much of coal in terms of TWh?",2.30 TWh
"In 2018, Lithuania consumed how much of coal in terms of TWh?",2.46 TWh
"In 2019, Lithuania consumed how much of coal in terms of TWh?",2.31 TWh
"In 2020, Lithuania consumed how much of coal in terms of TWh?",1.80 TWh
"In 2021, Lithuania consumed how much of coal in terms of TWh?",2.16 TWh
"In 2022, Lithuania consumed how much of coal in terms of TWh?",2.14 TWh
"In 2023, Lithuania consumed how much of coal in terms of TWh?",1.31 TWh
"In 1965, Lower-middle-income countries consumed how much of coal in terms of TWh?",450.47 TWh
"In 1966, Lower-middle-income countries consumed how much of coal in terms of TWh?",447.32 TWh
"In 1967, Lower-middle-income countries consumed how much of coal in terms of TWh?",456.40 TWh
"In 1968, Lower-middle-income countries consumed how much of coal in terms of TWh?",473.57 TWh
"In 1969, Lower-middle-income countries consumed how much of coal in terms of TWh?",501.01 TWh
"In 1970, Lower-middle-income countries consumed how much of coal in terms of TWh?",476.31 TWh
"In 1971, Lower-middle-income countries consumed how much of coal in terms of TWh?",478.81 TWh
"In 1972, Lower-middle-income countries consumed how much of coal in terms of TWh?",500.95 TWh
"In 1973, Lower-middle-income countries consumed how much of coal in terms of TWh?",503.02 TWh
"In 1974, Lower-middle-income countries consumed how much of coal in terms of TWh?",568.31 TWh
"In 1975, Lower-middle-income countries consumed how much of coal in terms of TWh?",624.68 TWh
"In 1976, Lower-middle-income countries consumed how much of coal in terms of TWh?",646.52 TWh
"In 1977, Lower-middle-income countries consumed how much of coal in terms of TWh?",679.14 TWh
"In 1978, Lower-middle-income countries consumed how much of coal in terms of TWh?",652.20 TWh
"In 1979, Lower-middle-income countries consumed how much of coal in terms of TWh?",695.47 TWh
"In 1980, Lower-middle-income countries consumed how much of coal in terms of TWh?",722.98 TWh
"In 1981, Lower-middle-income countries consumed how much of coal in terms of TWh?",810.51 TWh
"In 1982, Lower-middle-income countries consumed how much of coal in terms of TWh?",821.54 TWh
"In 1983, Lower-middle-income countries consumed how much of coal in terms of TWh?",869.05 TWh
"In 1984, Lower-middle-income countries consumed how much of coal in terms of TWh?",909.74 TWh
"In 1985, Lower-middle-income countries consumed how much of coal in terms of TWh?",1962.04 TWh
"In 1986, Lower-middle-income countries consumed how much of coal in terms of TWh?",2026.72 TWh
"In 1987, Lower-middle-income countries consumed how much of coal in terms of TWh?",2116.57 TWh
"In 1988, Lower-middle-income countries consumed how much of coal in terms of TWh?",2138.46 TWh
"In 1989, Lower-middle-income countries consumed how much of coal in terms of TWh?",2142.77 TWh
"In 1990, Lower-middle-income countries consumed how much of coal in terms of TWh?",2368.46 TWh
"In 1991, Lower-middle-income countries consumed how much of coal in terms of TWh?",2345.10 TWh
"In 1992, Lower-middle-income countries consumed how much of coal in terms of TWh?",2405.71 TWh
"In 1993, Lower-middle-income countries consumed how much of coal in terms of TWh?",2367.21 TWh
"In 1994, Lower-middle-income countries consumed how much of coal in terms of TWh?",2267.94 TWh
"In 1995, Lower-middle-income countries consumed how much of coal in terms of TWh?",2365.97 TWh
"In 1996, Lower-middle-income countries consumed how much of coal in terms of TWh?",2279.93 TWh
"In 1997, Lower-middle-income countries consumed how much of coal in terms of TWh?",2363.44 TWh
"In 1998, Lower-middle-income countries consumed how much of coal in terms of TWh?",2443.19 TWh
"In 1999, Lower-middle-income countries consumed how much of coal in terms of TWh?",2409.42 TWh
"In 2000, Lower-middle-income countries consumed how much of coal in terms of TWh?",2568.33 TWh
"In 2001, Lower-middle-income countries consumed how much of coal in terms of TWh?",2583.19 TWh
"In 2002, Lower-middle-income countries consumed how much of coal in terms of TWh?",2682.50 TWh
"In 2003, Lower-middle-income countries consumed how much of coal in terms of TWh?",2806.53 TWh
"In 2004, Lower-middle-income countries consumed how much of coal in terms of TWh?",2959.41 TWh
"In 2005, Lower-middle-income countries consumed how much of coal in terms of TWh?",3201.97 TWh
"In 2006, Lower-middle-income countries consumed how much of coal in terms of TWh?",3294.09 TWh
"In 2007, Lower-middle-income countries consumed how much of coal in terms of TWh?",3578.89 TWh
"In 2008, Lower-middle-income countries consumed how much of coal in terms of TWh?",3885.79 TWh
"In 2009, Lower-middle-income countries consumed how much of coal in terms of TWh?",4021.97 TWh
"In 2010, Lower-middle-income countries consumed how much of coal in terms of TWh?",4171.67 TWh
"In 2011, Lower-middle-income countries consumed how much of coal in terms of TWh?",4382.34 TWh
"In 2012, Lower-middle-income countries consumed how much of coal in terms of TWh?",4696.06 TWh
"In 2013, Lower-middle-income countries consumed how much of coal in terms of TWh?",4935.53 TWh
"In 2014, Lower-middle-income countries consumed how much of coal in terms of TWh?",5337.75 TWh
"In 2015, Lower-middle-income countries consumed how much of coal in terms of TWh?",5438.03 TWh
"In 2016, Lower-middle-income countries consumed how much of coal in terms of TWh?",5640.45 TWh
"In 2017, Lower-middle-income countries consumed how much of coal in terms of TWh?",5766.96 TWh
"In 2018, Lower-middle-income countries consumed how much of coal in terms of TWh?",6249.59 TWh
"In 2019, Lower-middle-income countries consumed how much of coal in terms of TWh?",6442.26 TWh
"In 2020, Lower-middle-income countries consumed how much of coal in terms of TWh?",6188.03 TWh
"In 2021, Lower-middle-income countries consumed how much of coal in terms of TWh?",6829.34 TWh
"In 2022, Lower-middle-income countries consumed how much of coal in terms of TWh?",6868.14 TWh
"In 2023, Lower-middle-income countries consumed how much of coal in terms of TWh?",7554.46 TWh
"In 1965, Luxembourg consumed how much of coal in terms of TWh?",31.72 TWh
"In 1966, Luxembourg consumed how much of coal in terms of TWh?",28.64 TWh
"In 1967, Luxembourg consumed how much of coal in terms of TWh?",26.83 TWh
"In 1968, Luxembourg consumed how much of coal in terms of TWh?",28.76 TWh
"In 1969, Luxembourg consumed how much of coal in terms of TWh?",30.56 TWh
"In 1970, Luxembourg consumed how much of coal in terms of TWh?",31.33 TWh
"In 1971, Luxembourg consumed how much of coal in terms of TWh?",28.87 TWh
"In 1972, Luxembourg consumed how much of coal in terms of TWh?",28.42 TWh
"In 1973, Luxembourg consumed how much of coal in terms of TWh?",28.16 TWh
"In 1974, Luxembourg consumed how much of coal in terms of TWh?",30.02 TWh
"In 1975, Luxembourg consumed how much of coal in terms of TWh?",22.83 TWh
"In 1976, Luxembourg consumed how much of coal in terms of TWh?",21.14 TWh
"In 1977, Luxembourg consumed how much of coal in terms of TWh?",18.22 TWh
"In 1978, Luxembourg consumed how much of coal in terms of TWh?",19.26 TWh
"In 1979, Luxembourg consumed how much of coal in terms of TWh?",21.39 TWh
"In 1980, Luxembourg consumed how much of coal in terms of TWh?",21.22 TWh
"In 1981, Luxembourg consumed how much of coal in terms of TWh?",17.07 TWh
"In 1982, Luxembourg consumed how much of coal in terms of TWh?",15.72 TWh
"In 1983, Luxembourg consumed how much of coal in terms of TWh?",14.42 TWh
"In 1984, Luxembourg consumed how much of coal in terms of TWh?",16.42 TWh
"In 1985, Luxembourg consumed how much of coal in terms of TWh?",16.30 TWh
"In 1986, Luxembourg consumed how much of coal in terms of TWh?",14.48 TWh
"In 1987, Luxembourg consumed how much of coal in terms of TWh?",10.43 TWh
"In 1988, Luxembourg consumed how much of coal in terms of TWh?",10.64 TWh
"In 1989, Luxembourg consumed how much of coal in terms of TWh?",13.18 TWh
"In 1990, Luxembourg consumed how much of coal in terms of TWh?",12.80 TWh
"In 1991, Luxembourg consumed how much of coal in terms of TWh?",12.17 TWh
"In 1992, Luxembourg consumed how much of coal in terms of TWh?",11.47 TWh
"In 1993, Luxembourg consumed how much of coal in terms of TWh?",11.85 TWh
"In 1994, Luxembourg consumed how much of coal in terms of TWh?",10.22 TWh
"In 1995, Luxembourg consumed how much of coal in terms of TWh?",5.75 TWh
"In 1996, Luxembourg consumed how much of coal in terms of TWh?",5.41 TWh
"In 1997, Luxembourg consumed how much of coal in terms of TWh?",3.44 TWh
"In 1998, Luxembourg consumed how much of coal in terms of TWh?",1.14 TWh
"In 1999, Luxembourg consumed how much of coal in terms of TWh?",1.16 TWh
"In 2000, Luxembourg consumed how much of coal in terms of TWh?",1.28 TWh
"In 2001, Luxembourg consumed how much of coal in terms of TWh?",1.38 TWh
"In 2002, Luxembourg consumed how much of coal in terms of TWh?",0.86 TWh
"In 2003, Luxembourg consumed how much of coal in terms of TWh?",0.66 TWh
"In 2004, Luxembourg consumed how much of coal in terms of TWh?",0.92 TWh
"In 2005, Luxembourg consumed how much of coal in terms of TWh?",0.90 TWh
"In 2006, Luxembourg consumed how much of coal in terms of TWh?",1.08 TWh
"In 2007, Luxembourg consumed how much of coal in terms of TWh?",0.91 TWh
"In 2008, Luxembourg consumed how much of coal in terms of TWh?",0.87 TWh
"In 2009, Luxembourg consumed how much of coal in terms of TWh?",0.78 TWh
"In 2010, Luxembourg consumed how much of coal in terms of TWh?",0.78 TWh
"In 2011, Luxembourg consumed how much of coal in terms of TWh?",0.68 TWh
"In 2012, Luxembourg consumed how much of coal in terms of TWh?",0.62 TWh
"In 2013, Luxembourg consumed how much of coal in terms of TWh?",0.56 TWh
"In 2014, Luxembourg consumed how much of coal in terms of TWh?",0.62 TWh
"In 2015, Luxembourg consumed how much of coal in terms of TWh?",0.57 TWh
"In 2016, Luxembourg consumed how much of coal in terms of TWh?",0.59 TWh
"In 2017, Luxembourg consumed how much of coal in terms of TWh?",0.55 TWh
"In 2018, Luxembourg consumed how much of coal in terms of TWh?",0.49 TWh
"In 2019, Luxembourg consumed how much of coal in terms of TWh?",0.53 TWh
"In 2020, Luxembourg consumed how much of coal in terms of TWh?",0.45 TWh
"In 2021, Luxembourg consumed how much of coal in terms of TWh?",0.46 TWh
"In 2022, Luxembourg consumed how much of coal in terms of TWh?",0.48 TWh
"In 2023, Luxembourg consumed how much of coal in terms of TWh?",0.39 TWh
"In 1965, Malaysia consumed how much of coal in terms of TWh?",0.17 TWh
"In 1966, Malaysia consumed how much of coal in terms of TWh?",0.23 TWh
"In 1967, Malaysia consumed how much of coal in terms of TWh?",0.14 TWh
"In 1968, Malaysia consumed how much of coal in terms of TWh?",0.14 TWh
"In 1969, Malaysia consumed how much of coal in terms of TWh?",0.17 TWh
"In 1970, Malaysia consumed how much of coal in terms of TWh?",0.19 TWh
"In 1971, Malaysia consumed how much of coal in terms of TWh?",0.48 TWh
"In 1972, Malaysia consumed how much of coal in terms of TWh?",1.21 TWh
"In 1973, Malaysia consumed how much of coal in terms of TWh?",1.15 TWh
"In 1974, Malaysia consumed how much of coal in terms of TWh?",1.15 TWh
"In 1975, Malaysia consumed how much of coal in terms of TWh?",0.10 TWh
"In 1976, Malaysia consumed how much of coal in terms of TWh?",0.12 TWh
"In 1977, Malaysia consumed how much of coal in terms of TWh?",0.13 TWh
"In 1978, Malaysia consumed how much of coal in terms of TWh?",0.28 TWh
"In 1979, Malaysia consumed how much of coal in terms of TWh?",0.40 TWh
"In 1980, Malaysia consumed how much of coal in terms of TWh?",0.58 TWh
"In 1981, Malaysia consumed how much of coal in terms of TWh?",1.08 TWh
"In 1982, Malaysia consumed how much of coal in terms of TWh?",0.99 TWh
"In 1983, Malaysia consumed how much of coal in terms of TWh?",2.57 TWh
"In 1984, Malaysia consumed how much of coal in terms of TWh?",2.78 TWh
"In 1985, Malaysia consumed how much of coal in terms of TWh?",3.71 TWh
"In 1986, Malaysia consumed how much of coal in terms of TWh?",2.76 TWh
"In 1987, Malaysia consumed how much of coal in terms of TWh?",3.80 TWh
"In 1988, Malaysia consumed how much of coal in terms of TWh?",3.02 TWh
"In 1989, Malaysia consumed how much of coal in terms of TWh?",13.92 TWh
"In 1990, Malaysia consumed how much of coal in terms of TWh?",15.41 TWh
"In 1991, Malaysia consumed how much of coal in terms of TWh?",18.15 TWh
"In 1992, Malaysia consumed how much of coal in terms of TWh?",19.06 TWh
"In 1993, Malaysia consumed how much of coal in terms of TWh?",15.93 TWh
"In 1994, Malaysia consumed how much of coal in terms of TWh?",17.70 TWh
"In 1995, Malaysia consumed how much of coal in terms of TWh?",19.40 TWh
"In 1996, Malaysia consumed how much of coal in terms of TWh?",19.49 TWh
"In 1997, Malaysia consumed how much of coal in terms of TWh?",18.85 TWh
"In 1998, Malaysia consumed how much of coal in terms of TWh?",20.12 TWh
"In 1999, Malaysia consumed how much of coal in terms of TWh?",22.55 TWh
"In 2000, Malaysia consumed how much of coal in terms of TWh?",28.89 TWh
"In 2001, Malaysia consumed how much of coal in terms of TWh?",34.53 TWh
"In 2002, Malaysia consumed how much of coal in terms of TWh?",42.33 TWh
"In 2003, Malaysia consumed how much of coal in terms of TWh?",61.78 TWh
"In 2004, Malaysia consumed how much of coal in terms of TWh?",77.08 TWh
"In 2005, Malaysia consumed how much of coal in terms of TWh?",80.07 TWh
"In 2006, Malaysia consumed how much of coal in terms of TWh?",84.82 TWh
"In 2007, Malaysia consumed how much of coal in terms of TWh?",102.82 TWh
"In 2008, Malaysia consumed how much of coal in terms of TWh?",113.69 TWh
"In 2009, Malaysia consumed how much of coal in terms of TWh?",123.46 TWh
"In 2010, Malaysia consumed how much of coal in terms of TWh?",171.74 TWh
"In 2011, Malaysia consumed how much of coal in terms of TWh?",171.68 TWh
"In 2012, Malaysia consumed how much of coal in terms of TWh?",184.58 TWh
"In 2013, Malaysia consumed how much of coal in terms of TWh?",175.11 TWh
"In 2014, Malaysia consumed how much of coal in terms of TWh?",178.48 TWh
"In 2015, Malaysia consumed how much of coal in terms of TWh?",202.30 TWh
"In 2016, Malaysia consumed how much of coal in terms of TWh?",217.85 TWh
"In 2017, Malaysia consumed how much of coal in terms of TWh?",241.41 TWh
"In 2018, Malaysia consumed how much of coal in terms of TWh?",258.94 TWh
"In 2019, Malaysia consumed how much of coal in terms of TWh?",244.73 TWh
"In 2020, Malaysia consumed how much of coal in terms of TWh?",288.09 TWh
"In 2021, Malaysia consumed how much of coal in terms of TWh?",266.35 TWh
"In 2022, Malaysia consumed how much of coal in terms of TWh?",263.05 TWh
"In 2023, Malaysia consumed how much of coal in terms of TWh?",272.94 TWh
"In 1965, Mexico consumed how much of coal in terms of TWh?",8.02 TWh
"In 1966, Mexico consumed how much of coal in terms of TWh?",8.56 TWh
"In 1967, Mexico consumed how much of coal in terms of TWh?",10.50 TWh
"In 1968, Mexico consumed how much of coal in terms of TWh?",11.01 TWh
"In 1969, Mexico consumed how much of coal in terms of TWh?",11.16 TWh
"In 1970, Mexico consumed how much of coal in terms of TWh?",12.51 TWh
"In 1971, Mexico consumed how much of coal in terms of TWh?",15.71 TWh
"In 1972, Mexico consumed how much of coal in terms of TWh?",17.36 TWh
"In 1973, Mexico consumed how much of coal in terms of TWh?",18.61 TWh
"In 1974, Mexico consumed how much of coal in terms of TWh?",20.56 TWh
"In 1975, Mexico consumed how much of coal in terms of TWh?",23.62 TWh
"In 1976, Mexico consumed how much of coal in terms of TWh?",18.12 TWh
"In 1977, Mexico consumed how much of coal in terms of TWh?",26.07 TWh
"In 1978, Mexico consumed how much of coal in terms of TWh?",27.18 TWh
"In 1979, Mexico consumed how much of coal in terms of TWh?",26.70 TWh
"In 1980, Mexico consumed how much of coal in terms of TWh?",27.04 TWh
"In 1981, Mexico consumed how much of coal in terms of TWh?",23.90 TWh
"In 1982, Mexico consumed how much of coal in terms of TWh?",28.62 TWh
"In 1983, Mexico consumed how much of coal in terms of TWh?",32.58 TWh
"In 1984, Mexico consumed how much of coal in terms of TWh?",32.68 TWh
"In 1985, Mexico consumed how much of coal in terms of TWh?",35.42 TWh
"In 1986, Mexico consumed how much of coal in terms of TWh?",39.06 TWh
"In 1987, Mexico consumed how much of coal in terms of TWh?",37.77 TWh
"In 1988, Mexico consumed how much of coal in terms of TWh?",35.75 TWh
"In 1989, Mexico consumed how much of coal in terms of TWh?",39.57 TWh
"In 1990, Mexico consumed how much of coal in terms of TWh?",39.24 TWh
"In 1991, Mexico consumed how much of coal in terms of TWh?",37.95 TWh
"In 1992, Mexico consumed how much of coal in terms of TWh?",38.38 TWh
"In 1993, Mexico consumed how much of coal in terms of TWh?",43.29 TWh
"In 1994, Mexico consumed how much of coal in terms of TWh?",52.32 TWh
"In 1995, Mexico consumed how much of coal in terms of TWh?",58.26 TWh
"In 1996, Mexico consumed how much of coal in terms of TWh?",66.80 TWh
"In 1997, Mexico consumed how much of coal in terms of TWh?",66.86 TWh
"In 1998, Mexico consumed how much of coal in terms of TWh?",68.35 TWh
"In 1999, Mexico consumed how much of coal in terms of TWh?",69.55 TWh
"In 2000, Mexico consumed how much of coal in terms of TWh?",76.19 TWh
"In 2001, Mexico consumed how much of coal in terms of TWh?",83.67 TWh
"In 2002, Mexico consumed how much of coal in terms of TWh?",140.11 TWh
"In 2003, Mexico consumed how much of coal in terms of TWh?",103.32 TWh
"In 2004, Mexico consumed how much of coal in terms of TWh?",105.72 TWh
"In 2005, Mexico consumed how much of coal in terms of TWh?",133.43 TWh
"In 2006, Mexico consumed how much of coal in terms of TWh?",143.20 TWh
"In 2007, Mexico consumed how much of coal in terms of TWh?",131.58 TWh
"In 2008, Mexico consumed how much of coal in terms of TWh?",117.55 TWh
"In 2009, Mexico consumed how much of coal in terms of TWh?",119.75 TWh
"In 2010, Mexico consumed how much of coal in terms of TWh?",148.12 TWh
"In 2011, Mexico consumed how much of coal in terms of TWh?",171.33 TWh
"In 2012, Mexico consumed how much of coal in terms of TWh?",149.27 TWh
"In 2013, Mexico consumed how much of coal in terms of TWh?",148.23 TWh
"In 2014, Mexico consumed how much of coal in terms of TWh?",147.94 TWh
"In 2015, Mexico consumed how much of coal in terms of TWh?",147.65 TWh
"In 2016, Mexico consumed how much of coal in terms of TWh?",144.63 TWh
"In 2017, Mexico consumed how much of coal in terms of TWh?",176.75 TWh
"In 2018, Mexico consumed how much of coal in terms of TWh?",157.55 TWh
"In 2019, Mexico consumed how much of coal in terms of TWh?",150.41 TWh
"In 2020, Mexico consumed how much of coal in terms of TWh?",66.49 TWh
"In 2021, Mexico consumed how much of coal in terms of TWh?",55.13 TWh
"In 2022, Mexico consumed how much of coal in terms of TWh?",67.84 TWh
"In 2023, Mexico consumed how much of coal in terms of TWh?",73.32 TWh
"In 1965, Middle Africa (EI) consumed how much of coal in terms of TWh?",2.12 TWh
"In 1966, Middle Africa (EI) consumed how much of coal in terms of TWh?",2.34 TWh
"In 1967, Middle Africa (EI) consumed how much of coal in terms of TWh?",2.23 TWh
"In 1968, Middle Africa (EI) consumed how much of coal in terms of TWh?",2.44 TWh
"In 1969, Middle Africa (EI) consumed how much of coal in terms of TWh?",2.62 TWh
"In 1970, Middle Africa (EI) consumed how much of coal in terms of TWh?",2.49 TWh
"In 1971, Middle Africa (EI) consumed how much of coal in terms of TWh?",2.59 TWh
"In 1972, Middle Africa (EI) consumed how much of coal in terms of TWh?",2.46 TWh
"In 1973, Middle Africa (EI) consumed how much of coal in terms of TWh?",2.50 TWh
"In 1974, Middle Africa (EI) consumed how much of coal in terms of TWh?",2.45 TWh
"In 1975, Middle Africa (EI) consumed how much of coal in terms of TWh?",2.40 TWh
"In 1976, Middle Africa (EI) consumed how much of coal in terms of TWh?",2.58 TWh
"In 1977, Middle Africa (EI) consumed how much of coal in terms of TWh?",2.61 TWh
"In 1978, Middle Africa (EI) consumed how much of coal in terms of TWh?",2.44 TWh
"In 1979, Middle Africa (EI) consumed how much of coal in terms of TWh?",2.19 TWh
"In 1980, Middle Africa (EI) consumed how much of coal in terms of TWh?",2.44 TWh
"In 1981, Middle Africa (EI) consumed how much of coal in terms of TWh?",2.48 TWh
"In 1982, Middle Africa (EI) consumed how much of coal in terms of TWh?",2.39 TWh
"In 1983, Middle Africa (EI) consumed how much of coal in terms of TWh?",2.35 TWh
"In 1984, Middle Africa (EI) consumed how much of coal in terms of TWh?",2.39 TWh
"In 1985, Middle Africa (EI) consumed how much of coal in terms of TWh?",2.39 TWh
"In 1986, Middle Africa (EI) consumed how much of coal in terms of TWh?",2.43 TWh
"In 1987, Middle Africa (EI) consumed how much of coal in terms of TWh?",2.46 TWh
"In 1988, Middle Africa (EI) consumed how much of coal in terms of TWh?",2.49 TWh
"In 1989, Middle Africa (EI) consumed how much of coal in terms of TWh?",2.56 TWh
"In 1990, Middle Africa (EI) consumed how much of coal in terms of TWh?",2.58 TWh
"In 1991, Middle Africa (EI) consumed how much of coal in terms of TWh?",0.61 TWh
"In 1992, Middle Africa (EI) consumed how much of coal in terms of TWh?",0.61 TWh
"In 1993, Middle Africa (EI) consumed how much of coal in terms of TWh?",0.10 TWh
"In 1994, Middle Africa (EI) consumed how much of coal in terms of TWh?",0.08 TWh
"In 1995, Middle Africa (EI) consumed how much of coal in terms of TWh?",0.67 TWh
"In 1996, Middle Africa (EI) consumed how much of coal in terms of TWh?",0.68 TWh
"In 1997, Middle Africa (EI) consumed how much of coal in terms of TWh?",0.69 TWh
"In 1998, Middle Africa (EI) consumed how much of coal in terms of TWh?",0.73 TWh
"In 1999, Middle Africa (EI) consumed how much of coal in terms of TWh?",0.52 TWh
"In 2000, Middle Africa (EI) consumed how much of coal in terms of TWh?",0.45 TWh
"In 2001, Middle Africa (EI) consumed how much of coal in terms of TWh?",0.32 TWh
"In 2002, Middle Africa (EI) consumed how much of coal in terms of TWh?",0.31 TWh
"In 2003, Middle Africa (EI) consumed how much of coal in terms of TWh?",0.32 TWh
"In 2004, Middle Africa (EI) consumed how much of coal in terms of TWh?",0.86 TWh
"In 2005, Middle Africa (EI) consumed how much of coal in terms of TWh?",1.03 TWh
"In 2006, Middle Africa (EI) consumed how much of coal in terms of TWh?",1.31 TWh
"In 2007, Middle Africa (EI) consumed how much of coal in terms of TWh?",1.43 TWh
"In 2008, Middle Africa (EI) consumed how much of coal in terms of TWh?",1.21 TWh
"In 2009, Middle Africa (EI) consumed how much of coal in terms of TWh?",1.56 TWh
"In 2010, Middle Africa (EI) consumed how much of coal in terms of TWh?",1.59 TWh
"In 2011, Middle Africa (EI) consumed how much of coal in terms of TWh?",1.44 TWh
"In 2012, Middle Africa (EI) consumed how much of coal in terms of TWh?",0.55 TWh
"In 2013, Middle Africa (EI) consumed how much of coal in terms of TWh?",0.36 TWh
"In 2014, Middle Africa (EI) consumed how much of coal in terms of TWh?",0.21 TWh
"In 2015, Middle Africa (EI) consumed how much of coal in terms of TWh?",0.86 TWh
"In 2016, Middle Africa (EI) consumed how much of coal in terms of TWh?",0.86 TWh
"In 2017, Middle Africa (EI) consumed how much of coal in terms of TWh?",3.29 TWh
"In 2018, Middle Africa (EI) consumed how much of coal in terms of TWh?",3.89 TWh
"In 2019, Middle Africa (EI) consumed how much of coal in terms of TWh?",3.11 TWh
"In 2020, Middle Africa (EI) consumed how much of coal in terms of TWh?",3.29 TWh
"In 2021, Middle Africa (EI) consumed how much of coal in terms of TWh?",4.05 TWh
"In 2022, Middle Africa (EI) consumed how much of coal in terms of TWh?",4.82 TWh
"In 2023, Middle Africa (EI) consumed how much of coal in terms of TWh?",6.46 TWh
"In 1965, Middle East (EI) consumed how much of coal in terms of TWh?",2.53 TWh
"In 1966, Middle East (EI) consumed how much of coal in terms of TWh?",2.77 TWh
"In 1967, Middle East (EI) consumed how much of coal in terms of TWh?",3.05 TWh
"In 1968, Middle East (EI) consumed how much of coal in terms of TWh?",3.36 TWh
"In 1969, Middle East (EI) consumed how much of coal in terms of TWh?",3.70 TWh
"In 1970, Middle East (EI) consumed how much of coal in terms of TWh?",4.07 TWh
"In 1971, Middle East (EI) consumed how much of coal in terms of TWh?",2.90 TWh
"In 1972, Middle East (EI) consumed how much of coal in terms of TWh?",4.46 TWh
"In 1973, Middle East (EI) consumed how much of coal in terms of TWh?",7.54 TWh
"In 1974, Middle East (EI) consumed how much of coal in terms of TWh?",8.19 TWh
"In 1975, Middle East (EI) consumed how much of coal in terms of TWh?",15.10 TWh
"In 1976, Middle East (EI) consumed how much of coal in terms of TWh?",14.88 TWh
"In 1977, Middle East (EI) consumed how much of coal in terms of TWh?",15.05 TWh
"In 1978, Middle East (EI) consumed how much of coal in terms of TWh?",9.25 TWh
"In 1979, Middle East (EI) consumed how much of coal in terms of TWh?",13.29 TWh
"In 1980, Middle East (EI) consumed how much of coal in terms of TWh?",14.00 TWh
"In 1981, Middle East (EI) consumed how much of coal in terms of TWh?",11.74 TWh
"In 1982, Middle East (EI) consumed how much of coal in terms of TWh?",22.22 TWh
"In 1983, Middle East (EI) consumed how much of coal in terms of TWh?",27.01 TWh
"In 1984, Middle East (EI) consumed how much of coal in terms of TWh?",31.16 TWh
"In 1985, Middle East (EI) consumed how much of coal in terms of TWh?",32.74 TWh
"In 1986, Middle East (EI) consumed how much of coal in terms of TWh?",34.94 TWh
"In 1987, Middle East (EI) consumed how much of coal in terms of TWh?",36.30 TWh
"In 1988, Middle East (EI) consumed how much of coal in terms of TWh?",35.59 TWh
"In 1989, Middle East (EI) consumed how much of coal in terms of TWh?",34.55 TWh
"In 1990, Middle East (EI) consumed how much of coal in terms of TWh?",35.83 TWh
"In 1991, Middle East (EI) consumed how much of coal in terms of TWh?",41.66 TWh
"In 1992, Middle East (EI) consumed how much of coal in terms of TWh?",47.14 TWh
"In 1993, Middle East (EI) consumed how much of coal in terms of TWh?",55.14 TWh
"In 1994, Middle East (EI) consumed how much of coal in terms of TWh?",57.69 TWh
"In 1995, Middle East (EI) consumed how much of coal in terms of TWh?",61.44 TWh
"In 1996, Middle East (EI) consumed how much of coal in terms of TWh?",72.35 TWh
"In 1997, Middle East (EI) consumed how much of coal in terms of TWh?",77.74 TWh
"In 1998, Middle East (EI) consumed how much of coal in terms of TWh?",84.52 TWh
"In 1999, Middle East (EI) consumed how much of coal in terms of TWh?",82.58 TWh
"In 2000, Middle East (EI) consumed how much of coal in terms of TWh?",89.48 TWh
"In 2001, Middle East (EI) consumed how much of coal in terms of TWh?",100.73 TWh
"In 2002, Middle East (EI) consumed how much of coal in terms of TWh?",105.68 TWh
"In 2003, Middle East (EI) consumed how much of coal in terms of TWh?",110.43 TWh
"In 2004, Middle East (EI) consumed how much of coal in terms of TWh?",112.08 TWh
"In 2005, Middle East (EI) consumed how much of coal in terms of TWh?",115.18 TWh
"In 2006, Middle East (EI) consumed how much of coal in terms of TWh?",113.91 TWh
"In 2007, Middle East (EI) consumed how much of coal in terms of TWh?",115.40 TWh
"In 2008, Middle East (EI) consumed how much of coal in terms of TWh?",113.10 TWh
"In 2009, Middle East (EI) consumed how much of coal in terms of TWh?",105.00 TWh
"In 2010, Middle East (EI) consumed how much of coal in terms of TWh?",115.50 TWh
"In 2011, Middle East (EI) consumed how much of coal in terms of TWh?",116.57 TWh
"In 2012, Middle East (EI) consumed how much of coal in terms of TWh?",137.63 TWh
"In 2013, Middle East (EI) consumed how much of coal in terms of TWh?",122.58 TWh
"In 2014, Middle East (EI) consumed how much of coal in terms of TWh?",122.48 TWh
"In 2015, Middle East (EI) consumed how much of coal in terms of TWh?",116.73 TWh
"In 2016, Middle East (EI) consumed how much of coal in terms of TWh?",105.77 TWh
"In 2017, Middle East (EI) consumed how much of coal in terms of TWh?",104.39 TWh
"In 2018, Middle East (EI) consumed how much of coal in terms of TWh?",103.31 TWh
"In 2019, Middle East (EI) consumed how much of coal in terms of TWh?",105.94 TWh
"In 2020, Middle East (EI) consumed how much of coal in terms of TWh?",103.18 TWh
"In 2021, Middle East (EI) consumed how much of coal in terms of TWh?",104.74 TWh
"In 2022, Middle East (EI) consumed how much of coal in terms of TWh?",105.08 TWh
"In 2023, Middle East (EI) consumed how much of coal in terms of TWh?",105.30 TWh
"In 1965, Morocco consumed how much of coal in terms of TWh?",2.11 TWh
"In 1966, Morocco consumed how much of coal in terms of TWh?",3.24 TWh
"In 1967, Morocco consumed how much of coal in terms of TWh?",3.23 TWh
"In 1968, Morocco consumed how much of coal in terms of TWh?",2.90 TWh
"In 1969, Morocco consumed how much of coal in terms of TWh?",2.90 TWh
"In 1970, Morocco consumed how much of coal in terms of TWh?",3.32 TWh
"In 1971, Morocco consumed how much of coal in terms of TWh?",3.48 TWh
"In 1972, Morocco consumed how much of coal in terms of TWh?",4.30 TWh
"In 1973, Morocco consumed how much of coal in terms of TWh?",4.26 TWh
"In 1974, Morocco consumed how much of coal in terms of TWh?",4.22 TWh
"In 1975, Morocco consumed how much of coal in terms of TWh?",4.79 TWh
"In 1976, Morocco consumed how much of coal in terms of TWh?",5.20 TWh
"In 1977, Morocco consumed how much of coal in terms of TWh?",4.91 TWh
"In 1978, Morocco consumed how much of coal in terms of TWh?",4.95 TWh
"In 1979, Morocco consumed how much of coal in terms of TWh?",4.83 TWh
"In 1980, Morocco consumed how much of coal in terms of TWh?",4.63 TWh
"In 1981, Morocco consumed how much of coal in terms of TWh?",4.92 TWh
"In 1982, Morocco consumed how much of coal in terms of TWh?",5.48 TWh
"In 1983, Morocco consumed how much of coal in terms of TWh?",6.79 TWh
"In 1984, Morocco consumed how much of coal in terms of TWh?",5.83 TWh
"In 1985, Morocco consumed how much of coal in terms of TWh?",7.70 TWh
"In 1986, Morocco consumed how much of coal in terms of TWh?",10.46 TWh
"In 1987, Morocco consumed how much of coal in terms of TWh?",12.13 TWh
"In 1988, Morocco consumed how much of coal in terms of TWh?",11.97 TWh
"In 1989, Morocco consumed how much of coal in terms of TWh?",13.21 TWh
"In 1990, Morocco consumed how much of coal in terms of TWh?",12.75 TWh
"In 1991, Morocco consumed how much of coal in terms of TWh?",13.89 TWh
"In 1992, Morocco consumed how much of coal in terms of TWh?",12.87 TWh
"In 1993, Morocco consumed how much of coal in terms of TWh?",14.06 TWh
"In 1994, Morocco consumed how much of coal in terms of TWh?",15.68 TWh
"In 1995, Morocco consumed how much of coal in terms of TWh?",18.99 TWh
"In 1996, Morocco consumed how much of coal in terms of TWh?",24.31 TWh
"In 1997, Morocco consumed how much of coal in terms of TWh?",23.16 TWh
"In 1998, Morocco consumed how much of coal in terms of TWh?",27.62 TWh
"In 1999, Morocco consumed how much of coal in terms of TWh?",26.41 TWh
"In 2000, Morocco consumed how much of coal in terms of TWh?",31.23 TWh
"In 2001, Morocco consumed how much of coal in terms of TWh?",39.69 TWh
"In 2002, Morocco consumed how much of coal in terms of TWh?",39.47 TWh
"In 2003, Morocco consumed how much of coal in terms of TWh?",38.06 TWh
"In 2004, Morocco consumed how much of coal in terms of TWh?",42.10 TWh
"In 2005, Morocco consumed how much of coal in terms of TWh?",44.15 TWh
"In 2006, Morocco consumed how much of coal in terms of TWh?",44.89 TWh
"In 2007, Morocco consumed how much of coal in terms of TWh?",37.60 TWh
"In 2008, Morocco consumed how much of coal in terms of TWh?",42.62 TWh
"In 2009, Morocco consumed how much of coal in terms of TWh?",31.47 TWh
"In 2010, Morocco consumed how much of coal in terms of TWh?",32.42 TWh
"In 2011, Morocco consumed how much of coal in terms of TWh?",34.63 TWh
"In 2012, Morocco consumed how much of coal in terms of TWh?",35.17 TWh
"In 2013, Morocco consumed how much of coal in terms of TWh?",34.90 TWh
"In 2014, Morocco consumed how much of coal in terms of TWh?",46.95 TWh
"In 2015, Morocco consumed how much of coal in terms of TWh?",51.70 TWh
"In 2016, Morocco consumed how much of coal in terms of TWh?",49.82 TWh
"In 2017, Morocco consumed how much of coal in terms of TWh?",51.78 TWh
"In 2018, Morocco consumed how much of coal in terms of TWh?",59.89 TWh
"In 2019, Morocco consumed how much of coal in terms of TWh?",77.49 TWh
"In 2020, Morocco consumed how much of coal in terms of TWh?",79.83 TWh
"In 2021, Morocco consumed how much of coal in terms of TWh?",85.97 TWh
"In 2022, Morocco consumed how much of coal in terms of TWh?",86.36 TWh
"In 2023, Morocco consumed how much of coal in terms of TWh?",81.01 TWh
"In 1965, Netherlands consumed how much of coal in terms of TWh?",103.06 TWh
"In 1966, Netherlands consumed how much of coal in terms of TWh?",93.89 TWh
"In 1967, Netherlands consumed how much of coal in terms of TWh?",90.28 TWh
"In 1968, Netherlands consumed how much of coal in terms of TWh?",85.56 TWh
"In 1969, Netherlands consumed how much of coal in terms of TWh?",72.78 TWh
"In 1970, Netherlands consumed how much of coal in terms of TWh?",53.33 TWh
"In 1971, Netherlands consumed how much of coal in terms of TWh?",40.28 TWh
"In 1972, Netherlands consumed how much of coal in terms of TWh?",34.44 TWh
"In 1973, Netherlands consumed how much of coal in terms of TWh?",35.00 TWh
"In 1974, Netherlands consumed how much of coal in terms of TWh?",33.33 TWh
"In 1975, Netherlands consumed how much of coal in terms of TWh?",28.06 TWh
"In 1976, Netherlands consumed how much of coal in terms of TWh?",35.00 TWh
"In 1977, Netherlands consumed how much of coal in terms of TWh?",36.67 TWh
"In 1978, Netherlands consumed how much of coal in terms of TWh?",41.94 TWh
"In 1979, Netherlands consumed how much of coal in terms of TWh?",40.00 TWh
"In 1980, Netherlands consumed how much of coal in terms of TWh?",46.39 TWh
"In 1981, Netherlands consumed how much of coal in terms of TWh?",51.39 TWh
"In 1982, Netherlands consumed how much of coal in terms of TWh?",59.44 TWh
"In 1983, Netherlands consumed how much of coal in terms of TWh?",61.39 TWh
"In 1984, Netherlands consumed how much of coal in terms of TWh?",74.17 TWh
"In 1985, Netherlands consumed how much of coal in terms of TWh?",73.89 TWh
"In 1986, Netherlands consumed how much of coal in terms of TWh?",76.11 TWh
"In 1987, Netherlands consumed how much of coal in terms of TWh?",80.28 TWh
"In 1988, Netherlands consumed how much of coal in terms of TWh?",96.11 TWh
"In 1989, Netherlands consumed how much of coal in terms of TWh?",95.28 TWh
"In 1990, Netherlands consumed how much of coal in terms of TWh?",101.67 TWh
"In 1991, Netherlands consumed how much of coal in terms of TWh?",93.61 TWh
"In 1992, Netherlands consumed how much of coal in terms of TWh?",93.33 TWh
"In 1993, Netherlands consumed how much of coal in terms of TWh?",94.17 TWh
"In 1994, Netherlands consumed how much of coal in terms of TWh?",100.28 TWh
"In 1995, Netherlands consumed how much of coal in terms of TWh?",103.61 TWh
"In 1996, Netherlands consumed how much of coal in terms of TWh?",100.00 TWh
"In 1997, Netherlands consumed how much of coal in terms of TWh?",97.22 TWh
"In 1998, Netherlands consumed how much of coal in terms of TWh?",99.17 TWh
"In 1999, Netherlands consumed how much of coal in terms of TWh?",86.94 TWh
"In 2000, Netherlands consumed how much of coal in terms of TWh?",90.28 TWh
"In 2001, Netherlands consumed how much of coal in terms of TWh?",96.11 TWh
"In 2002, Netherlands consumed how much of coal in terms of TWh?",96.67 TWh
"In 2003, Netherlands consumed how much of coal in terms of TWh?",100.00 TWh
"In 2004, Netherlands consumed how much of coal in terms of TWh?",98.61 TWh
"In 2005, Netherlands consumed how much of coal in terms of TWh?",94.17 TWh
"In 2006, Netherlands consumed how much of coal in terms of TWh?",89.72 TWh
"In 2007, Netherlands consumed how much of coal in terms of TWh?",97.78 TWh
"In 2008, Netherlands consumed how much of coal in terms of TWh?",92.50 TWh
"In 2009, Netherlands consumed how much of coal in terms of TWh?",87.22 TWh
"In 2010, Netherlands consumed how much of coal in terms of TWh?",87.78 TWh
"In 2011, Netherlands consumed how much of coal in terms of TWh?",86.58 TWh
"In 2012, Netherlands consumed how much of coal in terms of TWh?",95.14 TWh
"In 2013, Netherlands consumed how much of coal in terms of TWh?",95.19 TWh
"In 2014, Netherlands consumed how much of coal in terms of TWh?",105.31 TWh
"In 2015, Netherlands consumed how much of coal in terms of TWh?",128.67 TWh
"In 2016, Netherlands consumed how much of coal in terms of TWh?",119.28 TWh
"In 2017, Netherlands consumed how much of coal in terms of TWh?",106.97 TWh
"In 2018, Netherlands consumed how much of coal in terms of TWh?",96.08 TWh
"In 2019, Netherlands consumed how much of coal in terms of TWh?",74.69 TWh
"In 2020, Netherlands consumed how much of coal in terms of TWh?",47.78 TWh
"In 2021, Netherlands consumed how much of coal in terms of TWh?",65.11 TWh
"In 2022, Netherlands consumed how much of coal in terms of TWh?",64.33 TWh
"In 2023, Netherlands consumed how much of coal in terms of TWh?",43.99 TWh
"In 1965, New Zealand consumed how much of coal in terms of TWh?",19.13 TWh
"In 1966, New Zealand consumed how much of coal in terms of TWh?",18.61 TWh
"In 1967, New Zealand consumed how much of coal in terms of TWh?",16.99 TWh
"In 1968, New Zealand consumed how much of coal in terms of TWh?",15.99 TWh
"In 1969, New Zealand consumed how much of coal in terms of TWh?",16.40 TWh
"In 1970, New Zealand consumed how much of coal in terms of TWh?",16.41 TWh
"In 1971, New Zealand consumed how much of coal in terms of TWh?",14.60 TWh
"In 1972, New Zealand consumed how much of coal in terms of TWh?",14.96 TWh
"In 1973, New Zealand consumed how much of coal in terms of TWh?",16.94 TWh
"In 1974, New Zealand consumed how much of coal in terms of TWh?",17.44 TWh
"In 1975, New Zealand consumed how much of coal in terms of TWh?",16.42 TWh
"In 1976, New Zealand consumed how much of coal in terms of TWh?",16.92 TWh
"In 1977, New Zealand consumed how much of coal in terms of TWh?",16.11 TWh
"In 1978, New Zealand consumed how much of coal in terms of TWh?",14.86 TWh
"In 1979, New Zealand consumed how much of coal in terms of TWh?",13.25 TWh
"In 1980, New Zealand consumed how much of coal in terms of TWh?",13.63 TWh
"In 1981, New Zealand consumed how much of coal in terms of TWh?",13.58 TWh
"In 1982, New Zealand consumed how much of coal in terms of TWh?",13.31 TWh
"In 1983, New Zealand consumed how much of coal in terms of TWh?",14.75 TWh
"In 1984, New Zealand consumed how much of coal in terms of TWh?",13.72 TWh
"In 1985, New Zealand consumed how much of coal in terms of TWh?",12.67 TWh
"In 1986, New Zealand consumed how much of coal in terms of TWh?",14.56 TWh
"In 1987, New Zealand consumed how much of coal in terms of TWh?",12.15 TWh
"In 1988, New Zealand consumed how much of coal in terms of TWh?",13.17 TWh
"In 1989, New Zealand consumed how much of coal in terms of TWh?",14.33 TWh
"In 1990, New Zealand consumed how much of coal in terms of TWh?",13.93 TWh
"In 1991, New Zealand consumed how much of coal in terms of TWh?",13.28 TWh
"In 1992, New Zealand consumed how much of coal in terms of TWh?",14.62 TWh
"In 1993, New Zealand consumed how much of coal in terms of TWh?",14.41 TWh
"In 1994, New Zealand consumed how much of coal in terms of TWh?",13.62 TWh
"In 1995, New Zealand consumed how much of coal in terms of TWh?",13.66 TWh
"In 1996, New Zealand consumed how much of coal in terms of TWh?",13.46 TWh
"In 1997, New Zealand consumed how much of coal in terms of TWh?",14.53 TWh
"In 1998, New Zealand consumed how much of coal in terms of TWh?",13.25 TWh
"In 1999, New Zealand consumed how much of coal in terms of TWh?",13.57 TWh
"In 2000, New Zealand consumed how much of coal in terms of TWh?",12.86 TWh
"In 2001, New Zealand consumed how much of coal in terms of TWh?",15.93 TWh
"In 2002, New Zealand consumed how much of coal in terms of TWh?",15.92 TWh
"In 2003, New Zealand consumed how much of coal in terms of TWh?",22.97 TWh
"In 2004, New Zealand consumed how much of coal in terms of TWh?",23.74 TWh
"In 2005, New Zealand consumed how much of coal in terms of TWh?",26.43 TWh
"In 2006, New Zealand consumed how much of coal in terms of TWh?",26.02 TWh
"In 2007, New Zealand consumed how much of coal in terms of TWh?",19.72 TWh
"In 2008, New Zealand consumed how much of coal in terms of TWh?",24.47 TWh
"In 2009, New Zealand consumed how much of coal in terms of TWh?",18.82 TWh
"In 2010, New Zealand consumed how much of coal in terms of TWh?",16.07 TWh
"In 2011, New Zealand consumed how much of coal in terms of TWh?",16.27 TWh
"In 2012, New Zealand consumed how much of coal in terms of TWh?",20.27 TWh
"In 2013, New Zealand consumed how much of coal in terms of TWh?",17.88 TWh
"In 2014, New Zealand consumed how much of coal in terms of TWh?",16.51 TWh
"In 2015, New Zealand consumed how much of coal in terms of TWh?",16.67 TWh
"In 2016, New Zealand consumed how much of coal in terms of TWh?",13.80 TWh
"In 2017, New Zealand consumed how much of coal in terms of TWh?",14.54 TWh
"In 2018, New Zealand consumed how much of coal in terms of TWh?",15.67 TWh
"In 2019, New Zealand consumed how much of coal in terms of TWh?",16.65 TWh
"In 2020, New Zealand consumed how much of coal in terms of TWh?",15.76 TWh
"In 2021, New Zealand consumed how much of coal in terms of TWh?",18.39 TWh
"In 2022, New Zealand consumed how much of coal in terms of TWh?",12.75 TWh
"In 2023, New Zealand consumed how much of coal in terms of TWh?",11.39 TWh
"In 1965, Non-OECD (EI) consumed how much of coal in terms of TWh?",5976.65 TWh
"In 1966, Non-OECD (EI) consumed how much of coal in terms of TWh?",6205.59 TWh
"In 1967, Non-OECD (EI) consumed how much of coal in terms of TWh?",6131.51 TWh
"In 1968, Non-OECD (EI) consumed how much of coal in terms of TWh?",6150.34 TWh
"In 1969, Non-OECD (EI) consumed how much of coal in terms of TWh?",6532.68 TWh
"In 1970, Non-OECD (EI) consumed how much of coal in terms of TWh?",6926.31 TWh
"In 1971, Non-OECD (EI) consumed how much of coal in terms of TWh?",7355.35 TWh
"In 1972, Non-OECD (EI) consumed how much of coal in terms of TWh?",7614.13 TWh
"In 1973, Non-OECD (EI) consumed how much of coal in terms of TWh?",7738.44 TWh
"In 1974, Non-OECD (EI) consumed how much of coal in terms of TWh?",7831.77 TWh
"In 1975, Non-OECD (EI) consumed how much of coal in terms of TWh?",8352.20 TWh
"In 1976, Non-OECD (EI) consumed how much of coal in terms of TWh?",8483.52 TWh
"In 1977, Non-OECD (EI) consumed how much of coal in terms of TWh?",8903.10 TWh
"In 1978, Non-OECD (EI) consumed how much of coal in terms of TWh?",9192.64 TWh
"In 1979, Non-OECD (EI) consumed how much of coal in terms of TWh?",9468.68 TWh
"In 1980, Non-OECD (EI) consumed how much of coal in terms of TWh?",9581.24 TWh
"In 1981, Non-OECD (EI) consumed how much of coal in terms of TWh?",9751.69 TWh
"In 1982, Non-OECD (EI) consumed how much of coal in terms of TWh?",10128.74 TWh
"In 1983, Non-OECD (EI) consumed how much of coal in terms of TWh?",10564.21 TWh
"In 1984, Non-OECD (EI) consumed how much of coal in terms of TWh?",11031.75 TWh
"In 1985, Non-OECD (EI) consumed how much of coal in terms of TWh?",11511.14 TWh
"In 1986, Non-OECD (EI) consumed how much of coal in terms of TWh?",11937.09 TWh
"In 1987, Non-OECD (EI) consumed how much of coal in terms of TWh?",12558.15 TWh
"In 1988, Non-OECD (EI) consumed how much of coal in terms of TWh?",13061.05 TWh
"In 1989, Non-OECD (EI) consumed how much of coal in terms of TWh?",13215.72 TWh
"In 1990, Non-OECD (EI) consumed how much of coal in terms of TWh?",13242.27 TWh
"In 1991, Non-OECD (EI) consumed how much of coal in terms of TWh?",13262.13 TWh
"In 1992, Non-OECD (EI) consumed how much of coal in terms of TWh?",13468.81 TWh
"In 1993, Non-OECD (EI) consumed how much of coal in terms of TWh?",13663.50 TWh
"In 1994, Non-OECD (EI) consumed how much of coal in terms of TWh?",13762.68 TWh
"In 1995, Non-OECD (EI) consumed how much of coal in terms of TWh?",13876.16 TWh
"In 1996, Non-OECD (EI) consumed how much of coal in terms of TWh?",14118.45 TWh
"In 1997, Non-OECD (EI) consumed how much of coal in terms of TWh?",13969.67 TWh
"In 1998, Non-OECD (EI) consumed how much of coal in terms of TWh?",13873.14 TWh
"In 1999, Non-OECD (EI) consumed how much of coal in terms of TWh?",14104.03 TWh
"In 2000, Non-OECD (EI) consumed how much of coal in terms of TWh?",14528.90 TWh
"In 2001, Non-OECD (EI) consumed how much of coal in terms of TWh?",15107.88 TWh
"In 2002, Non-OECD (EI) consumed how much of coal in terms of TWh?",16038.65 TWh
"In 2003, Non-OECD (EI) consumed how much of coal in terms of TWh?",18281.36 TWh
"In 2004, Non-OECD (EI) consumed how much of coal in terms of TWh?",20400.48 TWh
"In 2005, Non-OECD (EI) consumed how much of coal in terms of TWh?",22811.90 TWh
"In 2006, Non-OECD (EI) consumed how much of coal in terms of TWh?",24581.77 TWh
"In 2007, Non-OECD (EI) consumed how much of coal in terms of TWh?",26529.47 TWh
"In 2008, Non-OECD (EI) consumed how much of coal in terms of TWh?",27324.24 TWh
"In 2009, Non-OECD (EI) consumed how much of coal in terms of TWh?",28148.02 TWh
"In 2010, Non-OECD (EI) consumed how much of coal in terms of TWh?",29212.65 TWh
"In 2011, Non-OECD (EI) consumed how much of coal in terms of TWh?",31407.71 TWh
"In 2012, Non-OECD (EI) consumed how much of coal in terms of TWh?",32033.12 TWh
"In 2013, Non-OECD (EI) consumed how much of coal in terms of TWh?",32572.78 TWh
"In 2014, Non-OECD (EI) consumed how much of coal in terms of TWh?",32955.93 TWh
"In 2015, Non-OECD (EI) consumed how much of coal in terms of TWh?",32509.08 TWh
"In 2016, Non-OECD (EI) consumed how much of coal in terms of TWh?",32179.27 TWh
"In 2017, Non-OECD (EI) consumed how much of coal in terms of TWh?",32713.52 TWh
"In 2018, Non-OECD (EI) consumed how much of coal in terms of TWh?",33740.91 TWh
"In 2019, Non-OECD (EI) consumed how much of coal in terms of TWh?",34629.73 TWh
"In 2020, Non-OECD (EI) consumed how much of coal in terms of TWh?",34635.62 TWh
"In 2021, Non-OECD (EI) consumed how much of coal in terms of TWh?",36277.11 TWh
"In 2022, Non-OECD (EI) consumed how much of coal in terms of TWh?",36846.72 TWh
"In 2023, Non-OECD (EI) consumed how much of coal in terms of TWh?",38578.91 TWh
"In 1965, North America consumed how much of coal in terms of TWh?",3412.83 TWh
"In 1966, North America consumed how much of coal in terms of TWh?",3566.43 TWh
"In 1967, North America consumed how much of coal in terms of TWh?",3502.90 TWh
"In 1968, North America consumed how much of coal in terms of TWh?",3634.59 TWh
"In 1969, North America consumed how much of coal in terms of TWh?",3642.35 TWh
"In 1970, North America consumed how much of coal in terms of TWh?",3624.51 TWh
"In 1971, North America consumed how much of coal in terms of TWh?",3432.42 TWh
"In 1972, North America consumed how much of coal in terms of TWh?",3556.75 TWh
"In 1973, North America consumed how much of coal in terms of TWh?",3812.29 TWh
"In 1974, North America consumed how much of coal in terms of TWh?",3731.26 TWh
"In 1975, North America consumed how much of coal in terms of TWh?",3729.36 TWh
"In 1976, North America consumed how much of coal in terms of TWh?",4013.34 TWh
"In 1977, North America consumed how much of coal in terms of TWh?",4174.83 TWh
"In 1978, North America consumed how much of coal in terms of TWh?",4084.03 TWh
"In 1979, North America consumed how much of coal in terms of TWh?",4426.28 TWh
"In 1980, North America consumed how much of coal in terms of TWh?",4579.55 TWh
"In 1981, North America consumed how much of coal in terms of TWh?",4716.78 TWh
"In 1982, North America consumed how much of coal in terms of TWh?",4573.80 TWh
"In 1983, North America consumed how much of coal in terms of TWh?",4751.34 TWh
"In 1984, North America consumed how much of coal in terms of TWh?",5111.61 TWh
"In 1985, North America consumed how much of coal in terms of TWh?",5217.15 TWh
"In 1986, North America consumed how much of coal in terms of TWh?",5136.49 TWh
"In 1987, North America consumed how much of coal in terms of TWh?",5366.75 TWh
"In 1988, North America consumed how much of coal in terms of TWh?",5620.67 TWh
"In 1989, North America consumed how much of coal in terms of TWh?",5685.65 TWh
"In 1990, North America consumed how much of coal in terms of TWh?",5696.63 TWh
"In 1991, North America consumed how much of coal in terms of TWh?",5635.02 TWh
"In 1992, North America consumed how much of coal in terms of TWh?",5677.26 TWh
"In 1993, North America consumed how much of coal in terms of TWh?",5845.82 TWh
"In 1994, North America consumed how much of coal in terms of TWh?",5891.26 TWh
"In 1995, North America consumed how much of coal in terms of TWh?",5960.48 TWh
"In 1996, North America consumed how much of coal in terms of TWh?",6229.24 TWh
"In 1997, North America consumed how much of coal in terms of TWh?",6367.10 TWh
"In 1998, North America consumed how much of coal in terms of TWh?",6449.97 TWh
"In 1999, North America consumed how much of coal in terms of TWh?",6428.93 TWh
"In 2000, North America consumed how much of coal in terms of TWh?",6722.44 TWh
"In 2001, North America consumed how much of coal in terms of TWh?",6558.84 TWh
"In 2002, North America consumed how much of coal in terms of TWh?",6621.08 TWh
"In 2003, North America consumed how much of coal in terms of TWh?",6703.88 TWh
"In 2004, North America consumed how much of coal in terms of TWh?",6726.99 TWh
"In 2005, North America consumed how much of coal in terms of TWh?",6845.31 TWh
"In 2006, North America consumed how much of coal in terms of TWh?",6749.26 TWh
"In 2007, North America consumed how much of coal in terms of TWh?",6837.88 TWh
"In 2008, North America consumed how much of coal in terms of TWh?",6706.34 TWh
"In 2009, North America consumed how much of coal in terms of TWh?",5902.08 TWh
"In 2010, North America consumed how much of coal in terms of TWh?",6254.49 TWh
"In 2011, North America consumed how much of coal in terms of TWh?",5924.31 TWh
"In 2012, North America consumed how much of coal in terms of TWh?",5254.53 TWh
"In 2013, North America consumed how much of coal in terms of TWh?",5431.32 TWh
"In 2014, North America consumed how much of coal in terms of TWh?",5409.32 TWh
"In 2015, North America consumed how much of coal in terms of TWh?",4713.27 TWh
"In 2016, North America consumed how much of coal in terms of TWh?",4341.47 TWh
"In 2017, North America consumed how much of coal in terms of TWh?",4270.62 TWh
"In 2018, North America consumed how much of coal in terms of TWh?",4047.92 TWh
"In 2019, North America consumed how much of coal in terms of TWh?",3498.60 TWh
"In 2020, North America consumed how much of coal in terms of TWh?",2803.00 TWh
"In 2021, North America consumed how much of coal in terms of TWh?",3154.99 TWh
"In 2022, North America consumed how much of coal in terms of TWh?",2960.75 TWh
"In 2023, North America consumed how much of coal in terms of TWh?",2486.68 TWh
"In 1965, North America (EI) consumed how much of coal in terms of TWh?",3412.25 TWh
"In 1966, North America (EI) consumed how much of coal in terms of TWh?",3565.85 TWh
"In 1967, North America (EI) consumed how much of coal in terms of TWh?",3502.32 TWh
"In 1968, North America (EI) consumed how much of coal in terms of TWh?",3634.01 TWh
"In 1969, North America (EI) consumed how much of coal in terms of TWh?",3641.76 TWh
"In 1970, North America (EI) consumed how much of coal in terms of TWh?",3624.04 TWh
"In 1971, North America (EI) consumed how much of coal in terms of TWh?",3432.04 TWh
"In 1972, North America (EI) consumed how much of coal in terms of TWh?",3556.36 TWh
"In 1973, North America (EI) consumed how much of coal in terms of TWh?",3811.96 TWh
"In 1974, North America (EI) consumed how much of coal in terms of TWh?",3730.91 TWh
"In 1975, North America (EI) consumed how much of coal in terms of TWh?",3728.92 TWh
"In 1976, North America (EI) consumed how much of coal in terms of TWh?",4013.00 TWh
"In 1977, North America (EI) consumed how much of coal in terms of TWh?",4174.18 TWh
"In 1978, North America (EI) consumed how much of coal in terms of TWh?",4083.38 TWh
"In 1979, North America (EI) consumed how much of coal in terms of TWh?",4425.73 TWh
"In 1980, North America (EI) consumed how much of coal in terms of TWh?",4578.91 TWh
"In 1981, North America (EI) consumed how much of coal in terms of TWh?",4716.15 TWh
"In 1982, North America (EI) consumed how much of coal in terms of TWh?",4572.66 TWh
"In 1983, North America (EI) consumed how much of coal in terms of TWh?",4748.99 TWh
"In 1984, North America (EI) consumed how much of coal in terms of TWh?",5109.71 TWh
"In 1985, North America (EI) consumed how much of coal in terms of TWh?",5213.41 TWh
"In 1986, North America (EI) consumed how much of coal in terms of TWh?",5133.54 TWh
"In 1987, North America (EI) consumed how much of coal in terms of TWh?",5362.12 TWh
"In 1988, North America (EI) consumed how much of coal in terms of TWh?",5616.31 TWh
"In 1989, North America (EI) consumed how much of coal in terms of TWh?",5681.65 TWh
"In 1990, North America (EI) consumed how much of coal in terms of TWh?",5692.84 TWh
"In 1991, North America (EI) consumed how much of coal in terms of TWh?",5631.06 TWh
"In 1992, North America (EI) consumed how much of coal in terms of TWh?",5673.62 TWh
"In 1993, North America (EI) consumed how much of coal in terms of TWh?",5842.05 TWh
"In 1994, North America (EI) consumed how much of coal in terms of TWh?",5888.43 TWh
"In 1995, North America (EI) consumed how much of coal in terms of TWh?",5957.55 TWh
"In 1996, North America (EI) consumed how much of coal in terms of TWh?",6226.63 TWh
"In 1997, North America (EI) consumed how much of coal in terms of TWh?",6364.28 TWh
"In 1998, North America (EI) consumed how much of coal in terms of TWh?",6446.90 TWh
"In 1999, North America (EI) consumed how much of coal in terms of TWh?",6425.33 TWh
"In 2000, North America (EI) consumed how much of coal in terms of TWh?",6717.91 TWh
"In 2001, North America (EI) consumed how much of coal in terms of TWh?",6554.11 TWh
"In 2002, North America (EI) consumed how much of coal in terms of TWh?",6609.83 TWh
"In 2003, North America (EI) consumed how much of coal in terms of TWh?",6688.21 TWh
"In 2004, North America (EI) consumed how much of coal in terms of TWh?",6710.56 TWh
"In 2005, North America (EI) consumed how much of coal in terms of TWh?",6828.73 TWh
"In 2006, North America (EI) consumed how much of coal in terms of TWh?",6730.31 TWh
"In 2007, North America (EI) consumed how much of coal in terms of TWh?",6818.20 TWh
"In 2008, North America (EI) consumed how much of coal in terms of TWh?",6685.83 TWh
"In 2009, North America (EI) consumed how much of coal in terms of TWh?",5882.20 TWh
"In 2010, North America (EI) consumed how much of coal in terms of TWh?",6235.65 TWh
"In 2011, North America (EI) consumed how much of coal in terms of TWh?",5903.12 TWh
"In 2012, North America (EI) consumed how much of coal in terms of TWh?",5233.08 TWh
"In 2013, North America (EI) consumed how much of coal in terms of TWh?",5409.84 TWh
"In 2014, North America (EI) consumed how much of coal in terms of TWh?",5386.39 TWh
"In 2015, North America (EI) consumed how much of coal in terms of TWh?",4691.14 TWh
"In 2016, North America (EI) consumed how much of coal in terms of TWh?",4319.00 TWh
"In 2017, North America (EI) consumed how much of coal in terms of TWh?",4250.95 TWh
"In 2018, North America (EI) consumed how much of coal in terms of TWh?",4027.96 TWh
"In 2019, North America (EI) consumed how much of coal in terms of TWh?",3470.03 TWh
"In 2020, North America (EI) consumed how much of coal in terms of TWh?",2768.85 TWh
"In 2021, North America (EI) consumed how much of coal in terms of TWh?",3123.26 TWh
"In 2022, North America (EI) consumed how much of coal in terms of TWh?",2927.79 TWh
"In 2023, North America (EI) consumed how much of coal in terms of TWh?",2453.16 TWh
"In 1990, North Macedonia consumed how much of coal in terms of TWh?",15.47 TWh
"In 1991, North Macedonia consumed how much of coal in terms of TWh?",15.53 TWh
"In 1992, North Macedonia consumed how much of coal in terms of TWh?",15.44 TWh
"In 1993, North Macedonia consumed how much of coal in terms of TWh?",15.52 TWh
"In 1994, North Macedonia consumed how much of coal in terms of TWh?",16.12 TWh
"In 1995, North Macedonia consumed how much of coal in terms of TWh?",16.63 TWh
"In 1996, North Macedonia consumed how much of coal in terms of TWh?",16.09 TWh
"In 1997, North Macedonia consumed how much of coal in terms of TWh?",15.05 TWh
"In 1998, North Macedonia consumed how much of coal in terms of TWh?",19.46 TWh
"In 1999, North Macedonia consumed how much of coal in terms of TWh?",16.97 TWh
"In 2000, North Macedonia consumed how much of coal in terms of TWh?",15.54 TWh
"In 2001, North Macedonia consumed how much of coal in terms of TWh?",17.19 TWh
"In 2002, North Macedonia consumed how much of coal in terms of TWh?",14.94 TWh
"In 2003, North Macedonia consumed how much of coal in terms of TWh?",17.21 TWh
"In 2004, North Macedonia consumed how much of coal in terms of TWh?",16.35 TWh
"In 2005, North Macedonia consumed how much of coal in terms of TWh?",16.97 TWh
"In 2006, North Macedonia consumed how much of coal in terms of TWh?",16.49 TWh
"In 2007, North Macedonia consumed how much of coal in terms of TWh?",16.92 TWh
"In 2008, North Macedonia consumed how much of coal in terms of TWh?",17.34 TWh
"In 2009, North Macedonia consumed how much of coal in terms of TWh?",15.55 TWh
"In 2010, North Macedonia consumed how much of coal in terms of TWh?",15.06 TWh
"In 2011, North Macedonia consumed how much of coal in terms of TWh?",17.20 TWh
"In 2012, North Macedonia consumed how much of coal in terms of TWh?",16.19 TWh
"In 2013, North Macedonia consumed how much of coal in terms of TWh?",13.54 TWh
"In 2014, North Macedonia consumed how much of coal in terms of TWh?",12.53 TWh
"In 2015, North Macedonia consumed how much of coal in terms of TWh?",11.30 TWh
"In 2016, North Macedonia consumed how much of coal in terms of TWh?",10.19 TWh
"In 2017, North Macedonia consumed how much of coal in terms of TWh?",11.14 TWh
"In 2018, North Macedonia consumed how much of coal in terms of TWh?",10.05 TWh
"In 2019, North Macedonia consumed how much of coal in terms of TWh?",11.91 TWh
"In 2020, North Macedonia consumed how much of coal in terms of TWh?",8.81 TWh
"In 2021, North Macedonia consumed how much of coal in terms of TWh?",7.75 TWh
"In 2022, North Macedonia consumed how much of coal in terms of TWh?",9.77 TWh
"In 2023, North Macedonia consumed how much of coal in terms of TWh?",10.30 TWh
"In 1965, Norway consumed how much of coal in terms of TWh?",8.88 TWh
"In 1966, Norway consumed how much of coal in terms of TWh?",8.17 TWh
"In 1967, Norway consumed how much of coal in terms of TWh?",8.58 TWh
"In 1968, Norway consumed how much of coal in terms of TWh?",8.73 TWh
"In 1969, Norway consumed how much of coal in terms of TWh?",9.73 TWh
"In 1970, Norway consumed how much of coal in terms of TWh?",9.94 TWh
"In 1971, Norway consumed how much of coal in terms of TWh?",9.35 TWh
"In 1972, Norway consumed how much of coal in terms of TWh?",10.15 TWh
"In 1973, Norway consumed how much of coal in terms of TWh?",10.91 TWh
"In 1974, Norway consumed how much of coal in terms of TWh?",12.10 TWh
"In 1975, Norway consumed how much of coal in terms of TWh?",11.50 TWh
"In 1976, Norway consumed how much of coal in terms of TWh?",11.10 TWh
"In 1977, Norway consumed how much of coal in terms of TWh?",9.56 TWh
"In 1978, Norway consumed how much of coal in terms of TWh?",9.85 TWh
"In 1979, Norway consumed how much of coal in terms of TWh?",12.26 TWh
"In 1980, Norway consumed how much of coal in terms of TWh?",11.35 TWh
"In 1981, Norway consumed how much of coal in terms of TWh?",11.37 TWh
"In 1982, Norway consumed how much of coal in terms of TWh?",10.94 TWh
"In 1983, Norway consumed how much of coal in terms of TWh?",11.65 TWh
"In 1984, Norway consumed how much of coal in terms of TWh?",13.07 TWh
"In 1985, Norway consumed how much of coal in terms of TWh?",13.01 TWh
"In 1986, Norway consumed how much of coal in terms of TWh?",11.60 TWh
"In 1987, Norway consumed how much of coal in terms of TWh?",11.20 TWh
"In 1988, Norway consumed how much of coal in terms of TWh?",11.50 TWh
"In 1989, Norway consumed how much of coal in terms of TWh?",10.08 TWh
"In 1990, Norway consumed how much of coal in terms of TWh?",9.44 TWh
"In 1991, Norway consumed how much of coal in terms of TWh?",8.40 TWh
"In 1992, Norway consumed how much of coal in terms of TWh?",8.44 TWh
"In 1993, Norway consumed how much of coal in terms of TWh?",9.13 TWh
"In 1994, Norway consumed how much of coal in terms of TWh?",10.29 TWh
"In 1995, Norway consumed how much of coal in terms of TWh?",11.23 TWh
"In 1996, Norway consumed how much of coal in terms of TWh?",11.17 TWh
"In 1997, Norway consumed how much of coal in terms of TWh?",11.08 TWh
"In 1998, Norway consumed how much of coal in terms of TWh?",12.03 TWh
"In 1999, Norway consumed how much of coal in terms of TWh?",11.27 TWh
"In 2000, Norway consumed how much of coal in terms of TWh?",11.55 TWh
"In 2001, Norway consumed how much of coal in terms of TWh?",10.29 TWh
"In 2002, Norway consumed how much of coal in terms of TWh?",8.92 TWh
"In 2003, Norway consumed how much of coal in terms of TWh?",8.71 TWh
"In 2004, Norway consumed how much of coal in terms of TWh?",9.84 TWh
"In 2005, Norway consumed how much of coal in terms of TWh?",8.40 TWh
"In 2006, Norway consumed how much of coal in terms of TWh?",7.20 TWh
"In 2007, Norway consumed how much of coal in terms of TWh?",7.92 TWh
"In 2008, Norway consumed how much of coal in terms of TWh?",8.17 TWh
"In 2009, Norway consumed how much of coal in terms of TWh?",6.50 TWh
"In 2010, Norway consumed how much of coal in terms of TWh?",8.86 TWh
"In 2011, Norway consumed how much of coal in terms of TWh?",9.83 TWh
"In 2012, Norway consumed how much of coal in terms of TWh?",9.53 TWh
"In 2013, Norway consumed how much of coal in terms of TWh?",9.03 TWh
"In 2014, Norway consumed how much of coal in terms of TWh?",9.89 TWh
"In 2015, Norway consumed how much of coal in terms of TWh?",8.86 TWh
"In 2016, Norway consumed how much of coal in terms of TWh?",9.10 TWh
"In 2017, Norway consumed how much of coal in terms of TWh?",9.51 TWh
"In 2018, Norway consumed how much of coal in terms of TWh?",9.29 TWh
"In 2019, Norway consumed how much of coal in terms of TWh?",9.07 TWh
"In 2020, Norway consumed how much of coal in terms of TWh?",8.98 TWh
"In 2021, Norway consumed how much of coal in terms of TWh?",9.79 TWh
"In 2022, Norway consumed how much of coal in terms of TWh?",9.37 TWh
"In 2023, Norway consumed how much of coal in terms of TWh?",9.62 TWh
"In 1965, OECD (EI) consumed how much of coal in terms of TWh?",10201.04 TWh
"In 1966, OECD (EI) consumed how much of coal in terms of TWh?",10153.84 TWh
"In 1967, OECD (EI) consumed how much of coal in terms of TWh?",9964.01 TWh
"In 1968, OECD (EI) consumed how much of coal in terms of TWh?",10182.81 TWh
"In 1969, OECD (EI) consumed how much of coal in terms of TWh?",10314.32 TWh
"In 1970, OECD (EI) consumed how much of coal in terms of TWh?",10160.69 TWh
"In 1971, OECD (EI) consumed how much of coal in terms of TWh?",9631.03 TWh
"In 1972, OECD (EI) consumed how much of coal in terms of TWh?",9554.10 TWh
"In 1973, OECD (EI) consumed how much of coal in terms of TWh?",9945.13 TWh
"In 1974, OECD (EI) consumed how much of coal in terms of TWh?",9864.67 TWh
"In 1975, OECD (EI) consumed how much of coal in terms of TWh?",9693.24 TWh
"In 1976, OECD (EI) consumed how much of coal in terms of TWh?",10216.27 TWh
"In 1977, OECD (EI) consumed how much of coal in terms of TWh?",10364.31 TWh
"In 1978, OECD (EI) consumed how much of coal in terms of TWh?",10274.85 TWh
"In 1979, OECD (EI) consumed how much of coal in terms of TWh?",10901.90 TWh
"In 1980, OECD (EI) consumed how much of coal in terms of TWh?",11296.55 TWh
"In 1981, OECD (EI) consumed how much of coal in terms of TWh?",11406.31 TWh
"In 1982, OECD (EI) consumed how much of coal in terms of TWh?",11266.69 TWh
"In 1983, OECD (EI) consumed how much of coal in terms of TWh?",11486.76 TWh
"In 1984, OECD (EI) consumed how much of coal in terms of TWh?",11976.69 TWh
"In 1985, OECD (EI) consumed how much of coal in terms of TWh?",12485.60 TWh
"In 1986, OECD (EI) consumed how much of coal in terms of TWh?",12326.73 TWh
"In 1987, OECD (EI) consumed how much of coal in terms of TWh?",12670.34 TWh
"In 1988, OECD (EI) consumed how much of coal in terms of TWh?",12922.03 TWh
"In 1989, OECD (EI) consumed how much of coal in terms of TWh?",13015.33 TWh
"In 1990, OECD (EI) consumed how much of coal in terms of TWh?",12673.93 TWh
"In 1991, OECD (EI) consumed how much of coal in terms of TWh?",12405.27 TWh
"In 1992, OECD (EI) consumed how much of coal in terms of TWh?",12098.47 TWh
"In 1993, OECD (EI) consumed how much of coal in terms of TWh?",12026.44 TWh
"In 1994, OECD (EI) consumed how much of coal in terms of TWh?",12028.58 TWh
"In 1995, OECD (EI) consumed how much of coal in terms of TWh?",12099.59 TWh
"In 1996, OECD (EI) consumed how much of coal in terms of TWh?",12473.94 TWh
"In 1997, OECD (EI) consumed how much of coal in terms of TWh?",12577.60 TWh
"In 1998, OECD (EI) consumed how much of coal in terms of TWh?",12506.99 TWh
"In 1999, OECD (EI) consumed how much of coal in terms of TWh?",12388.43 TWh
"In 2000, OECD (EI) consumed how much of coal in terms of TWh?",12912.58 TWh
"In 2001, OECD (EI) consumed how much of coal in terms of TWh?",12756.84 TWh
"In 2002, OECD (EI) consumed how much of coal in terms of TWh?",12928.95 TWh
"In 2003, OECD (EI) consumed how much of coal in terms of TWh?",13229.97 TWh
"In 2004, OECD (EI) consumed how much of coal in terms of TWh?",13289.35 TWh
"In 2005, OECD (EI) consumed how much of coal in terms of TWh?",13378.87 TWh
"In 2006, OECD (EI) consumed how much of coal in terms of TWh?",13491.40 TWh
"In 2007, OECD (EI) consumed how much of coal in terms of TWh?",13704.43 TWh
"In 2008, OECD (EI) consumed how much of coal in terms of TWh?",13461.81 TWh
"In 2009, OECD (EI) consumed how much of coal in terms of TWh?",12041.98 TWh
"In 2010, OECD (EI) consumed how much of coal in terms of TWh?",12775.67 TWh
"In 2011, OECD (EI) consumed how much of coal in terms of TWh?",12533.09 TWh
"In 2012, OECD (EI) consumed how much of coal in terms of TWh?",12027.87 TWh
"In 2013, OECD (EI) consumed how much of coal in terms of TWh?",12136.46 TWh
"In 2014, OECD (EI) consumed how much of coal in terms of TWh?",11937.24 TWh
"In 2015, OECD (EI) consumed how much of coal in terms of TWh?",11171.42 TWh
"In 2016, OECD (EI) consumed how much of coal in terms of TWh?",10557.59 TWh
"In 2017, OECD (EI) consumed how much of coal in terms of TWh?",10479.76 TWh
"In 2018, OECD (EI) consumed how much of coal in terms of TWh?",10111.88 TWh
"In 2019, OECD (EI) consumed how much of coal in terms of TWh?",8967.44 TWh
"In 2020, OECD (EI) consumed how much of coal in terms of TWh?",7661.06 TWh
"In 2021, OECD (EI) consumed how much of coal in terms of TWh?",8322.97 TWh
"In 2022, OECD (EI) consumed how much of coal in terms of TWh?",8022.40 TWh
"In 2023, OECD (EI) consumed how much of coal in terms of TWh?",6986.01 TWh
"In 1965, Oceania consumed how much of coal in terms of TWh?",221.16 TWh
"In 1966, Oceania consumed how much of coal in terms of TWh?",228.00 TWh
"In 1967, Oceania consumed how much of coal in terms of TWh?",232.24 TWh
"In 1968, Oceania consumed how much of coal in terms of TWh?",237.69 TWh
"In 1969, Oceania consumed how much of coal in terms of TWh?",245.68 TWh
"In 1970, Oceania consumed how much of coal in terms of TWh?",248.10 TWh
"In 1971, Oceania consumed how much of coal in terms of TWh?",247.17 TWh
"In 1972, Oceania consumed how much of coal in terms of TWh?",257.89 TWh
"In 1973, Oceania consumed how much of coal in terms of TWh?",269.93 TWh
"In 1974, Oceania consumed how much of coal in terms of TWh?",281.51 TWh
"In 1975, Oceania consumed how much of coal in terms of TWh?",288.96 TWh
"In 1976, Oceania consumed how much of coal in terms of TWh?",298.71 TWh
"In 1977, Oceania consumed how much of coal in terms of TWh?",310.29 TWh
"In 1978, Oceania consumed how much of coal in terms of TWh?",316.72 TWh
"In 1979, Oceania consumed how much of coal in terms of TWh?",328.79 TWh
"In 1980, Oceania consumed how much of coal in terms of TWh?",338.39 TWh
"In 1981, Oceania consumed how much of coal in terms of TWh?",346.72 TWh
"In 1982, Oceania consumed how much of coal in terms of TWh?",349.99 TWh
"In 1983, Oceania consumed how much of coal in terms of TWh?",351.30 TWh
"In 1984, Oceania consumed how much of coal in terms of TWh?",369.62 TWh
"In 1985, Oceania consumed how much of coal in terms of TWh?",380.80 TWh
"In 1986, Oceania consumed how much of coal in terms of TWh?",392.04 TWh
"In 1987, Oceania consumed how much of coal in terms of TWh?",405.51 TWh
"In 1988, Oceania consumed how much of coal in terms of TWh?",426.93 TWh
"In 1989, Oceania consumed how much of coal in terms of TWh?",448.29 TWh
"In 1990, Oceania consumed how much of coal in terms of TWh?",458.28 TWh
"In 1991, Oceania consumed how much of coal in terms of TWh?",466.54 TWh
"In 1992, Oceania consumed how much of coal in terms of TWh?",470.58 TWh
"In 1993, Oceania consumed how much of coal in terms of TWh?",473.30 TWh
"In 1994, Oceania consumed how much of coal in terms of TWh?",481.88 TWh
"In 1995, Oceania consumed how much of coal in terms of TWh?",497.82 TWh
"In 1996, Oceania consumed how much of coal in terms of TWh?",517.42 TWh
"In 1997, Oceania consumed how much of coal in terms of TWh?",543.99 TWh
"In 1998, Oceania consumed how much of coal in terms of TWh?",566.33 TWh
"In 1999, Oceania consumed how much of coal in terms of TWh?",601.01 TWh
"In 2000, Oceania consumed how much of coal in terms of TWh?",604.52 TWh
"In 2001, Oceania consumed how much of coal in terms of TWh?",601.62 TWh
"In 2002, Oceania consumed how much of coal in terms of TWh?",614.79 TWh
"In 2003, Oceania consumed how much of coal in terms of TWh?",639.00 TWh
"In 2004, Oceania consumed how much of coal in terms of TWh?",665.66 TWh
"In 2005, Oceania consumed how much of coal in terms of TWh?",664.65 TWh
"In 2006, Oceania consumed how much of coal in terms of TWh?",681.52 TWh
"In 2007, Oceania consumed how much of coal in terms of TWh?",669.52 TWh
"In 2008, Oceania consumed how much of coal in terms of TWh?",701.76 TWh
"In 2009, Oceania consumed how much of coal in terms of TWh?",673.68 TWh
"In 2010, Oceania consumed how much of coal in terms of TWh?",623.47 TWh
"In 2011, Oceania consumed how much of coal in terms of TWh?",608.33 TWh
"In 2012, Oceania consumed how much of coal in terms of TWh?",574.74 TWh
"In 2013, Oceania consumed how much of coal in terms of TWh?",544.12 TWh
"In 2014, Oceania consumed how much of coal in terms of TWh?",538.40 TWh
"In 2015, Oceania consumed how much of coal in terms of TWh?",557.08 TWh
"In 2016, Oceania consumed how much of coal in terms of TWh?",553.86 TWh
"In 2017, Oceania consumed how much of coal in terms of TWh?",536.06 TWh
"In 2018, Oceania consumed how much of coal in terms of TWh?",524.56 TWh
"In 2019, Oceania consumed how much of coal in terms of TWh?",503.04 TWh
"In 2020, Oceania consumed how much of coal in terms of TWh?",483.82 TWh
"In 2021, Oceania consumed how much of coal in terms of TWh?",470.84 TWh
"In 2022, Oceania consumed how much of coal in terms of TWh?",441.75 TWh
"In 2023, Oceania consumed how much of coal in terms of TWh?",430.40 TWh
"In 1994, Oman consumed how much of coal in terms of TWh?",0.00 TWh
"In 1995, Oman consumed how much of coal in terms of TWh?",0.00 TWh
"In 1996, Oman consumed how much of coal in terms of TWh?",0.00 TWh
"In 1997, Oman consumed how much of coal in terms of TWh?",0.00 TWh
"In 1998, Oman consumed how much of coal in terms of TWh?",0.00 TWh
"In 1999, Oman consumed how much of coal in terms of TWh?",0.00 TWh
"In 2000, Oman consumed how much of coal in terms of TWh?",0.00 TWh
"In 2001, Oman consumed how much of coal in terms of TWh?",0.00 TWh
"In 2002, Oman consumed how much of coal in terms of TWh?",0.00 TWh
"In 2003, Oman consumed how much of coal in terms of TWh?",0.00 TWh
"In 2004, Oman consumed how much of coal in terms of TWh?",0.01 TWh
"In 2005, Oman consumed how much of coal in terms of TWh?",0.00 TWh
"In 2006, Oman consumed how much of coal in terms of TWh?",0.04 TWh
"In 2007, Oman consumed how much of coal in terms of TWh?",0.01 TWh
"In 2008, Oman consumed how much of coal in terms of TWh?",0.01 TWh
"In 2009, Oman consumed how much of coal in terms of TWh?",0.02 TWh
"In 2010, Oman consumed how much of coal in terms of TWh?",0.34 TWh
"In 2011, Oman consumed how much of coal in terms of TWh?",0.12 TWh
"In 2012, Oman consumed how much of coal in terms of TWh?",0.36 TWh
"In 2013, Oman consumed how much of coal in terms of TWh?",0.52 TWh
"In 2014, Oman consumed how much of coal in terms of TWh?",0.42 TWh
"In 2015, Oman consumed how much of coal in terms of TWh?",0.57 TWh
"In 2016, Oman consumed how much of coal in terms of TWh?",0.64 TWh
"In 2017, Oman consumed how much of coal in terms of TWh?",0.88 TWh
"In 2018, Oman consumed how much of coal in terms of TWh?",0.87 TWh
"In 2019, Oman consumed how much of coal in terms of TWh?",0.98 TWh
"In 2020, Oman consumed how much of coal in terms of TWh?",1.12 TWh
"In 2021, Oman consumed how much of coal in terms of TWh?",0.98 TWh
"In 2022, Oman consumed how much of coal in terms of TWh?",1.41 TWh
"In 2023, Oman consumed how much of coal in terms of TWh?",1.41 TWh
"In 1965, Pakistan consumed how much of coal in terms of TWh?",16.04 TWh
"In 1966, Pakistan consumed how much of coal in terms of TWh?",13.54 TWh
"In 1967, Pakistan consumed how much of coal in terms of TWh?",13.00 TWh
"In 1968, Pakistan consumed how much of coal in terms of TWh?",14.32 TWh
"In 1969, Pakistan consumed how much of coal in terms of TWh?",12.89 TWh
"In 1970, Pakistan consumed how much of coal in terms of TWh?",10.73 TWh
"In 1971, Pakistan consumed how much of coal in terms of TWh?",7.23 TWh
"In 1972, Pakistan consumed how much of coal in terms of TWh?",6.82 TWh
"In 1973, Pakistan consumed how much of coal in terms of TWh?",6.77 TWh
"In 1974, Pakistan consumed how much of coal in terms of TWh?",6.20 TWh
"In 1975, Pakistan consumed how much of coal in terms of TWh?",6.01 TWh
"In 1976, Pakistan consumed how much of coal in terms of TWh?",5.95 TWh
"In 1977, Pakistan consumed how much of coal in terms of TWh?",6.48 TWh
"In 1978, Pakistan consumed how much of coal in terms of TWh?",6.90 TWh
"In 1979, Pakistan consumed how much of coal in terms of TWh?",7.69 TWh
"In 1980, Pakistan consumed how much of coal in terms of TWh?",8.19 TWh
"In 1981, Pakistan consumed how much of coal in terms of TWh?",9.29 TWh
"In 1982, Pakistan consumed how much of coal in terms of TWh?",10.54 TWh
"In 1983, Pakistan consumed how much of coal in terms of TWh?",11.96 TWh
"In 1984, Pakistan consumed how much of coal in terms of TWh?",13.56 TWh
"In 1985, Pakistan consumed how much of coal in terms of TWh?",15.39 TWh
"In 1986, Pakistan consumed how much of coal in terms of TWh?",17.46 TWh
"In 1987, Pakistan consumed how much of coal in terms of TWh?",19.82 TWh
"In 1988, Pakistan consumed how much of coal in terms of TWh?",20.72 TWh
"In 1989, Pakistan consumed how much of coal in terms of TWh?",22.70 TWh
"In 1990, Pakistan consumed how much of coal in terms of TWh?",24.06 TWh
"In 1991, Pakistan consumed how much of coal in terms of TWh?",23.82 TWh
"In 1992, Pakistan consumed how much of coal in terms of TWh?",24.46 TWh
"In 1993, Pakistan consumed how much of coal in terms of TWh?",25.68 TWh
"In 1994, Pakistan consumed how much of coal in terms of TWh?",25.49 TWh
"In 1995, Pakistan consumed how much of coal in terms of TWh?",25.70 TWh
"In 1996, Pakistan consumed how much of coal in terms of TWh?",26.05 TWh
"In 1997, Pakistan consumed how much of coal in terms of TWh?",24.35 TWh
"In 1998, Pakistan consumed how much of coal in terms of TWh?",24.38 TWh
"In 1999, Pakistan consumed how much of coal in terms of TWh?",24.39 TWh
"In 2000, Pakistan consumed how much of coal in terms of TWh?",23.59 TWh
"In 2001, Pakistan consumed how much of coal in terms of TWh?",24.48 TWh
"In 2002, Pakistan consumed how much of coal in terms of TWh?",27.45 TWh
"In 2003, Pakistan consumed how much of coal in terms of TWh?",35.22 TWh
"In 2004, Pakistan consumed how much of coal in terms of TWh?",39.28 TWh
"In 2005, Pakistan consumed how much of coal in terms of TWh?",43.61 TWh
"In 2006, Pakistan consumed how much of coal in terms of TWh?",46.21 TWh
"In 2007, Pakistan consumed how much of coal in terms of TWh?",63.23 TWh
"In 2008, Pakistan consumed how much of coal in terms of TWh?",69.67 TWh
"In 2009, Pakistan consumed how much of coal in terms of TWh?",57.30 TWh
"In 2010, Pakistan consumed how much of coal in terms of TWh?",53.85 TWh
"In 2011, Pakistan consumed how much of coal in terms of TWh?",46.43 TWh
"In 2012, Pakistan consumed how much of coal in terms of TWh?",47.09 TWh
"In 2013, Pakistan consumed how much of coal in terms of TWh?",37.31 TWh
"In 2014, Pakistan consumed how much of coal in terms of TWh?",55.00 TWh
"In 2015, Pakistan consumed how much of coal in terms of TWh?",54.26 TWh
"In 2016, Pakistan consumed how much of coal in terms of TWh?",62.12 TWh
"In 2017, Pakistan consumed how much of coal in terms of TWh?",83.12 TWh
"In 2018, Pakistan consumed how much of coal in terms of TWh?",137.65 TWh
"In 2019, Pakistan consumed how much of coal in terms of TWh?",156.56 TWh
"In 2020, Pakistan consumed how much of coal in terms of TWh?",181.75 TWh
"In 2021, Pakistan consumed how much of coal in terms of TWh?",200.76 TWh
"In 2022, Pakistan consumed how much of coal in terms of TWh?",178.55 TWh
"In 2023, Pakistan consumed how much of coal in terms of TWh?",171.42 TWh
"In 1965, Peru consumed how much of coal in terms of TWh?",0.42 TWh
"In 1966, Peru consumed how much of coal in terms of TWh?",0.53 TWh
"In 1967, Peru consumed how much of coal in terms of TWh?",0.60 TWh
"In 1968, Peru consumed how much of coal in terms of TWh?",0.59 TWh
"In 1969, Peru consumed how much of coal in terms of TWh?",1.00 TWh
"In 1970, Peru consumed how much of coal in terms of TWh?",1.01 TWh
"In 1971, Peru consumed how much of coal in terms of TWh?",1.42 TWh
"In 1972, Peru consumed how much of coal in terms of TWh?",1.53 TWh
"In 1973, Peru consumed how much of coal in terms of TWh?",1.75 TWh
"In 1974, Peru consumed how much of coal in terms of TWh?",1.87 TWh
"In 1975, Peru consumed how much of coal in terms of TWh?",1.95 TWh
"In 1976, Peru consumed how much of coal in terms of TWh?",1.51 TWh
"In 1977, Peru consumed how much of coal in terms of TWh?",1.73 TWh
"In 1978, Peru consumed how much of coal in terms of TWh?",1.48 TWh
"In 1979, Peru consumed how much of coal in terms of TWh?",1.57 TWh
"In 1980, Peru consumed how much of coal in terms of TWh?",1.65 TWh
"In 1981, Peru consumed how much of coal in terms of TWh?",1.67 TWh
"In 1982, Peru consumed how much of coal in terms of TWh?",1.89 TWh
"In 1983, Peru consumed how much of coal in terms of TWh?",1.60 TWh
"In 1984, Peru consumed how much of coal in terms of TWh?",1.28 TWh
"In 1985, Peru consumed how much of coal in terms of TWh?",1.39 TWh
"In 1986, Peru consumed how much of coal in terms of TWh?",1.89 TWh
"In 1987, Peru consumed how much of coal in terms of TWh?",2.14 TWh
"In 1988, Peru consumed how much of coal in terms of TWh?",2.10 TWh
"In 1989, Peru consumed how much of coal in terms of TWh?",2.34 TWh
"In 1990, Peru consumed how much of coal in terms of TWh?",1.69 TWh
"In 1991, Peru consumed how much of coal in terms of TWh?",3.27 TWh
"In 1992, Peru consumed how much of coal in terms of TWh?",3.20 TWh
"In 1993, Peru consumed how much of coal in terms of TWh?",3.36 TWh
"In 1994, Peru consumed how much of coal in terms of TWh?",4.14 TWh
"In 1995, Peru consumed how much of coal in terms of TWh?",4.35 TWh
"In 1996, Peru consumed how much of coal in terms of TWh?",4.56 TWh
"In 1997, Peru consumed how much of coal in terms of TWh?",4.74 TWh
"In 1998, Peru consumed how much of coal in terms of TWh?",5.20 TWh
"In 1999, Peru consumed how much of coal in terms of TWh?",4.71 TWh
"In 2000, Peru consumed how much of coal in terms of TWh?",7.32 TWh
"In 2001, Peru consumed how much of coal in terms of TWh?",6.65 TWh
"In 2002, Peru consumed how much of coal in terms of TWh?",9.10 TWh
"In 2003, Peru consumed how much of coal in terms of TWh?",9.77 TWh
"In 2004, Peru consumed how much of coal in terms of TWh?",10.56 TWh
"In 2005, Peru consumed how much of coal in terms of TWh?",10.72 TWh
"In 2006, Peru consumed how much of coal in terms of TWh?",9.12 TWh
"In 2007, Peru consumed how much of coal in terms of TWh?",12.04 TWh
"In 2008, Peru consumed how much of coal in terms of TWh?",10.73 TWh
"In 2009, Peru consumed how much of coal in terms of TWh?",9.64 TWh
"In 2010, Peru consumed how much of coal in terms of TWh?",9.46 TWh
"In 2011, Peru consumed how much of coal in terms of TWh?",9.51 TWh
"In 2012, Peru consumed how much of coal in terms of TWh?",10.15 TWh
"In 2013, Peru consumed how much of coal in terms of TWh?",10.24 TWh
"In 2014, Peru consumed how much of coal in terms of TWh?",10.11 TWh
"In 2015, Peru consumed how much of coal in terms of TWh?",9.42 TWh
"In 2016, Peru consumed how much of coal in terms of TWh?",10.05 TWh
"In 2017, Peru consumed how much of coal in terms of TWh?",8.72 TWh
"In 2018, Peru consumed how much of coal in terms of TWh?",7.87 TWh
"In 2019, Peru consumed how much of coal in terms of TWh?",8.19 TWh
"In 2020, Peru consumed how much of coal in terms of TWh?",5.95 TWh
"In 2021, Peru consumed how much of coal in terms of TWh?",7.79 TWh
"In 2022, Peru consumed how much of coal in terms of TWh?",8.42 TWh
"In 2023, Peru consumed how much of coal in terms of TWh?",8.14 TWh
"In 1965, Philippines consumed how much of coal in terms of TWh?",0.52 TWh
"In 1966, Philippines consumed how much of coal in terms of TWh?",0.49 TWh
"In 1967, Philippines consumed how much of coal in terms of TWh?",0.38 TWh
"In 1968, Philippines consumed how much of coal in terms of TWh?",0.17 TWh
"In 1969, Philippines consumed how much of coal in terms of TWh?",0.23 TWh
"In 1970, Philippines consumed how much of coal in terms of TWh?",0.23 TWh
"In 1971, Philippines consumed how much of coal in terms of TWh?",0.22 TWh
"In 1972, Philippines consumed how much of coal in terms of TWh?",0.22 TWh
"In 1973, Philippines consumed how much of coal in terms of TWh?",0.22 TWh
"In 1974, Philippines consumed how much of coal in terms of TWh?",0.30 TWh
"In 1975, Philippines consumed how much of coal in terms of TWh?",0.58 TWh
"In 1976, Philippines consumed how much of coal in terms of TWh?",0.68 TWh
"In 1977, Philippines consumed how much of coal in terms of TWh?",1.69 TWh
"In 1978, Philippines consumed how much of coal in terms of TWh?",1.55 TWh
"In 1979, Philippines consumed how much of coal in terms of TWh?",1.35 TWh
"In 1980, Philippines consumed how much of coal in terms of TWh?",1.63 TWh
"In 1981, Philippines consumed how much of coal in terms of TWh?",2.82 TWh
"In 1982, Philippines consumed how much of coal in terms of TWh?",3.15 TWh
"In 1983, Philippines consumed how much of coal in terms of TWh?",5.73 TWh
"In 1984, Philippines consumed how much of coal in terms of TWh?",9.18 TWh
"In 1985, Philippines consumed how much of coal in terms of TWh?",12.99 TWh
"In 1986, Philippines consumed how much of coal in terms of TWh?",10.23 TWh
"In 1987, Philippines consumed how much of coal in terms of TWh?",10.88 TWh
"In 1988, Philippines consumed how much of coal in terms of TWh?",13.78 TWh
"In 1989, Philippines consumed how much of coal in terms of TWh?",10.89 TWh
"In 1990, Philippines consumed how much of coal in terms of TWh?",14.60 TWh
"In 1991, Philippines consumed how much of coal in terms of TWh?",17.90 TWh
"In 1992, Philippines consumed how much of coal in terms of TWh?",15.75 TWh
"In 1993, Philippines consumed how much of coal in terms of TWh?",17.48 TWh
"In 1994, Philippines consumed how much of coal in terms of TWh?",17.78 TWh
"In 1995, Philippines consumed how much of coal in terms of TWh?",19.12 TWh
"In 1996, Philippines consumed how much of coal in terms of TWh?",25.76 TWh
"In 1997, Philippines consumed how much of coal in terms of TWh?",31.85 TWh
"In 1998, Philippines consumed how much of coal in terms of TWh?",34.53 TWh
"In 1999, Philippines consumed how much of coal in terms of TWh?",39.39 TWh
"In 2000, Philippines consumed how much of coal in terms of TWh?",53.78 TWh
"In 2001, Philippines consumed how much of coal in terms of TWh?",52.45 TWh
"In 2002, Philippines consumed how much of coal in terms of TWh?",49.16 TWh
"In 2003, Philippines consumed how much of coal in terms of TWh?",50.04 TWh
"In 2004, Philippines consumed how much of coal in terms of TWh?",52.71 TWh
"In 2005, Philippines consumed how much of coal in terms of TWh?",61.84 TWh
"In 2006, Philippines consumed how much of coal in terms of TWh?",58.60 TWh
"In 2007, Philippines consumed how much of coal in terms of TWh?",62.70 TWh
"In 2008, Philippines consumed how much of coal in terms of TWh?",73.92 TWh
"In 2009, Philippines consumed how much of coal in terms of TWh?",70.56 TWh
"In 2010, Philippines consumed how much of coal in terms of TWh?",81.77 TWh
"In 2011, Philippines consumed how much of coal in terms of TWh?",89.85 TWh
"In 2012, Philippines consumed how much of coal in terms of TWh?",94.03 TWh
"In 2013, Philippines consumed how much of coal in terms of TWh?",116.33 TWh
"In 2014, Philippines consumed how much of coal in terms of TWh?",123.77 TWh
"In 2015, Philippines consumed how much of coal in terms of TWh?",135.08 TWh
"In 2016, Philippines consumed how much of coal in terms of TWh?",152.19 TWh
"In 2017, Philippines consumed how much of coal in terms of TWh?",179.97 TWh
"In 2018, Philippines consumed how much of coal in terms of TWh?",190.14 TWh
"In 2019, Philippines consumed how much of coal in terms of TWh?",203.31 TWh
"In 2020, Philippines consumed how much of coal in terms of TWh?",204.06 TWh
"In 2021, Philippines consumed how much of coal in terms of TWh?",219.96 TWh
"In 2022, Philippines consumed how much of coal in terms of TWh?",221.85 TWh
"In 2023, Philippines consumed how much of coal in terms of TWh?",244.92 TWh
"In 1965, Poland consumed how much of coal in terms of TWh?",691.76 TWh
"In 1966, Poland consumed how much of coal in terms of TWh?",701.03 TWh
"In 1967, Poland consumed how much of coal in terms of TWh?",713.72 TWh
"In 1968, Poland consumed how much of coal in terms of TWh?",748.06 TWh
"In 1969, Poland consumed how much of coal in terms of TWh?",785.92 TWh
"In 1970, Poland consumed how much of coal in terms of TWh?",816.19 TWh
"In 1971, Poland consumed how much of coal in terms of TWh?",835.46 TWh
"In 1972, Poland consumed how much of coal in terms of TWh?",873.96 TWh
"In 1973, Poland consumed how much of coal in terms of TWh?",877.55 TWh
"In 1974, Poland consumed how much of coal in terms of TWh?",902.29 TWh
"In 1975, Poland consumed how much of coal in terms of TWh?",973.44 TWh
"In 1976, Poland consumed how much of coal in terms of TWh?",1017.81 TWh
"In 1977, Poland consumed how much of coal in terms of TWh?",1053.91 TWh
"In 1978, Poland consumed how much of coal in terms of TWh?",1102.98 TWh
"In 1979, Poland consumed how much of coal in terms of TWh?",1116.28 TWh
"In 1980, Poland consumed how much of coal in terms of TWh?",1182.12 TWh
"In 1981, Poland consumed how much of coal in terms of TWh?",1054.03 TWh
"In 1982, Poland consumed how much of coal in terms of TWh?",1091.07 TWh
"In 1983, Poland consumed how much of coal in terms of TWh?",1088.43 TWh
"In 1984, Poland consumed how much of coal in terms of TWh?",1134.93 TWh
"In 1985, Poland consumed how much of coal in terms of TWh?",1161.31 TWh
"In 1986, Poland consumed how much of coal in terms of TWh?",1191.01 TWh
"In 1987, Poland consumed how much of coal in terms of TWh?",1233.94 TWh
"In 1988, Poland consumed how much of coal in terms of TWh?",1199.97 TWh
"In 1989, Poland consumed how much of coal in terms of TWh?",1146.61 TWh
"In 1990, Poland consumed how much of coal in terms of TWh?",912.26 TWh
"In 1991, Poland consumed how much of coal in terms of TWh?",903.56 TWh
"In 1992, Poland consumed how much of coal in terms of TWh?",873.54 TWh
"In 1993, Poland consumed how much of coal in terms of TWh?",863.49 TWh
"In 1994, Poland consumed how much of coal in terms of TWh?",804.19 TWh
"In 1995, Poland consumed how much of coal in terms of TWh?",817.86 TWh
"In 1996, Poland consumed how much of coal in terms of TWh?",837.15 TWh
"In 1997, Poland consumed how much of coal in terms of TWh?",816.96 TWh
"In 1998, Poland consumed how much of coal in terms of TWh?",736.13 TWh
"In 1999, Poland consumed how much of coal in terms of TWh?",706.23 TWh
"In 2000, Poland consumed how much of coal in terms of TWh?",654.11 TWh
"In 2001, Poland consumed how much of coal in terms of TWh?",646.41 TWh
"In 2002, Poland consumed how much of coal in terms of TWh?",634.17 TWh
"In 2003, Poland consumed how much of coal in terms of TWh?",652.90 TWh
"In 2004, Poland consumed how much of coal in terms of TWh?",633.71 TWh
"In 2005, Poland consumed how much of coal in terms of TWh?",641.02 TWh
"In 2006, Poland consumed how much of coal in terms of TWh?",667.58 TWh
"In 2007, Poland consumed how much of coal in terms of TWh?",650.67 TWh
"In 2008, Poland consumed how much of coal in terms of TWh?",642.18 TWh
"In 2009, Poland consumed how much of coal in terms of TWh?",602.87 TWh
"In 2010, Poland consumed how much of coal in terms of TWh?",640.52 TWh
"In 2011, Poland consumed how much of coal in terms of TWh?",639.22 TWh
"In 2012, Poland consumed how much of coal in terms of TWh?",595.80 TWh
"In 2013, Poland consumed how much of coal in terms of TWh?",620.82 TWh
"In 2014, Poland consumed how much of coal in terms of TWh?",575.05 TWh
"In 2015, Poland consumed how much of coal in terms of TWh?",566.05 TWh
"In 2016, Poland consumed how much of coal in terms of TWh?",575.67 TWh
"In 2017, Poland consumed how much of coal in terms of TWh?",578.88 TWh
"In 2018, Poland consumed how much of coal in terms of TWh?",579.18 TWh
"In 2019, Poland consumed how much of coal in terms of TWh?",516.08 TWh
"In 2020, Poland consumed how much of coal in terms of TWh?",478.41 TWh
"In 2021, Poland consumed how much of coal in terms of TWh?",529.15 TWh
"In 2022, Poland consumed how much of coal in terms of TWh?",495.63 TWh
"In 2023, Poland consumed how much of coal in terms of TWh?",418.32 TWh
"In 1965, Portugal consumed how much of coal in terms of TWh?",6.88 TWh
"In 1966, Portugal consumed how much of coal in terms of TWh?",7.02 TWh
"In 1967, Portugal consumed how much of coal in terms of TWh?",6.99 TWh
"In 1968, Portugal consumed how much of coal in terms of TWh?",6.29 TWh
"In 1969, Portugal consumed how much of coal in terms of TWh?",5.93 TWh
"In 1970, Portugal consumed how much of coal in terms of TWh?",5.43 TWh
"In 1971, Portugal consumed how much of coal in terms of TWh?",5.02 TWh
"In 1972, Portugal consumed how much of coal in terms of TWh?",4.44 TWh
"In 1973, Portugal consumed how much of coal in terms of TWh?",6.57 TWh
"In 1974, Portugal consumed how much of coal in terms of TWh?",5.11 TWh
"In 1975, Portugal consumed how much of coal in terms of TWh?",4.79 TWh
"In 1976, Portugal consumed how much of coal in terms of TWh?",4.65 TWh
"In 1977, Portugal consumed how much of coal in terms of TWh?",4.22 TWh
"In 1978, Portugal consumed how much of coal in terms of TWh?",4.98 TWh
"In 1979, Portugal consumed how much of coal in terms of TWh?",5.20 TWh
"In 1980, Portugal consumed how much of coal in terms of TWh?",4.07 TWh
"In 1981, Portugal consumed how much of coal in terms of TWh?",4.62 TWh
"In 1982, Portugal consumed how much of coal in terms of TWh?",4.26 TWh
"In 1983, Portugal consumed how much of coal in terms of TWh?",4.65 TWh
"In 1984, Portugal consumed how much of coal in terms of TWh?",5.76 TWh
"In 1985, Portugal consumed how much of coal in terms of TWh?",8.94 TWh
"In 1986, Portugal consumed how much of coal in terms of TWh?",16.86 TWh
"In 1987, Portugal consumed how much of coal in terms of TWh?",21.96 TWh
"In 1988, Portugal consumed how much of coal in terms of TWh?",25.32 TWh
"In 1989, Portugal consumed how much of coal in terms of TWh?",28.25 TWh
"In 1990, Portugal consumed how much of coal in terms of TWh?",33.12 TWh
"In 1991, Portugal consumed how much of coal in terms of TWh?",34.70 TWh
"In 1992, Portugal consumed how much of coal in terms of TWh?",35.13 TWh
"In 1993, Portugal consumed how much of coal in terms of TWh?",38.26 TWh
"In 1994, Portugal consumed how much of coal in terms of TWh?",39.86 TWh
"In 1995, Portugal consumed how much of coal in terms of TWh?",48.87 TWh
"In 1996, Portugal consumed how much of coal in terms of TWh?",45.59 TWh
"In 1997, Portugal consumed how much of coal in terms of TWh?",41.47 TWh
"In 1998, Portugal consumed how much of coal in terms of TWh?",41.46 TWh
"In 1999, Portugal consumed how much of coal in terms of TWh?",43.06 TWh
"In 2000, Portugal consumed how much of coal in terms of TWh?",43.17 TWh
"In 2001, Portugal consumed how much of coal in terms of TWh?",36.92 TWh
"In 2002, Portugal consumed how much of coal in terms of TWh?",40.70 TWh
"In 2003, Portugal consumed how much of coal in terms of TWh?",38.97 TWh
"In 2004, Portugal consumed how much of coal in terms of TWh?",38.55 TWh
"In 2005, Portugal consumed how much of coal in terms of TWh?",38.80 TWh
"In 2006, Portugal consumed how much of coal in terms of TWh?",38.41 TWh
"In 2007, Portugal consumed how much of coal in terms of TWh?",33.44 TWh
"In 2008, Portugal consumed how much of coal in terms of TWh?",29.26 TWh
"In 2009, Portugal consumed how much of coal in terms of TWh?",33.22 TWh
"In 2010, Portugal consumed how much of coal in terms of TWh?",19.16 TWh
"In 2011, Portugal consumed how much of coal in terms of TWh?",25.83 TWh
"In 2012, Portugal consumed how much of coal in terms of TWh?",33.85 TWh
"In 2013, Portugal consumed how much of coal in terms of TWh?",30.82 TWh
"In 2014, Portugal consumed how much of coal in terms of TWh?",31.16 TWh
"In 2015, Portugal consumed how much of coal in terms of TWh?",37.91 TWh
"In 2016, Portugal consumed how much of coal in terms of TWh?",33.10 TWh
"In 2017, Portugal consumed how much of coal in terms of TWh?",37.76 TWh
"In 2018, Portugal consumed how much of coal in terms of TWh?",31.67 TWh
"In 2019, Portugal consumed how much of coal in terms of TWh?",14.52 TWh
"In 2020, Portugal consumed how much of coal in terms of TWh?",6.58 TWh
"In 2021, Portugal consumed how much of coal in terms of TWh?",2.27 TWh
"In 2022, Portugal consumed how much of coal in terms of TWh?",0.08 TWh
"In 2023, Portugal consumed how much of coal in terms of TWh?",0.06 TWh
"In 2005, Qatar consumed how much of coal in terms of TWh?",0.00 TWh
"In 2012, Qatar consumed how much of coal in terms of TWh?",0.05 TWh
"In 2013, Qatar consumed how much of coal in terms of TWh?",0.08 TWh
"In 2014, Qatar consumed how much of coal in terms of TWh?",0.48 TWh
"In 2015, Qatar consumed how much of coal in terms of TWh?",0.28 TWh
"In 2016, Qatar consumed how much of coal in terms of TWh?",0.30 TWh
"In 2017, Qatar consumed how much of coal in terms of TWh?",0.33 TWh
"In 2018, Qatar consumed how much of coal in terms of TWh?",0.47 TWh
"In 2019, Qatar consumed how much of coal in terms of TWh?",0.41 TWh
"In 2020, Qatar consumed how much of coal in terms of TWh?",0.07 TWh
"In 2021, Qatar consumed how much of coal in terms of TWh?",0.03 TWh
"In 2022, Qatar consumed how much of coal in terms of TWh?",0.11 TWh
"In 2023, Qatar consumed how much of coal in terms of TWh?",0.13 TWh
"In 1965, Romania consumed how much of coal in terms of TWh?",50.70 TWh
"In 1966, Romania consumed how much of coal in terms of TWh?",54.61 TWh
"In 1967, Romania consumed how much of coal in terms of TWh?",60.51 TWh
"In 1968, Romania consumed how much of coal in terms of TWh?",66.34 TWh
"In 1969, Romania consumed how much of coal in terms of TWh?",76.66 TWh
"In 1970, Romania consumed how much of coal in terms of TWh?",83.29 TWh
"In 1971, Romania consumed how much of coal in terms of TWh?",87.97 TWh
"In 1972, Romania consumed how much of coal in terms of TWh?",92.09 TWh
"In 1973, Romania consumed how much of coal in terms of TWh?",103.69 TWh
"In 1974, Romania consumed how much of coal in terms of TWh?",109.05 TWh
"In 1975, Romania consumed how much of coal in terms of TWh?",113.06 TWh
"In 1976, Romania consumed how much of coal in terms of TWh?",114.74 TWh
"In 1977, Romania consumed how much of coal in terms of TWh?",116.18 TWh
"In 1978, Romania consumed how much of coal in terms of TWh?",130.47 TWh
"In 1979, Romania consumed how much of coal in terms of TWh?",140.51 TWh
"In 1980, Romania consumed how much of coal in terms of TWh?",143.79 TWh
"In 1981, Romania consumed how much of coal in terms of TWh?",151.14 TWh
"In 1982, Romania consumed how much of coal in terms of TWh?",144.42 TWh
"In 1983, Romania consumed how much of coal in terms of TWh?",166.86 TWh
"In 1984, Romania consumed how much of coal in terms of TWh?",166.56 TWh
"In 1985, Romania consumed how much of coal in terms of TWh?",173.54 TWh
"In 1986, Romania consumed how much of coal in terms of TWh?",175.76 TWh
"In 1987, Romania consumed how much of coal in terms of TWh?",188.20 TWh
"In 1988, Romania consumed how much of coal in terms of TWh?",203.79 TWh
"In 1989, Romania consumed how much of coal in terms of TWh?",203.56 TWh
"In 1990, Romania consumed how much of coal in terms of TWh?",146.06 TWh
"In 1991, Romania consumed how much of coal in terms of TWh?",121.91 TWh
"In 1992, Romania consumed how much of coal in terms of TWh?",120.03 TWh
"In 1993, Romania consumed how much of coal in terms of TWh?",118.72 TWh
"In 1994, Romania consumed how much of coal in terms of TWh?",118.89 TWh
"In 1995, Romania consumed how much of coal in terms of TWh?",122.87 TWh
"In 1996, Romania consumed how much of coal in terms of TWh?",122.79 TWh
"In 1997, Romania consumed how much of coal in terms of TWh?",111.58 TWh
"In 1998, Romania consumed how much of coal in terms of TWh?",94.03 TWh
"In 1999, Romania consumed how much of coal in terms of TWh?",81.75 TWh
"In 2000, Romania consumed how much of coal in terms of TWh?",85.54 TWh
"In 2001, Romania consumed how much of coal in terms of TWh?",88.46 TWh
"In 2002, Romania consumed how much of coal in terms of TWh?",95.27 TWh
"In 2003, Romania consumed how much of coal in terms of TWh?",106.62 TWh
"In 2004, Romania consumed how much of coal in terms of TWh?",104.84 TWh
"In 2005, Romania consumed how much of coal in terms of TWh?",99.98 TWh
"In 2006, Romania consumed how much of coal in terms of TWh?",113.25 TWh
"In 2007, Romania consumed how much of coal in terms of TWh?",114.21 TWh
"In 2008, Romania consumed how much of coal in terms of TWh?",109.89 TWh
"In 2009, Romania consumed how much of coal in terms of TWh?",87.61 TWh
"In 2010, Romania consumed how much of coal in terms of TWh?",81.89 TWh
"In 2011, Romania consumed how much of coal in terms of TWh?",95.47 TWh
"In 2012, Romania consumed how much of coal in terms of TWh?",88.01 TWh
"In 2013, Romania consumed how much of coal in terms of TWh?",68.36 TWh
"In 2014, Romania consumed how much of coal in terms of TWh?",67.59 TWh
"In 2015, Romania consumed how much of coal in terms of TWh?",70.09 TWh
"In 2016, Romania consumed how much of coal in terms of TWh?",62.38 TWh
"In 2017, Romania consumed how much of coal in terms of TWh?",62.51 TWh
"In 2018, Romania consumed how much of coal in terms of TWh?",59.62 TWh
"In 2019, Romania consumed how much of coal in terms of TWh?",57.78 TWh
"In 2020, Romania consumed how much of coal in terms of TWh?",41.72 TWh
"In 2021, Romania consumed how much of coal in terms of TWh?",47.13 TWh
"In 2022, Romania consumed how much of coal in terms of TWh?",42.04 TWh
"In 2023, Romania consumed how much of coal in terms of TWh?",31.72 TWh
"In 1985, Russia consumed how much of coal in terms of TWh?",2303.89 TWh
"In 1986, Russia consumed how much of coal in terms of TWh?",2366.46 TWh
"In 1987, Russia consumed how much of coal in terms of TWh?",2402.56 TWh
"In 1988, Russia consumed how much of coal in terms of TWh?",2367.10 TWh
"In 1989, Russia consumed how much of coal in terms of TWh?",2288.87 TWh
"In 1990, Russia consumed how much of coal in terms of TWh?",2120.21 TWh
"In 1991, Russia consumed how much of coal in terms of TWh?",1942.91 TWh
"In 1992, Russia consumed how much of coal in terms of TWh?",1825.71 TWh
"In 1993, Russia consumed how much of coal in terms of TWh?",1647.87 TWh
"In 1994, Russia consumed how much of coal in terms of TWh?",1441.23 TWh
"In 1995, Russia consumed how much of coal in terms of TWh?",1388.35 TWh
"In 1996, Russia consumed how much of coal in terms of TWh?",1362.64 TWh
"In 1997, Russia consumed how much of coal in terms of TWh?",1256.45 TWh
"In 1998, Russia consumed how much of coal in terms of TWh?",1176.45 TWh
"In 1999, Russia consumed how much of coal in terms of TWh?",1185.99 TWh
"In 2000, Russia consumed how much of coal in terms of TWh?",1230.06 TWh
"In 2001, Russia consumed how much of coal in terms of TWh?",1199.91 TWh
"In 2002, Russia consumed how much of coal in terms of TWh?",1204.94 TWh
"In 2003, Russia consumed how much of coal in terms of TWh?",1212.41 TWh
"In 2004, Russia consumed how much of coal in terms of TWh?",1161.75 TWh
"In 2005, Russia consumed how much of coal in terms of TWh?",1099.90 TWh
"In 2006, Russia consumed how much of coal in terms of TWh?",1128.36 TWh
"In 2007, Russia consumed how much of coal in terms of TWh?",1092.24 TWh
"In 2008, Russia consumed how much of coal in terms of TWh?",1171.35 TWh
"In 2009, Russia consumed how much of coal in terms of TWh?",1071.75 TWh
"In 2010, Russia consumed how much of coal in terms of TWh?",1052.68 TWh
"In 2011, Russia consumed how much of coal in terms of TWh?",1093.34 TWh
"In 2012, Russia consumed how much of coal in terms of TWh?",1144.62 TWh
"In 2013, Russia consumed how much of coal in terms of TWh?",1052.63 TWh
"In 2014, Russia consumed how much of coal in terms of TWh?",1018.44 TWh
"In 2015, Russia consumed how much of coal in terms of TWh?",1071.36 TWh
"In 2016, Russia consumed how much of coal in terms of TWh?",1037.98 TWh
"In 2017, Russia consumed how much of coal in terms of TWh?",976.11 TWh
"In 2018, Russia consumed how much of coal in terms of TWh?",1007.86 TWh
"In 2019, Russia consumed how much of coal in terms of TWh?",990.76 TWh
"In 2020, Russia consumed how much of coal in terms of TWh?",914.23 TWh
"In 2021, Russia consumed how much of coal in terms of TWh?",951.68 TWh
"In 2022, Russia consumed how much of coal in terms of TWh?",1067.09 TWh
"In 2023, Russia consumed how much of coal in terms of TWh?",1064.97 TWh
"In 1965, Saudi Arabia consumed how much of coal in terms of TWh?",0.00 TWh
"In 1966, Saudi Arabia consumed how much of coal in terms of TWh?",0.00 TWh
"In 1967, Saudi Arabia consumed how much of coal in terms of TWh?",0.00 TWh
"In 1968, Saudi Arabia consumed how much of coal in terms of TWh?",0.00 TWh
"In 1969, Saudi Arabia consumed how much of coal in terms of TWh?",0.00 TWh
"In 1970, Saudi Arabia consumed how much of coal in terms of TWh?",0.00 TWh
"In 1971, Saudi Arabia consumed how much of coal in terms of TWh?",0.00 TWh
"In 1972, Saudi Arabia consumed how much of coal in terms of TWh?",0.00 TWh
"In 1973, Saudi Arabia consumed how much of coal in terms of TWh?",0.00 TWh
"In 1974, Saudi Arabia consumed how much of coal in terms of TWh?",0.00 TWh
"In 1975, Saudi Arabia consumed how much of coal in terms of TWh?",0.00 TWh
"In 1976, Saudi Arabia consumed how much of coal in terms of TWh?",0.00 TWh
"In 1977, Saudi Arabia consumed how much of coal in terms of TWh?",0.00 TWh
"In 1978, Saudi Arabia consumed how much of coal in terms of TWh?",0.00 TWh
"In 1979, Saudi Arabia consumed how much of coal in terms of TWh?",0.00 TWh
"In 1980, Saudi Arabia consumed how much of coal in terms of TWh?",0.00 TWh
"In 1981, Saudi Arabia consumed how much of coal in terms of TWh?",0.00 TWh
"In 1982, Saudi Arabia consumed how much of coal in terms of TWh?",0.00 TWh
"In 1983, Saudi Arabia consumed how much of coal in terms of TWh?",0.00 TWh
"In 1984, Saudi Arabia consumed how much of coal in terms of TWh?",0.00 TWh
"In 1985, Saudi Arabia consumed how much of coal in terms of TWh?",0.00 TWh
"In 1986, Saudi Arabia consumed how much of coal in terms of TWh?",0.00 TWh
"In 1987, Saudi Arabia consumed how much of coal in terms of TWh?",0.00 TWh
"In 1988, Saudi Arabia consumed how much of coal in terms of TWh?",0.00 TWh
"In 1989, Saudi Arabia consumed how much of coal in terms of TWh?",0.00 TWh
"In 1990, Saudi Arabia consumed how much of coal in terms of TWh?",0.00 TWh
"In 1991, Saudi Arabia consumed how much of coal in terms of TWh?",0.00 TWh
"In 1992, Saudi Arabia consumed how much of coal in terms of TWh?",0.00 TWh
"In 1993, Saudi Arabia consumed how much of coal in terms of TWh?",0.00 TWh
"In 1994, Saudi Arabia consumed how much of coal in terms of TWh?",0.00 TWh
"In 1995, Saudi Arabia consumed how much of coal in terms of TWh?",0.00 TWh
"In 1996, Saudi Arabia consumed how much of coal in terms of TWh?",0.00 TWh
"In 1997, Saudi Arabia consumed how much of coal in terms of TWh?",0.00 TWh
"In 1998, Saudi Arabia consumed how much of coal in terms of TWh?",0.00 TWh
"In 1999, Saudi Arabia consumed how much of coal in terms of TWh?",0.00 TWh
"In 2000, Saudi Arabia consumed how much of coal in terms of TWh?",0.00 TWh
"In 2001, Saudi Arabia consumed how much of coal in terms of TWh?",0.09 TWh
"In 2002, Saudi Arabia consumed how much of coal in terms of TWh?",0.14 TWh
"In 2003, Saudi Arabia consumed how much of coal in terms of TWh?",0.18 TWh
"In 2004, Saudi Arabia consumed how much of coal in terms of TWh?",0.16 TWh
"In 2005, Saudi Arabia consumed how much of coal in terms of TWh?",0.33 TWh
"In 2006, Saudi Arabia consumed how much of coal in terms of TWh?",0.23 TWh
"In 2007, Saudi Arabia consumed how much of coal in terms of TWh?",0.65 TWh
"In 2008, Saudi Arabia consumed how much of coal in terms of TWh?",0.75 TWh
"In 2009, Saudi Arabia consumed how much of coal in terms of TWh?",0.27 TWh
"In 2010, Saudi Arabia consumed how much of coal in terms of TWh?",0.79 TWh
"In 2011, Saudi Arabia consumed how much of coal in terms of TWh?",0.77 TWh
"In 2012, Saudi Arabia consumed how much of coal in terms of TWh?",0.90 TWh
"In 2013, Saudi Arabia consumed how much of coal in terms of TWh?",1.15 TWh
"In 2014, Saudi Arabia consumed how much of coal in terms of TWh?",1.59 TWh
"In 2015, Saudi Arabia consumed how much of coal in terms of TWh?",1.04 TWh
"In 2016, Saudi Arabia consumed how much of coal in terms of TWh?",0.86 TWh
"In 2017, Saudi Arabia consumed how much of coal in terms of TWh?",1.34 TWh
"In 2018, Saudi Arabia consumed how much of coal in terms of TWh?",1.11 TWh
"In 2019, Saudi Arabia consumed how much of coal in terms of TWh?",1.17 TWh
"In 2020, Saudi Arabia consumed how much of coal in terms of TWh?",1.03 TWh
"In 2021, Saudi Arabia consumed how much of coal in terms of TWh?",1.28 TWh
"In 2022, Saudi Arabia consumed how much of coal in terms of TWh?",1.25 TWh
"In 2023, Saudi Arabia consumed how much of coal in terms of TWh?",1.25 TWh
"In 1965, Singapore consumed how much of coal in terms of TWh?",0.05 TWh
"In 1966, Singapore consumed how much of coal in terms of TWh?",0.06 TWh
"In 1967, Singapore consumed how much of coal in terms of TWh?",0.03 TWh
"In 1968, Singapore consumed how much of coal in terms of TWh?",0.07 TWh
"In 1969, Singapore consumed how much of coal in terms of TWh?",0.03 TWh
"In 1970, Singapore consumed how much of coal in terms of TWh?",0.03 TWh
"In 1971, Singapore consumed how much of coal in terms of TWh?",0.05 TWh
"In 1972, Singapore consumed how much of coal in terms of TWh?",0.03 TWh
"In 1973, Singapore consumed how much of coal in terms of TWh?",0.05 TWh
"In 1974, Singapore consumed how much of coal in terms of TWh?",0.06 TWh
"In 1975, Singapore consumed how much of coal in terms of TWh?",0.01 TWh
"In 1976, Singapore consumed how much of coal in terms of TWh?",0.04 TWh
"In 1977, Singapore consumed how much of coal in terms of TWh?",0.05 TWh
"In 1978, Singapore consumed how much of coal in terms of TWh?",0.05 TWh
"In 1979, Singapore consumed how much of coal in terms of TWh?",0.01 TWh
"In 1980, Singapore consumed how much of coal in terms of TWh?",0.03 TWh
"In 1981, Singapore consumed how much of coal in terms of TWh?",0.05 TWh
"In 1982, Singapore consumed how much of coal in terms of TWh?",0.02 TWh
"In 1983, Singapore consumed how much of coal in terms of TWh?",0.04 TWh
"In 1984, Singapore consumed how much of coal in terms of TWh?",0.06 TWh
"In 1985, Singapore consumed how much of coal in terms of TWh?",0.13 TWh
"In 1986, Singapore consumed how much of coal in terms of TWh?",0.08 TWh
"In 1987, Singapore consumed how much of coal in terms of TWh?",0.14 TWh
"In 1988, Singapore consumed how much of coal in terms of TWh?",0.16 TWh
"In 1989, Singapore consumed how much of coal in terms of TWh?",0.14 TWh
"In 1990, Singapore consumed how much of coal in terms of TWh?",0.25 TWh
"In 1991, Singapore consumed how much of coal in terms of TWh?",0.15 TWh
"In 1992, Singapore consumed how much of coal in terms of TWh?",0.21 TWh
"In 1993, Singapore consumed how much of coal in terms of TWh?",0.24 TWh
"In 1994, Singapore consumed how much of coal in terms of TWh?",0.29 TWh
"In 1995, Singapore consumed how much of coal in terms of TWh?",0.13 TWh
"In 1996, Singapore consumed how much of coal in terms of TWh?",0.00 TWh
"In 1997, Singapore consumed how much of coal in terms of TWh?",0.00 TWh
"In 1998, Singapore consumed how much of coal in terms of TWh?",0.00 TWh
"In 1999, Singapore consumed how much of coal in terms of TWh?",0.00 TWh
"In 2000, Singapore consumed how much of coal in terms of TWh?",0.00 TWh
"In 2001, Singapore consumed how much of coal in terms of TWh?",0.00 TWh
"In 2002, Singapore consumed how much of coal in terms of TWh?",0.08 TWh
"In 2003, Singapore consumed how much of coal in terms of TWh?",0.10 TWh
"In 2004, Singapore consumed how much of coal in terms of TWh?",0.08 TWh
"In 2005, Singapore consumed how much of coal in terms of TWh?",0.10 TWh
"In 2006, Singapore consumed how much of coal in terms of TWh?",0.06 TWh
"In 2007, Singapore consumed how much of coal in terms of TWh?",0.09 TWh
"In 2008, Singapore consumed how much of coal in terms of TWh?",0.06 TWh
"In 2009, Singapore consumed how much of coal in terms of TWh?",0.05 TWh
"In 2010, Singapore consumed how much of coal in terms of TWh?",0.09 TWh
"In 2011, Singapore consumed how much of coal in terms of TWh?",0.07 TWh
"In 2012, Singapore consumed how much of coal in terms of TWh?",0.29 TWh
"In 2013, Singapore consumed how much of coal in terms of TWh?",3.06 TWh
"In 2014, Singapore consumed how much of coal in terms of TWh?",4.52 TWh
"In 2015, Singapore consumed how much of coal in terms of TWh?",4.73 TWh
"In 2016, Singapore consumed how much of coal in terms of TWh?",4.95 TWh
"In 2017, Singapore consumed how much of coal in terms of TWh?",10.45 TWh
"In 2018, Singapore consumed how much of coal in terms of TWh?",5.55 TWh
"In 2019, Singapore consumed how much of coal in terms of TWh?",5.33 TWh
"In 2020, Singapore consumed how much of coal in terms of TWh?",5.04 TWh
"In 2021, Singapore consumed how much of coal in terms of TWh?",5.40 TWh
"In 2022, Singapore consumed how much of coal in terms of TWh?",4.82 TWh
"In 2023, Singapore consumed how much of coal in terms of TWh?",3.91 TWh
"In 1965, Slovakia consumed how much of coal in terms of TWh?",70.23 TWh
"In 1966, Slovakia consumed how much of coal in terms of TWh?",71.11 TWh
"In 1967, Slovakia consumed how much of coal in terms of TWh?",68.57 TWh
"In 1968, Slovakia consumed how much of coal in terms of TWh?",72.12 TWh
"In 1969, Slovakia consumed how much of coal in terms of TWh?",75.86 TWh
"In 1970, Slovakia consumed how much of coal in terms of TWh?",76.47 TWh
"In 1971, Slovakia consumed how much of coal in terms of TWh?",80.22 TWh
"In 1972, Slovakia consumed how much of coal in terms of TWh?",81.65 TWh
"In 1973, Slovakia consumed how much of coal in terms of TWh?",79.40 TWh
"In 1974, Slovakia consumed how much of coal in terms of TWh?",79.13 TWh
"In 1975, Slovakia consumed how much of coal in terms of TWh?",78.79 TWh
"In 1976, Slovakia consumed how much of coal in terms of TWh?",78.10 TWh
"In 1977, Slovakia consumed how much of coal in terms of TWh?",80.21 TWh
"In 1978, Slovakia consumed how much of coal in terms of TWh?",84.11 TWh
"In 1979, Slovakia consumed how much of coal in terms of TWh?",82.72 TWh
"In 1980, Slovakia consumed how much of coal in terms of TWh?",94.16 TWh
"In 1981, Slovakia consumed how much of coal in terms of TWh?",91.63 TWh
"In 1982, Slovakia consumed how much of coal in terms of TWh?",93.27 TWh
"In 1983, Slovakia consumed how much of coal in terms of TWh?",93.40 TWh
"In 1984, Slovakia consumed how much of coal in terms of TWh?",99.36 TWh
"In 1985, Slovakia consumed how much of coal in terms of TWh?",98.56 TWh
"In 1986, Slovakia consumed how much of coal in terms of TWh?",91.04 TWh
"In 1987, Slovakia consumed how much of coal in terms of TWh?",95.63 TWh
"In 1988, Slovakia consumed how much of coal in terms of TWh?",99.67 TWh
"In 1989, Slovakia consumed how much of coal in terms of TWh?",96.13 TWh
"In 1990, Slovakia consumed how much of coal in terms of TWh?",91.08 TWh
"In 1991, Slovakia consumed how much of coal in terms of TWh?",80.94 TWh
"In 1992, Slovakia consumed how much of coal in terms of TWh?",72.11 TWh
"In 1993, Slovakia consumed how much of coal in terms of TWh?",71.19 TWh
"In 1994, Slovakia consumed how much of coal in terms of TWh?",63.49 TWh
"In 1995, Slovakia consumed how much of coal in terms of TWh?",63.31 TWh
"In 1996, Slovakia consumed how much of coal in terms of TWh?",62.28 TWh
"In 1997, Slovakia consumed how much of coal in terms of TWh?",58.49 TWh
"In 1998, Slovakia consumed how much of coal in terms of TWh?",53.27 TWh
"In 1999, Slovakia consumed how much of coal in terms of TWh?",52.97 TWh
"In 2000, Slovakia consumed how much of coal in terms of TWh?",49.75 TWh
"In 2001, Slovakia consumed how much of coal in terms of TWh?",51.44 TWh
"In 2002, Slovakia consumed how much of coal in terms of TWh?",49.82 TWh
"In 2003, Slovakia consumed how much of coal in terms of TWh?",53.99 TWh
"In 2004, Slovakia consumed how much of coal in terms of TWh?",52.96 TWh
"In 2005, Slovakia consumed how much of coal in terms of TWh?",49.09 TWh
"In 2006, Slovakia consumed how much of coal in terms of TWh?",51.20 TWh
"In 2007, Slovakia consumed how much of coal in terms of TWh?",45.88 TWh
"In 2008, Slovakia consumed how much of coal in terms of TWh?",45.76 TWh
"In 2009, Slovakia consumed how much of coal in terms of TWh?",44.54 TWh
"In 2010, Slovakia consumed how much of coal in terms of TWh?",44.79 TWh
"In 2011, Slovakia consumed how much of coal in terms of TWh?",42.46 TWh
"In 2012, Slovakia consumed how much of coal in terms of TWh?",40.04 TWh
"In 2013, Slovakia consumed how much of coal in terms of TWh?",39.80 TWh
"In 2014, Slovakia consumed how much of coal in terms of TWh?",39.09 TWh
"In 2015, Slovakia consumed how much of coal in terms of TWh?",37.68 TWh
"In 2016, Slovakia consumed how much of coal in terms of TWh?",37.19 TWh
"In 2017, Slovakia consumed how much of coal in terms of TWh?",38.87 TWh
"In 2018, Slovakia consumed how much of coal in terms of TWh?",38.57 TWh
"In 2019, Slovakia consumed how much of coal in terms of TWh?",31.43 TWh
"In 2020, Slovakia consumed how much of coal in terms of TWh?",26.94 TWh
"In 2021, Slovakia consumed how much of coal in terms of TWh?",32.70 TWh
"In 2022, Slovakia consumed how much of coal in terms of TWh?",27.93 TWh
"In 2023, Slovakia consumed how much of coal in terms of TWh?",26.67 TWh
"In 1990, Slovenia consumed how much of coal in terms of TWh?",18.30 TWh
"In 1991, Slovenia consumed how much of coal in terms of TWh?",16.71 TWh
"In 1992, Slovenia consumed how much of coal in terms of TWh?",17.41 TWh
"In 1993, Slovenia consumed how much of coal in terms of TWh?",16.59 TWh
"In 1994, Slovenia consumed how much of coal in terms of TWh?",15.45 TWh
"In 1995, Slovenia consumed how much of coal in terms of TWh?",16.03 TWh
"In 1996, Slovenia consumed how much of coal in terms of TWh?",14.79 TWh
"In 1997, Slovenia consumed how much of coal in terms of TWh?",16.40 TWh
"In 1998, Slovenia consumed how much of coal in terms of TWh?",16.61 TWh
"In 1999, Slovenia consumed how much of coal in terms of TWh?",15.19 TWh
"In 2000, Slovenia consumed how much of coal in terms of TWh?",15.79 TWh
"In 2001, Slovenia consumed how much of coal in terms of TWh?",16.74 TWh
"In 2002, Slovenia consumed how much of coal in terms of TWh?",18.23 TWh
"In 2003, Slovenia consumed how much of coal in terms of TWh?",17.30 TWh
"In 2004, Slovenia consumed how much of coal in terms of TWh?",17.59 TWh
"In 2005, Slovenia consumed how much of coal in terms of TWh?",17.65 TWh
"In 2006, Slovenia consumed how much of coal in terms of TWh?",18.00 TWh
"In 2007, Slovenia consumed how much of coal in terms of TWh?",18.30 TWh
"In 2008, Slovenia consumed how much of coal in terms of TWh?",17.63 TWh
"In 2009, Slovenia consumed how much of coal in terms of TWh?",16.37 TWh
"In 2010, Slovenia consumed how much of coal in terms of TWh?",16.70 TWh
"In 2011, Slovenia consumed how much of coal in terms of TWh?",16.93 TWh
"In 2012, Slovenia consumed how much of coal in terms of TWh?",16.07 TWh
"In 2013, Slovenia consumed how much of coal in terms of TWh?",15.52 TWh
"In 2014, Slovenia consumed how much of coal in terms of TWh?",12.25 TWh
"In 2015, Slovenia consumed how much of coal in terms of TWh?",12.38 TWh
"In 2016, Slovenia consumed how much of coal in terms of TWh?",13.24 TWh
"In 2017, Slovenia consumed how much of coal in terms of TWh?",13.19 TWh
"In 2018, Slovenia consumed how much of coal in terms of TWh?",12.90 TWh
"In 2019, Slovenia consumed how much of coal in terms of TWh?",12.19 TWh
"In 2020, Slovenia consumed how much of coal in terms of TWh?",11.74 TWh
"In 2021, Slovenia consumed how much of coal in terms of TWh?",10.79 TWh
"In 2022, Slovenia consumed how much of coal in terms of TWh?",8.72 TWh
"In 2023, Slovenia consumed how much of coal in terms of TWh?",7.97 TWh
"In 1965, South Africa consumed how much of coal in terms of TWh?",286.76 TWh
"In 1966, South Africa consumed how much of coal in terms of TWh?",283.13 TWh
"In 1967, South Africa consumed how much of coal in terms of TWh?",291.31 TWh
"In 1968, South Africa consumed how much of coal in terms of TWh?",304.93 TWh
"In 1969, South Africa consumed how much of coal in terms of TWh?",307.93 TWh
"In 1970, South Africa consumed how much of coal in terms of TWh?",318.10 TWh
"In 1971, South Africa consumed how much of coal in terms of TWh?",340.18 TWh
"In 1972, South Africa consumed how much of coal in terms of TWh?",342.58 TWh
"In 1973, South Africa consumed how much of coal in terms of TWh?",364.93 TWh
"In 1974, South Africa consumed how much of coal in terms of TWh?",382.29 TWh
"In 1975, South Africa consumed how much of coal in terms of TWh?",408.01 TWh
"In 1976, South Africa consumed how much of coal in terms of TWh?",428.39 TWh
"In 1977, South Africa consumed how much of coal in terms of TWh?",443.79 TWh
"In 1978, South Africa consumed how much of coal in terms of TWh?",431.03 TWh
"In 1979, South Africa consumed how much of coal in terms of TWh?",459.75 TWh
"In 1980, South Africa consumed how much of coal in terms of TWh?",496.73 TWh
"In 1981, South Africa consumed how much of coal in terms of TWh?",588.86 TWh
"In 1982, South Africa consumed how much of coal in terms of TWh?",645.59 TWh
"In 1983, South Africa consumed how much of coal in terms of TWh?",655.70 TWh
"In 1984, South Africa consumed how much of coal in terms of TWh?",706.54 TWh
"In 1985, South Africa consumed how much of coal in terms of TWh?",725.57 TWh
"In 1986, South Africa consumed how much of coal in terms of TWh?",735.67 TWh
"In 1987, South Africa consumed how much of coal in terms of TWh?",748.57 TWh
"In 1988, South Africa consumed how much of coal in terms of TWh?",809.93 TWh
"In 1989, South Africa consumed how much of coal in terms of TWh?",755.88 TWh
"In 1990, South Africa consumed how much of coal in terms of TWh?",782.90 TWh
"In 1991, South Africa consumed how much of coal in terms of TWh?",768.75 TWh
"In 1992, South Africa consumed how much of coal in terms of TWh?",771.68 TWh
"In 1993, South Africa consumed how much of coal in terms of TWh?",774.73 TWh
"In 1994, South Africa consumed how much of coal in terms of TWh?",799.63 TWh
"In 1995, South Africa consumed how much of coal in terms of TWh?",829.71 TWh
"In 1996, South Africa consumed how much of coal in terms of TWh?",842.51 TWh
"In 1997, South Africa consumed how much of coal in terms of TWh?",861.09 TWh
"In 1998, South Africa consumed how much of coal in terms of TWh?",835.23 TWh
"In 1999, South Africa consumed how much of coal in terms of TWh?",872.70 TWh
"In 2000, South Africa consumed how much of coal in terms of TWh?",867.97 TWh
"In 2001, South Africa consumed how much of coal in terms of TWh?",871.07 TWh
"In 2002, South Africa consumed how much of coal in terms of TWh?",828.60 TWh
"In 2003, South Africa consumed how much of coal in terms of TWh?",920.97 TWh
"In 2004, South Africa consumed how much of coal in terms of TWh?",1009.11 TWh
"In 2005, South Africa consumed how much of coal in terms of TWh?",930.26 TWh
"In 2006, South Africa consumed how much of coal in terms of TWh?",947.53 TWh
"In 2007, South Africa consumed how much of coal in terms of TWh?",972.98 TWh
"In 2008, South Africa consumed how much of coal in terms of TWh?",1085.50 TWh
"In 2009, South Africa consumed how much of coal in terms of TWh?",1091.17 TWh
"In 2010, South Africa consumed how much of coal in terms of TWh?",1079.54 TWh
"In 2011, South Africa consumed how much of coal in terms of TWh?",1052.66 TWh
"In 2012, South Africa consumed how much of coal in terms of TWh?",1027.38 TWh
"In 2013, South Africa consumed how much of coal in terms of TWh?",1027.61 TWh
"In 2014, South Africa consumed how much of coal in terms of TWh?",1040.72 TWh
"In 2015, South Africa consumed how much of coal in terms of TWh?",976.49 TWh
"In 2016, South Africa consumed how much of coal in terms of TWh?",1050.05 TWh
"In 2017, South Africa consumed how much of coal in terms of TWh?",1032.94 TWh
"In 2018, South Africa consumed how much of coal in terms of TWh?",980.26 TWh
"In 2019, South Africa consumed how much of coal in terms of TWh?",1044.75 TWh
"In 2020, South Africa consumed how much of coal in terms of TWh?",1022.69 TWh
"In 2021, South Africa consumed how much of coal in terms of TWh?",996.15 TWh
"In 2022, South Africa consumed how much of coal in terms of TWh?",938.54 TWh
"In 2023, South Africa consumed how much of coal in terms of TWh?",923.69 TWh
"In 1965, South America consumed how much of coal in terms of TWh?",66.62 TWh
"In 1966, South America consumed how much of coal in terms of TWh?",67.30 TWh
"In 1967, South America consumed how much of coal in terms of TWh?",71.30 TWh
"In 1968, South America consumed how much of coal in terms of TWh?",68.37 TWh
"In 1969, South America consumed how much of coal in terms of TWh?",74.43 TWh
"In 1970, South America consumed how much of coal in terms of TWh?",82.70 TWh
"In 1971, South America consumed how much of coal in terms of TWh?",76.89 TWh
"In 1972, South America consumed how much of coal in terms of TWh?",75.26 TWh
"In 1973, South America consumed how much of coal in terms of TWh?",78.60 TWh
"In 1974, South America consumed how much of coal in terms of TWh?",85.88 TWh
"In 1975, South America consumed how much of coal in terms of TWh?",90.09 TWh
"In 1976, South America consumed how much of coal in terms of TWh?",90.75 TWh
"In 1977, South America consumed how much of coal in terms of TWh?",103.45 TWh
"In 1978, South America consumed how much of coal in terms of TWh?",110.91 TWh
"In 1979, South America consumed how much of coal in terms of TWh?",117.43 TWh
"In 1980, South America consumed how much of coal in terms of TWh?",124.29 TWh
"In 1981, South America consumed how much of coal in terms of TWh?",122.72 TWh
"In 1982, South America consumed how much of coal in terms of TWh?",123.05 TWh
"In 1983, South America consumed how much of coal in terms of TWh?",135.77 TWh
"In 1984, South America consumed how much of coal in terms of TWh?",156.73 TWh
"In 1985, South America consumed how much of coal in terms of TWh?",179.83 TWh
"In 1986, South America consumed how much of coal in terms of TWh?",182.38 TWh
"In 1987, South America consumed how much of coal in terms of TWh?",199.66 TWh
"In 1988, South America consumed how much of coal in terms of TWh?",198.20 TWh
"In 1989, South America consumed how much of coal in terms of TWh?",214.54 TWh
"In 1990, South America consumed how much of coal in terms of TWh?",179.88 TWh
"In 1991, South America consumed how much of coal in terms of TWh?",190.33 TWh
"In 1992, South America consumed how much of coal in terms of TWh?",200.24 TWh
"In 1993, South America consumed how much of coal in terms of TWh?",202.43 TWh
"In 1994, South America consumed how much of coal in terms of TWh?",215.74 TWh
"In 1995, South America consumed how much of coal in terms of TWh?",219.18 TWh
"In 1996, South America consumed how much of coal in terms of TWh?",225.47 TWh
"In 1997, South America consumed how much of coal in terms of TWh?",242.63 TWh
"In 1998, South America consumed how much of coal in terms of TWh?",237.45 TWh
"In 1999, South America consumed how much of coal in terms of TWh?",234.51 TWh
"In 2000, South America consumed how much of coal in terms of TWh?",236.41 TWh
"In 2001, South America consumed how much of coal in terms of TWh?",222.50 TWh
"In 2002, South America consumed how much of coal in terms of TWh?",212.98 TWh
"In 2003, South America consumed how much of coal in terms of TWh?",222.67 TWh
"In 2004, South America consumed how much of coal in terms of TWh?",234.22 TWh
"In 2005, South America consumed how much of coal in terms of TWh?",220.90 TWh
"In 2006, South America consumed how much of coal in terms of TWh?",255.38 TWh
"In 2007, South America consumed how much of coal in terms of TWh?",272.52 TWh
"In 2008, South America consumed how much of coal in terms of TWh?",292.82 TWh
"In 2009, South America consumed how much of coal in terms of TWh?",245.32 TWh
"In 2010, South America consumed how much of coal in terms of TWh?",301.77 TWh
"In 2011, South America consumed how much of coal in terms of TWh?",318.62 TWh
"In 2012, South America consumed how much of coal in terms of TWh?",336.94 TWh
"In 2013, South America consumed how much of coal in terms of TWh?",365.96 TWh
"In 2014, South America consumed how much of coal in terms of TWh?",383.02 TWh
"In 2015, South America consumed how much of coal in terms of TWh?",375.49 TWh
"In 2016, South America consumed how much of coal in terms of TWh?",359.23 TWh
"In 2017, South America consumed how much of coal in terms of TWh?",356.39 TWh
"In 2018, South America consumed how much of coal in terms of TWh?",346.34 TWh
"In 2019, South America consumed how much of coal in terms of TWh?",337.88 TWh
"In 2020, South America consumed how much of coal in terms of TWh?",300.72 TWh
"In 2021, South America consumed how much of coal in terms of TWh?",333.57 TWh
"In 2022, South America consumed how much of coal in terms of TWh?",283.35 TWh
"In 2023, South America consumed how much of coal in terms of TWh?",274.84 TWh
"In 1965, South Korea consumed how much of coal in terms of TWh?",57.59 TWh
"In 1966, South Korea consumed how much of coal in terms of TWh?",65.21 TWh
"In 1967, South Korea consumed how much of coal in terms of TWh?",62.21 TWh
"In 1968, South Korea consumed how much of coal in terms of TWh?",58.73 TWh
"In 1969, South Korea consumed how much of coal in terms of TWh?",61.34 TWh
"In 1970, South Korea consumed how much of coal in terms of TWh?",65.47 TWh
"In 1971, South Korea consumed how much of coal in terms of TWh?",66.16 TWh
"In 1972, South Korea consumed how much of coal in terms of TWh?",67.81 TWh
"In 1973, South Korea consumed how much of coal in terms of TWh?",85.76 TWh
"In 1974, South Korea consumed how much of coal in terms of TWh?",88.45 TWh
"In 1975, South Korea consumed how much of coal in terms of TWh?",93.45 TWh
"In 1976, South Korea consumed how much of coal in terms of TWh?",104.17 TWh
"In 1977, South Korea consumed how much of coal in terms of TWh?",113.72 TWh
"In 1978, South Korea consumed how much of coal in terms of TWh?",115.07 TWh
"In 1979, South Korea consumed how much of coal in terms of TWh?",137.73 TWh
"In 1980, South Korea consumed how much of coal in terms of TWh?",153.50 TWh
"In 1981, South Korea consumed how much of coal in terms of TWh?",177.29 TWh
"In 1982, South Korea consumed how much of coal in terms of TWh?",179.69 TWh
"In 1983, South Korea consumed how much of coal in terms of TWh?",191.79 TWh
"In 1984, South Korea consumed how much of coal in terms of TWh?",231.05 TWh
"In 1985, South Korea consumed how much of coal in terms of TWh?",256.12 TWh
"In 1986, South Korea consumed how much of coal in terms of TWh?",271.33 TWh
"In 1987, South Korea consumed how much of coal in terms of TWh?",274.92 TWh
"In 1988, South Korea consumed how much of coal in terms of TWh?",292.64 TWh
"In 1989, South Korea consumed how much of coal in terms of TWh?",284.85 TWh
"In 1990, South Korea consumed how much of coal in terms of TWh?",280.56 TWh
"In 1991, South Korea consumed how much of coal in terms of TWh?",281.52 TWh
"In 1992, South Korea consumed how much of coal in terms of TWh?",274.12 TWh
"In 1993, South Korea consumed how much of coal in terms of TWh?",300.52 TWh
"In 1994, South Korea consumed how much of coal in terms of TWh?",308.57 TWh
"In 1995, South Korea consumed how much of coal in terms of TWh?",319.77 TWh
"In 1996, South Korea consumed how much of coal in terms of TWh?",373.32 TWh
"In 1997, South Korea consumed how much of coal in terms of TWh?",406.21 TWh
"In 1998, South Korea consumed how much of coal in terms of TWh?",419.27 TWh
"In 1999, South Korea consumed how much of coal in terms of TWh?",443.77 TWh
"In 2000, South Korea consumed how much of coal in terms of TWh?",499.21 TWh
"In 2001, South Korea consumed how much of coal in terms of TWh?",531.77 TWh
"In 2002, South Korea consumed how much of coal in terms of TWh?",571.39 TWh
"In 2003, South Korea consumed how much of coal in terms of TWh?",594.58 TWh
"In 2004, South Korea consumed how much of coal in terms of TWh?",618.70 TWh
"In 2005, South Korea consumed how much of coal in terms of TWh?",637.27 TWh
"In 2006, South Korea consumed how much of coal in terms of TWh?",658.87 TWh
"In 2007, South Korea consumed how much of coal in terms of TWh?",693.76 TWh
"In 2008, South Korea consumed how much of coal in terms of TWh?",768.74 TWh
"In 2009, South Korea consumed how much of coal in terms of TWh?",797.76 TWh
"In 2010, South Korea consumed how much of coal in terms of TWh?",897.16 TWh
"In 2011, South Korea consumed how much of coal in terms of TWh?",973.28 TWh
"In 2012, South Korea consumed how much of coal in terms of TWh?",937.80 TWh
"In 2013, South Korea consumed how much of coal in terms of TWh?",948.36 TWh
"In 2014, South Korea consumed how much of coal in terms of TWh?",981.56 TWh
"In 2015, South Korea consumed how much of coal in terms of TWh?",993.22 TWh
"In 2016, South Korea consumed how much of coal in terms of TWh?",947.84 TWh
"In 2017, South Korea consumed how much of coal in terms of TWh?",1002.24 TWh
"In 2018, South Korea consumed how much of coal in terms of TWh?",1007.75 TWh
"In 2019, South Korea consumed how much of coal in terms of TWh?",955.37 TWh
"In 2020, South Korea consumed how much of coal in terms of TWh?",840.16 TWh
"In 2021, South Korea consumed how much of coal in terms of TWh?",843.54 TWh
"In 2022, South Korea consumed how much of coal in terms of TWh?",796.57 TWh
"In 2023, South Korea consumed how much of coal in terms of TWh?",748.35 TWh
"In 1965, South and Central America (EI) consumed how much of coal in terms of TWh?",67.21 TWh
"In 1966, South and Central America (EI) consumed how much of coal in terms of TWh?",67.90 TWh
"In 1967, South and Central America (EI) consumed how much of coal in terms of TWh?",71.91 TWh
"In 1968, South and Central America (EI) consumed how much of coal in terms of TWh?",68.97 TWh
"In 1969, South and Central America (EI) consumed how much of coal in terms of TWh?",75.05 TWh
"In 1970, South and Central America (EI) consumed how much of coal in terms of TWh?",83.17 TWh
"In 1971, South and Central America (EI) consumed how much of coal in terms of TWh?",77.30 TWh
"In 1972, South and Central America (EI) consumed how much of coal in terms of TWh?",75.72 TWh
"In 1973, South and Central America (EI) consumed how much of coal in terms of TWh?",79.04 TWh
"In 1974, South and Central America (EI) consumed how much of coal in terms of TWh?",86.28 TWh
"In 1975, South and Central America (EI) consumed how much of coal in terms of TWh?",90.53 TWh
"In 1976, South and Central America (EI) consumed how much of coal in terms of TWh?",91.11 TWh
"In 1977, South and Central America (EI) consumed how much of coal in terms of TWh?",104.12 TWh
"In 1978, South and Central America (EI) consumed how much of coal in terms of TWh?",111.58 TWh
"In 1979, South and Central America (EI) consumed how much of coal in terms of TWh?",118.00 TWh
"In 1980, South and Central America (EI) consumed how much of coal in terms of TWh?",125.11 TWh
"In 1981, South and Central America (EI) consumed how much of coal in terms of TWh?",123.52 TWh
"In 1982, South and Central America (EI) consumed how much of coal in terms of TWh?",124.23 TWh
"In 1983, South and Central America (EI) consumed how much of coal in terms of TWh?",138.15 TWh
"In 1984, South and Central America (EI) consumed how much of coal in terms of TWh?",158.64 TWh
"In 1985, South and Central America (EI) consumed how much of coal in terms of TWh?",183.82 TWh
"In 1986, South and Central America (EI) consumed how much of coal in terms of TWh?",185.60 TWh
"In 1987, South and Central America (EI) consumed how much of coal in terms of TWh?",204.59 TWh
"In 1988, South and Central America (EI) consumed how much of coal in terms of TWh?",202.71 TWh
"In 1989, South and Central America (EI) consumed how much of coal in terms of TWh?",218.94 TWh
"In 1990, South and Central America (EI) consumed how much of coal in terms of TWh?",183.94 TWh
"In 1991, South and Central America (EI) consumed how much of coal in terms of TWh?",194.68 TWh
"In 1992, South and Central America (EI) consumed how much of coal in terms of TWh?",204.24 TWh
"In 1993, South and Central America (EI) consumed how much of coal in terms of TWh?",206.66 TWh
"In 1994, South and Central America (EI) consumed how much of coal in terms of TWh?",219.04 TWh
"In 1995, South and Central America (EI) consumed how much of coal in terms of TWh?",222.49 TWh
"In 1996, South and Central America (EI) consumed how much of coal in terms of TWh?",229.01 TWh
"In 1997, South and Central America (EI) consumed how much of coal in terms of TWh?",245.94 TWh
"In 1998, South and Central America (EI) consumed how much of coal in terms of TWh?",241.30 TWh
"In 1999, South and Central America (EI) consumed how much of coal in terms of TWh?",239.13 TWh
"In 2000, South and Central America (EI) consumed how much of coal in terms of TWh?",243.97 TWh
"In 2001, South and Central America (EI) consumed how much of coal in terms of TWh?",230.43 TWh
"In 2002, South and Central America (EI) consumed how much of coal in terms of TWh?",228.37 TWh
"In 2003, South and Central America (EI) consumed how much of coal in terms of TWh?",242.54 TWh
"In 2004, South and Central America (EI) consumed how much of coal in terms of TWh?",255.01 TWh
"In 2005, South and Central America (EI) consumed how much of coal in terms of TWh?",241.05 TWh
"In 2006, South and Central America (EI) consumed how much of coal in terms of TWh?",278.15 TWh
"In 2007, South and Central America (EI) consumed how much of coal in terms of TWh?",296.35 TWh
"In 2008, South and Central America (EI) consumed how much of coal in terms of TWh?",318.08 TWh
"In 2009, South and Central America (EI) consumed how much of coal in terms of TWh?",268.58 TWh
"In 2010, South and Central America (EI) consumed how much of coal in terms of TWh?",324.92 TWh
"In 2011, South and Central America (EI) consumed how much of coal in terms of TWh?",346.27 TWh
"In 2012, South and Central America (EI) consumed how much of coal in terms of TWh?",366.82 TWh
"In 2013, South and Central America (EI) consumed how much of coal in terms of TWh?",398.40 TWh
"In 2014, South and Central America (EI) consumed how much of coal in terms of TWh?",417.64 TWh
"In 2015, South and Central America (EI) consumed how much of coal in terms of TWh?",412.43 TWh
"In 2016, South and Central America (EI) consumed how much of coal in terms of TWh?",397.92 TWh
"In 2017, South and Central America (EI) consumed how much of coal in terms of TWh?",388.16 TWh
"In 2018, South and Central America (EI) consumed how much of coal in terms of TWh?",382.02 TWh
"In 2019, South and Central America (EI) consumed how much of coal in terms of TWh?",387.10 TWh
"In 2020, South and Central America (EI) consumed how much of coal in terms of TWh?",351.81 TWh
"In 2021, South and Central America (EI) consumed how much of coal in terms of TWh?",384.32 TWh
"In 2022, South and Central America (EI) consumed how much of coal in terms of TWh?",329.48 TWh
"In 2023, South and Central America (EI) consumed how much of coal in terms of TWh?",323.51 TWh
"In 1965, Spain consumed how much of coal in terms of TWh?",112.81 TWh
"In 1966, Spain consumed how much of coal in terms of TWh?",104.37 TWh
"In 1967, Spain consumed how much of coal in terms of TWh?",106.07 TWh
"In 1968, Spain consumed how much of coal in terms of TWh?",107.37 TWh
"In 1969, Spain consumed how much of coal in terms of TWh?",108.04 TWh
"In 1970, Spain consumed how much of coal in terms of TWh?",114.14 TWh
"In 1971, Spain consumed how much of coal in terms of TWh?",114.71 TWh
"In 1972, Spain consumed how much of coal in terms of TWh?",117.47 TWh
"In 1973, Spain consumed how much of coal in terms of TWh?",115.06 TWh
"In 1974, Spain consumed how much of coal in terms of TWh?",111.44 TWh
"In 1975, Spain consumed how much of coal in terms of TWh?",123.50 TWh
"In 1976, Spain consumed how much of coal in terms of TWh?",119.61 TWh
"In 1977, Spain consumed how much of coal in terms of TWh?",128.13 TWh
"In 1978, Spain consumed how much of coal in terms of TWh?",110.11 TWh
"In 1979, Spain consumed how much of coal in terms of TWh?",125.50 TWh
"In 1980, Spain consumed how much of coal in terms of TWh?",144.67 TWh
"In 1981, Spain consumed how much of coal in terms of TWh?",178.46 TWh
"In 1982, Spain consumed how much of coal in terms of TWh?",197.77 TWh
"In 1983, Spain consumed how much of coal in terms of TWh?",208.01 TWh
"In 1984, Spain consumed how much of coal in terms of TWh?",211.48 TWh
"In 1985, Spain consumed how much of coal in terms of TWh?",209.08 TWh
"In 1986, Spain consumed how much of coal in terms of TWh?",216.67 TWh
"In 1987, Spain consumed how much of coal in terms of TWh?",210.20 TWh
"In 1988, Spain consumed how much of coal in terms of TWh?",182.38 TWh
"In 1989, Spain consumed how much of coal in terms of TWh?",224.83 TWh
"In 1990, Spain consumed how much of coal in terms of TWh?",223.44 TWh
"In 1991, Spain consumed how much of coal in terms of TWh?",232.59 TWh
"In 1992, Spain consumed how much of coal in terms of TWh?",237.30 TWh
"In 1993, Spain consumed how much of coal in terms of TWh?",213.46 TWh
"In 1994, Spain consumed how much of coal in terms of TWh?",220.06 TWh
"In 1995, Spain consumed how much of coal in terms of TWh?",220.59 TWh
"In 1996, Spain consumed how much of coal in terms of TWh?",186.39 TWh
"In 1997, Spain consumed how much of coal in terms of TWh?",213.47 TWh
"In 1998, Spain consumed how much of coal in terms of TWh?",203.42 TWh
"In 1999, Spain consumed how much of coal in terms of TWh?",227.98 TWh
"In 2000, Spain consumed how much of coal in terms of TWh?",243.49 TWh
"In 2001, Spain consumed how much of coal in terms of TWh?",222.92 TWh
"In 2002, Spain consumed how much of coal in terms of TWh?",251.18 TWh
"In 2003, Spain consumed how much of coal in terms of TWh?",234.10 TWh
"In 2004, Spain consumed how much of coal in terms of TWh?",244.80 TWh
"In 2005, Spain consumed how much of coal in terms of TWh?",238.57 TWh
"In 2006, Spain consumed how much of coal in terms of TWh?",208.27 TWh
"In 2007, Spain consumed how much of coal in terms of TWh?",233.03 TWh
"In 2008, Spain consumed how much of coal in terms of TWh?",157.05 TWh
"In 2009, Spain consumed how much of coal in terms of TWh?",109.67 TWh
"In 2010, Spain consumed how much of coal in terms of TWh?",80.21 TWh
"In 2011, Spain consumed how much of coal in terms of TWh?",148.76 TWh
"In 2012, Spain consumed how much of coal in terms of TWh?",180.17 TWh
"In 2013, Spain consumed how much of coal in terms of TWh?",132.55 TWh
"In 2014, Spain consumed how much of coal in terms of TWh?",135.36 TWh
"In 2015, Spain consumed how much of coal in terms of TWh?",159.17 TWh
"In 2016, Spain consumed how much of coal in terms of TWh?",122.07 TWh
"In 2017, Spain consumed how much of coal in terms of TWh?",156.41 TWh
"In 2018, Spain consumed how much of coal in terms of TWh?",134.02 TWh
"In 2019, Spain consumed how much of coal in terms of TWh?",58.98 TWh
"In 2020, Spain consumed how much of coal in terms of TWh?",34.39 TWh
"In 2021, Spain consumed how much of coal in terms of TWh?",35.73 TWh
"In 2022, Spain consumed how much of coal in terms of TWh?",43.43 TWh
"In 2023, Spain consumed how much of coal in terms of TWh?",32.93 TWh
"In 1965, Sri Lanka consumed how much of coal in terms of TWh?",0.00 TWh
"In 1966, Sri Lanka consumed how much of coal in terms of TWh?",0.00 TWh
"In 1967, Sri Lanka consumed how much of coal in terms of TWh?",0.00 TWh
"In 1968, Sri Lanka consumed how much of coal in terms of TWh?",0.00 TWh
"In 1969, Sri Lanka consumed how much of coal in terms of TWh?",0.00 TWh
"In 1970, Sri Lanka consumed how much of coal in terms of TWh?",0.00 TWh
"In 1971, Sri Lanka consumed how much of coal in terms of TWh?",0.00 TWh
"In 1972, Sri Lanka consumed how much of coal in terms of TWh?",0.00 TWh
"In 1973, Sri Lanka consumed how much of coal in terms of TWh?",0.00 TWh
"In 1974, Sri Lanka consumed how much of coal in terms of TWh?",0.00 TWh
"In 1975, Sri Lanka consumed how much of coal in terms of TWh?",0.00 TWh
"In 1976, Sri Lanka consumed how much of coal in terms of TWh?",0.01 TWh
"In 1977, Sri Lanka consumed how much of coal in terms of TWh?",0.03 TWh
"In 1978, Sri Lanka consumed how much of coal in terms of TWh?",0.03 TWh
"In 1979, Sri Lanka consumed how much of coal in terms of TWh?",0.02 TWh
"In 1980, Sri Lanka consumed how much of coal in terms of TWh?",0.03 TWh
"In 1981, Sri Lanka consumed how much of coal in terms of TWh?",0.01 TWh
"In 1982, Sri Lanka consumed how much of coal in terms of TWh?",0.21 TWh
"In 1983, Sri Lanka consumed how much of coal in terms of TWh?",0.21 TWh
"In 1984, Sri Lanka consumed how much of coal in terms of TWh?",0.40 TWh
"In 1985, Sri Lanka consumed how much of coal in terms of TWh?",0.24 TWh
"In 1986, Sri Lanka consumed how much of coal in terms of TWh?",0.09 TWh
"In 1987, Sri Lanka consumed how much of coal in terms of TWh?",0.09 TWh
"In 1988, Sri Lanka consumed how much of coal in terms of TWh?",0.04 TWh
"In 1989, Sri Lanka consumed how much of coal in terms of TWh?",0.01 TWh
"In 1990, Sri Lanka consumed how much of coal in terms of TWh?",0.00 TWh
"In 1991, Sri Lanka consumed how much of coal in terms of TWh?",0.01 TWh
"In 1992, Sri Lanka consumed how much of coal in terms of TWh?",0.01 TWh
"In 1993, Sri Lanka consumed how much of coal in terms of TWh?",0.00 TWh
"In 1994, Sri Lanka consumed how much of coal in terms of TWh?",0.00 TWh
"In 1995, Sri Lanka consumed how much of coal in terms of TWh?",0.01 TWh
"In 1996, Sri Lanka consumed how much of coal in terms of TWh?",0.00 TWh
"In 1997, Sri Lanka consumed how much of coal in terms of TWh?",0.00 TWh
"In 1998, Sri Lanka consumed how much of coal in terms of TWh?",0.00 TWh
"In 1999, Sri Lanka consumed how much of coal in terms of TWh?",0.00 TWh
"In 2000, Sri Lanka consumed how much of coal in terms of TWh?",0.00 TWh
"In 2001, Sri Lanka consumed how much of coal in terms of TWh?",0.00 TWh
"In 2002, Sri Lanka consumed how much of coal in terms of TWh?",0.13 TWh
"In 2003, Sri Lanka consumed how much of coal in terms of TWh?",0.69 TWh
"In 2004, Sri Lanka consumed how much of coal in terms of TWh?",0.18 TWh
"In 2005, Sri Lanka consumed how much of coal in terms of TWh?",0.68 TWh
"In 2006, Sri Lanka consumed how much of coal in terms of TWh?",0.51 TWh
"In 2007, Sri Lanka consumed how much of coal in terms of TWh?",0.50 TWh
"In 2008, Sri Lanka consumed how much of coal in terms of TWh?",0.67 TWh
"In 2009, Sri Lanka consumed how much of coal in terms of TWh?",0.68 TWh
"In 2010, Sri Lanka consumed how much of coal in terms of TWh?",0.70 TWh
"In 2011, Sri Lanka consumed how much of coal in terms of TWh?",3.48 TWh
"In 2012, Sri Lanka consumed how much of coal in terms of TWh?",5.30 TWh
"In 2013, Sri Lanka consumed how much of coal in terms of TWh?",5.58 TWh
"In 2014, Sri Lanka consumed how much of coal in terms of TWh?",10.71 TWh
"In 2015, Sri Lanka consumed how much of coal in terms of TWh?",14.41 TWh
"In 2016, Sri Lanka consumed how much of coal in terms of TWh?",15.25 TWh
"In 2017, Sri Lanka consumed how much of coal in terms of TWh?",15.80 TWh
"In 2018, Sri Lanka consumed how much of coal in terms of TWh?",15.27 TWh
"In 2019, Sri Lanka consumed how much of coal in terms of TWh?",16.30 TWh
"In 2020, Sri Lanka consumed how much of coal in terms of TWh?",19.58 TWh
"In 2021, Sri Lanka consumed how much of coal in terms of TWh?",19.57 TWh
"In 2022, Sri Lanka consumed how much of coal in terms of TWh?",18.34 TWh
"In 2023, Sri Lanka consumed how much of coal in terms of TWh?",16.47 TWh
"In 1965, Sweden consumed how much of coal in terms of TWh?",25.93 TWh
"In 1966, Sweden consumed how much of coal in terms of TWh?",24.74 TWh
"In 1967, Sweden consumed how much of coal in terms of TWh?",24.56 TWh
"In 1968, Sweden consumed how much of coal in terms of TWh?",21.45 TWh
"In 1969, Sweden consumed how much of coal in terms of TWh?",20.95 TWh
"In 1970, Sweden consumed how much of coal in terms of TWh?",22.13 TWh
"In 1971, Sweden consumed how much of coal in terms of TWh?",19.95 TWh
"In 1972, Sweden consumed how much of coal in terms of TWh?",17.14 TWh
"In 1973, Sweden consumed how much of coal in terms of TWh?",18.95 TWh
"In 1974, Sweden consumed how much of coal in terms of TWh?",20.93 TWh
"In 1975, Sweden consumed how much of coal in terms of TWh?",22.58 TWh
"In 1976, Sweden consumed how much of coal in terms of TWh?",21.67 TWh
"In 1977, Sweden consumed how much of coal in terms of TWh?",17.20 TWh
"In 1978, Sweden consumed how much of coal in terms of TWh?",17.65 TWh
"In 1979, Sweden consumed how much of coal in terms of TWh?",20.85 TWh
"In 1980, Sweden consumed how much of coal in terms of TWh?",19.87 TWh
"In 1981, Sweden consumed how much of coal in terms of TWh?",17.09 TWh
"In 1982, Sweden consumed how much of coal in terms of TWh?",19.01 TWh
"In 1983, Sweden consumed how much of coal in terms of TWh?",23.82 TWh
"In 1984, Sweden consumed how much of coal in terms of TWh?",28.75 TWh
"In 1985, Sweden consumed how much of coal in terms of TWh?",33.84 TWh
"In 1986, Sweden consumed how much of coal in terms of TWh?",36.08 TWh
"In 1987, Sweden consumed how much of coal in terms of TWh?",35.62 TWh
"In 1988, Sweden consumed how much of coal in terms of TWh?",34.97 TWh
"In 1989, Sweden consumed how much of coal in terms of TWh?",32.97 TWh
"In 1990, Sweden consumed how much of coal in terms of TWh?",34.46 TWh
"In 1991, Sweden consumed how much of coal in terms of TWh?",33.64 TWh
"In 1992, Sweden consumed how much of coal in terms of TWh?",31.32 TWh
"In 1993, Sweden consumed how much of coal in terms of TWh?",31.89 TWh
"In 1994, Sweden consumed how much of coal in terms of TWh?",32.36 TWh
"In 1995, Sweden consumed how much of coal in terms of TWh?",32.36 TWh
"In 1996, Sweden consumed how much of coal in terms of TWh?",35.84 TWh
"In 1997, Sweden consumed how much of coal in terms of TWh?",30.63 TWh
"In 1998, Sweden consumed how much of coal in terms of TWh?",30.83 TWh
"In 1999, Sweden consumed how much of coal in terms of TWh?",29.47 TWh
"In 2000, Sweden consumed how much of coal in terms of TWh?",29.84 TWh
"In 2001, Sweden consumed how much of coal in terms of TWh?",32.33 TWh
"In 2002, Sweden consumed how much of coal in terms of TWh?",34.72 TWh
"In 2003, Sweden consumed how much of coal in terms of TWh?",34.04 TWh
"In 2004, Sweden consumed how much of coal in terms of TWh?",35.02 TWh
"In 2005, Sweden consumed how much of coal in terms of TWh?",32.02 TWh
"In 2006, Sweden consumed how much of coal in terms of TWh?",35.35 TWh
"In 2007, Sweden consumed how much of coal in terms of TWh?",32.94 TWh
"In 2008, Sweden consumed how much of coal in terms of TWh?",32.95 TWh
"In 2009, Sweden consumed how much of coal in terms of TWh?",23.23 TWh
"In 2010, Sweden consumed how much of coal in terms of TWh?",31.08 TWh
"In 2011, Sweden consumed how much of coal in terms of TWh?",27.70 TWh
"In 2012, Sweden consumed how much of coal in terms of TWh?",23.84 TWh
"In 2013, Sweden consumed how much of coal in terms of TWh?",24.41 TWh
"In 2014, Sweden consumed how much of coal in terms of TWh?",23.03 TWh
"In 2015, Sweden consumed how much of coal in terms of TWh?",23.10 TWh
"In 2016, Sweden consumed how much of coal in terms of TWh?",22.64 TWh
"In 2017, Sweden consumed how much of coal in terms of TWh?",22.60 TWh
"In 2018, Sweden consumed how much of coal in terms of TWh?",22.51 TWh
"In 2019, Sweden consumed how much of coal in terms of TWh?",22.51 TWh
"In 2020, Sweden consumed how much of coal in terms of TWh?",18.61 TWh
"In 2021, Sweden consumed how much of coal in terms of TWh?",18.93 TWh
"In 2022, Sweden consumed how much of coal in terms of TWh?",18.45 TWh
"In 2023, Sweden consumed how much of coal in terms of TWh?",18.12 TWh
"In 1965, Switzerland consumed how much of coal in terms of TWh?",14.83 TWh
"In 1966, Switzerland consumed how much of coal in terms of TWh?",12.26 TWh
"In 1967, Switzerland consumed how much of coal in terms of TWh?",10.34 TWh
"In 1968, Switzerland consumed how much of coal in terms of TWh?",9.78 TWh
"In 1969, Switzerland consumed how much of coal in terms of TWh?",8.84 TWh
"In 1970, Switzerland consumed how much of coal in terms of TWh?",7.59 TWh
"In 1971, Switzerland consumed how much of coal in terms of TWh?",5.12 TWh
"In 1972, Switzerland consumed how much of coal in terms of TWh?",4.34 TWh
"In 1973, Switzerland consumed how much of coal in terms of TWh?",4.12 TWh
"In 1974, Switzerland consumed how much of coal in terms of TWh?",3.55 TWh
"In 1975, Switzerland consumed how much of coal in terms of TWh?",2.66 TWh
"In 1976, Switzerland consumed how much of coal in terms of TWh?",2.50 TWh
"In 1977, Switzerland consumed how much of coal in terms of TWh?",2.92 TWh
"In 1978, Switzerland consumed how much of coal in terms of TWh?",2.62 TWh
"In 1979, Switzerland consumed how much of coal in terms of TWh?",2.71 TWh
"In 1980, Switzerland consumed how much of coal in terms of TWh?",3.97 TWh
"In 1981, Switzerland consumed how much of coal in terms of TWh?",5.88 TWh
"In 1982, Switzerland consumed how much of coal in terms of TWh?",5.20 TWh
"In 1983, Switzerland consumed how much of coal in terms of TWh?",4.54 TWh
"In 1984, Switzerland consumed how much of coal in terms of TWh?",5.83 TWh
"In 1985, Switzerland consumed how much of coal in terms of TWh?",5.85 TWh
"In 1986, Switzerland consumed how much of coal in terms of TWh?",5.04 TWh
"In 1987, Switzerland consumed how much of coal in terms of TWh?",4.69 TWh
"In 1988, Switzerland consumed how much of coal in terms of TWh?",4.00 TWh
"In 1989, Switzerland consumed how much of coal in terms of TWh?",4.14 TWh
"In 1990, Switzerland consumed how much of coal in terms of TWh?",4.14 TWh
"In 1991, Switzerland consumed how much of coal in terms of TWh?",3.51 TWh
"In 1992, Switzerland consumed how much of coal in terms of TWh?",2.43 TWh
"In 1993, Switzerland consumed how much of coal in terms of TWh?",2.04 TWh
"In 1994, Switzerland consumed how much of coal in terms of TWh?",2.06 TWh
"In 1995, Switzerland consumed how much of coal in terms of TWh?",2.21 TWh
"In 1996, Switzerland consumed how much of coal in terms of TWh?",1.66 TWh
"In 1997, Switzerland consumed how much of coal in terms of TWh?",1.27 TWh
"In 1998, Switzerland consumed how much of coal in terms of TWh?",1.06 TWh
"In 1999, Switzerland consumed how much of coal in terms of TWh?",1.10 TWh
"In 2000, Switzerland consumed how much of coal in terms of TWh?",1.60 TWh
"In 2001, Switzerland consumed how much of coal in terms of TWh?",1.68 TWh
"In 2002, Switzerland consumed how much of coal in terms of TWh?",1.54 TWh
"In 2003, Switzerland consumed how much of coal in terms of TWh?",1.59 TWh
"In 2004, Switzerland consumed how much of coal in terms of TWh?",1.51 TWh
"In 2005, Switzerland consumed how much of coal in terms of TWh?",1.68 TWh
"In 2006, Switzerland consumed how much of coal in terms of TWh?",1.81 TWh
"In 2007, Switzerland consumed how much of coal in terms of TWh?",2.03 TWh
"In 2008, Switzerland consumed how much of coal in terms of TWh?",1.82 TWh
"In 2009, Switzerland consumed how much of coal in terms of TWh?",1.72 TWh
"In 2010, Switzerland consumed how much of coal in terms of TWh?",1.72 TWh
"In 2011, Switzerland consumed how much of coal in terms of TWh?",1.59 TWh
"In 2012, Switzerland consumed how much of coal in terms of TWh?",1.44 TWh
"In 2013, Switzerland consumed how much of coal in terms of TWh?",1.55 TWh
"In 2014, Switzerland consumed how much of coal in terms of TWh?",1.58 TWh
"In 2015, Switzerland consumed how much of coal in terms of TWh?",1.45 TWh
"In 2016, Switzerland consumed how much of coal in terms of TWh?",1.33 TWh
"In 2017, Switzerland consumed how much of coal in terms of TWh?",1.28 TWh
"In 2018, Switzerland consumed how much of coal in terms of TWh?",1.19 TWh
"In 2019, Switzerland consumed how much of coal in terms of TWh?",1.06 TWh
"In 2020, Switzerland consumed how much of coal in terms of TWh?",1.02 TWh
"In 2021, Switzerland consumed how much of coal in terms of TWh?",1.03 TWh
"In 2022, Switzerland consumed how much of coal in terms of TWh?",1.07 TWh
"In 2023, Switzerland consumed how much of coal in terms of TWh?",1.07 TWh
"In 1965, Taiwan consumed how much of coal in terms of TWh?",34.72 TWh
"In 1966, Taiwan consumed how much of coal in terms of TWh?",34.53 TWh
"In 1967, Taiwan consumed how much of coal in terms of TWh?",35.04 TWh
"In 1968, Taiwan consumed how much of coal in terms of TWh?",35.32 TWh
"In 1969, Taiwan consumed how much of coal in terms of TWh?",32.42 TWh
"In 1970, Taiwan consumed how much of coal in terms of TWh?",31.68 TWh
"In 1971, Taiwan consumed how much of coal in terms of TWh?",28.13 TWh
"In 1972, Taiwan consumed how much of coal in terms of TWh?",26.80 TWh
"In 1973, Taiwan consumed how much of coal in terms of TWh?",23.98 TWh
"In 1974, Taiwan consumed how much of coal in terms of TWh?",24.41 TWh
"In 1975, Taiwan consumed how much of coal in terms of TWh?",22.26 TWh
"In 1976, Taiwan consumed how much of coal in terms of TWh?",23.57 TWh
"In 1977, Taiwan consumed how much of coal in terms of TWh?",26.99 TWh
"In 1978, Taiwan consumed how much of coal in terms of TWh?",29.78 TWh
"In 1979, Taiwan consumed how much of coal in terms of TWh?",37.60 TWh
"In 1980, Taiwan consumed how much of coal in terms of TWh?",44.48 TWh
"In 1981, Taiwan consumed how much of coal in terms of TWh?",41.05 TWh
"In 1982, Taiwan consumed how much of coal in terms of TWh?",48.15 TWh
"In 1983, Taiwan consumed how much of coal in terms of TWh?",65.00 TWh
"In 1984, Taiwan consumed how much of coal in terms of TWh?",75.41 TWh
"In 1985, Taiwan consumed how much of coal in terms of TWh?",79.88 TWh
"In 1986, Taiwan consumed how much of coal in terms of TWh?",97.25 TWh
"In 1987, Taiwan consumed how much of coal in terms of TWh?",105.22 TWh
"In 1988, Taiwan consumed how much of coal in terms of TWh?",121.93 TWh
"In 1989, Taiwan consumed how much of coal in terms of TWh?",127.18 TWh
"In 1990, Taiwan consumed how much of coal in terms of TWh?",125.66 TWh
"In 1991, Taiwan consumed how much of coal in terms of TWh?",137.64 TWh
"In 1992, Taiwan consumed how much of coal in terms of TWh?",159.02 TWh
"In 1993, Taiwan consumed how much of coal in terms of TWh?",178.81 TWh
"In 1994, Taiwan consumed how much of coal in terms of TWh?",186.10 TWh
"In 1995, Taiwan consumed how much of coal in terms of TWh?",191.85 TWh
"In 1996, Taiwan consumed how much of coal in terms of TWh?",216.38 TWh
"In 1997, Taiwan consumed how much of coal in terms of TWh?",247.48 TWh
"In 1998, Taiwan consumed how much of coal in terms of TWh?",268.50 TWh
"In 1999, Taiwan consumed how much of coal in terms of TWh?",277.30 TWh
"In 2000, Taiwan consumed how much of coal in terms of TWh?",326.86 TWh
"In 2001, Taiwan consumed how much of coal in terms of TWh?",343.00 TWh
"In 2002, Taiwan consumed how much of coal in terms of TWh?",371.89 TWh
"In 2003, Taiwan consumed how much of coal in terms of TWh?",396.45 TWh
"In 2004, Taiwan consumed how much of coal in terms of TWh?",412.38 TWh
"In 2005, Taiwan consumed how much of coal in terms of TWh?",419.94 TWh
"In 2006, Taiwan consumed how much of coal in terms of TWh?",440.81 TWh
"In 2007, Taiwan consumed how much of coal in terms of TWh?",461.68 TWh
"In 2008, Taiwan consumed how much of coal in terms of TWh?",442.01 TWh
"In 2009, Taiwan consumed how much of coal in terms of TWh?",421.60 TWh
"In 2010, Taiwan consumed how much of coal in terms of TWh?",452.32 TWh
"In 2011, Taiwan consumed how much of coal in terms of TWh?",468.86 TWh
"In 2012, Taiwan consumed how much of coal in terms of TWh?",458.43 TWh
"In 2013, Taiwan consumed how much of coal in terms of TWh?",467.62 TWh
"In 2014, Taiwan consumed how much of coal in terms of TWh?",472.62 TWh
"In 2015, Taiwan consumed how much of coal in terms of TWh?",458.45 TWh
"In 2016, Taiwan consumed how much of coal in terms of TWh?",464.03 TWh
"In 2017, Taiwan consumed how much of coal in terms of TWh?",471.06 TWh
"In 2018, Taiwan consumed how much of coal in terms of TWh?",473.56 TWh
"In 2019, Taiwan consumed how much of coal in terms of TWh?",464.16 TWh
"In 2020, Taiwan consumed how much of coal in terms of TWh?",433.83 TWh
"In 2021, Taiwan consumed how much of coal in terms of TWh?",465.73 TWh
"In 2022, Taiwan consumed how much of coal in terms of TWh?",439.28 TWh
"In 2023, Taiwan consumed how much of coal in terms of TWh?",413.88 TWh
"In 1965, Thailand consumed how much of coal in terms of TWh?",0.52 TWh
"In 1966, Thailand consumed how much of coal in terms of TWh?",0.76 TWh
"In 1967, Thailand consumed how much of coal in terms of TWh?",1.35 TWh
"In 1968, Thailand consumed how much of coal in terms of TWh?",1.49 TWh
"In 1969, Thailand consumed how much of coal in terms of TWh?",1.58 TWh
"In 1970, Thailand consumed how much of coal in terms of TWh?",1.69 TWh
"In 1971, Thailand consumed how much of coal in terms of TWh?",1.33 TWh
"In 1972, Thailand consumed how much of coal in terms of TWh?",1.04 TWh
"In 1973, Thailand consumed how much of coal in terms of TWh?",1.12 TWh
"In 1974, Thailand consumed how much of coal in terms of TWh?",1.68 TWh
"In 1975, Thailand consumed how much of coal in terms of TWh?",1.60 TWh
"In 1976, Thailand consumed how much of coal in terms of TWh?",1.86 TWh
"In 1977, Thailand consumed how much of coal in terms of TWh?",1.79 TWh
"In 1978, Thailand consumed how much of coal in terms of TWh?",2.30 TWh
"In 1979, Thailand consumed how much of coal in terms of TWh?",4.84 TWh
"In 1980, Thailand consumed how much of coal in terms of TWh?",5.24 TWh
"In 1981, Thailand consumed how much of coal in terms of TWh?",5.82 TWh
"In 1982, Thailand consumed how much of coal in terms of TWh?",7.59 TWh
"In 1983, Thailand consumed how much of coal in terms of TWh?",7.29 TWh
"In 1984, Thailand consumed how much of coal in terms of TWh?",9.18 TWh
"In 1985, Thailand consumed how much of coal in terms of TWh?",18.44 TWh
"In 1986, Thailand consumed how much of coal in terms of TWh?",18.09 TWh
"In 1987, Thailand consumed how much of coal in terms of TWh?",26.11 TWh
"In 1988, Thailand consumed how much of coal in terms of TWh?",26.91 TWh
"In 1989, Thailand consumed how much of coal in terms of TWh?",32.77 TWh
"In 1990, Thailand consumed how much of coal in terms of TWh?",45.35 TWh
"In 1991, Thailand consumed how much of coal in terms of TWh?",53.11 TWh
"In 1992, Thailand consumed how much of coal in terms of TWh?",56.85 TWh
"In 1993, Thailand consumed how much of coal in terms of TWh?",63.32 TWh
"In 1994, Thailand consumed how much of coal in terms of TWh?",73.22 TWh
"In 1995, Thailand consumed how much of coal in terms of TWh?",83.52 TWh
"In 1996, Thailand consumed how much of coal in terms of TWh?",101.62 TWh
"In 1997, Thailand consumed how much of coal in terms of TWh?",104.80 TWh
"In 1998, Thailand consumed how much of coal in terms of TWh?",84.08 TWh
"In 1999, Thailand consumed how much of coal in terms of TWh?",89.40 TWh
"In 2000, Thailand consumed how much of coal in terms of TWh?",91.70 TWh
"In 2001, Thailand consumed how much of coal in terms of TWh?",102.08 TWh
"In 2002, Thailand consumed how much of coal in terms of TWh?",108.94 TWh
"In 2003, Thailand consumed how much of coal in terms of TWh?",111.27 TWh
"In 2004, Thailand consumed how much of coal in terms of TWh?",124.67 TWh
"In 2005, Thailand consumed how much of coal in terms of TWh?",134.76 TWh
"In 2006, Thailand consumed how much of coal in terms of TWh?",143.82 TWh
"In 2007, Thailand consumed how much of coal in terms of TWh?",161.63 TWh
"In 2008, Thailand consumed how much of coal in terms of TWh?",174.31 TWh
"In 2009, Thailand consumed how much of coal in terms of TWh?",174.90 TWh
"In 2010, Thailand consumed how much of coal in terms of TWh?",179.48 TWh
"In 2011, Thailand consumed how much of coal in terms of TWh?",182.52 TWh
"In 2012, Thailand consumed how much of coal in terms of TWh?",191.56 TWh
"In 2013, Thailand consumed how much of coal in terms of TWh?",188.54 TWh
"In 2014, Thailand consumed how much of coal in terms of TWh?",207.87 TWh
"In 2015, Thailand consumed how much of coal in terms of TWh?",204.07 TWh
"In 2016, Thailand consumed how much of coal in terms of TWh?",208.03 TWh
"In 2017, Thailand consumed how much of coal in terms of TWh?",208.86 TWh
"In 2018, Thailand consumed how much of coal in terms of TWh?",222.67 TWh
"In 2019, Thailand consumed how much of coal in terms of TWh?",198.45 TWh
"In 2020, Thailand consumed how much of coal in terms of TWh?",212.18 TWh
"In 2021, Thailand consumed how much of coal in terms of TWh?",217.27 TWh
"In 2022, Thailand consumed how much of coal in terms of TWh?",197.68 TWh
"In 2023, Thailand consumed how much of coal in terms of TWh?",168.05 TWh
"In 1971, Trinidad and Tobago consumed how much of coal in terms of TWh?",0.00 TWh
"In 1972, Trinidad and Tobago consumed how much of coal in terms of TWh?",0.00 TWh
"In 1973, Trinidad and Tobago consumed how much of coal in terms of TWh?",0.00 TWh
"In 1974, Trinidad and Tobago consumed how much of coal in terms of TWh?",0.00 TWh
"In 1975, Trinidad and Tobago consumed how much of coal in terms of TWh?",0.00 TWh
"In 1976, Trinidad and Tobago consumed how much of coal in terms of TWh?",0.00 TWh
"In 1977, Trinidad and Tobago consumed how much of coal in terms of TWh?",0.00 TWh
"In 1978, Trinidad and Tobago consumed how much of coal in terms of TWh?",0.00 TWh
"In 1979, Trinidad and Tobago consumed how much of coal in terms of TWh?",0.00 TWh
"In 1980, Trinidad and Tobago consumed how much of coal in terms of TWh?",0.00 TWh
"In 1981, Trinidad and Tobago consumed how much of coal in terms of TWh?",0.00 TWh
"In 1982, Trinidad and Tobago consumed how much of coal in terms of TWh?",0.00 TWh
"In 1983, Trinidad and Tobago consumed how much of coal in terms of TWh?",0.00 TWh
"In 1984, Trinidad and Tobago consumed how much of coal in terms of TWh?",0.00 TWh
"In 1985, Trinidad and Tobago consumed how much of coal in terms of TWh?",0.00 TWh
"In 1986, Trinidad and Tobago consumed how much of coal in terms of TWh?",0.00 TWh
"In 1987, Trinidad and Tobago consumed how much of coal in terms of TWh?",0.00 TWh
"In 1988, Trinidad and Tobago consumed how much of coal in terms of TWh?",0.00 TWh
"In 1989, Trinidad and Tobago consumed how much of coal in terms of TWh?",0.00 TWh
"In 1990, Trinidad and Tobago consumed how much of coal in terms of TWh?",0.00 TWh
"In 1991, Trinidad and Tobago consumed how much of coal in terms of TWh?",0.00 TWh
"In 1992, Trinidad and Tobago consumed how much of coal in terms of TWh?",0.00 TWh
"In 1993, Trinidad and Tobago consumed how much of coal in terms of TWh?",0.00 TWh
"In 1994, Trinidad and Tobago consumed how much of coal in terms of TWh?",0.00 TWh
"In 1995, Trinidad and Tobago consumed how much of coal in terms of TWh?",0.00 TWh
"In 1996, Trinidad and Tobago consumed how much of coal in terms of TWh?",0.00 TWh
"In 1997, Trinidad and Tobago consumed how much of coal in terms of TWh?",0.00 TWh
"In 1998, Trinidad and Tobago consumed how much of coal in terms of TWh?",0.00 TWh
"In 1999, Trinidad and Tobago consumed how much of coal in terms of TWh?",0.00 TWh
"In 2000, Trinidad and Tobago consumed how much of coal in terms of TWh?",0.00 TWh
"In 2001, Trinidad and Tobago consumed how much of coal in terms of TWh?",0.00 TWh
"In 2002, Trinidad and Tobago consumed how much of coal in terms of TWh?",0.00 TWh
"In 2003, Trinidad and Tobago consumed how much of coal in terms of TWh?",0.00 TWh
"In 2004, Trinidad and Tobago consumed how much of coal in terms of TWh?",0.00 TWh
"In 2005, Trinidad and Tobago consumed how much of coal in terms of TWh?",0.00 TWh
"In 2006, Trinidad and Tobago consumed how much of coal in terms of TWh?",0.00 TWh
"In 2007, Trinidad and Tobago consumed how much of coal in terms of TWh?",0.00 TWh
"In 2008, Trinidad and Tobago consumed how much of coal in terms of TWh?",0.00 TWh
"In 2009, Trinidad and Tobago consumed how much of coal in terms of TWh?",0.00 TWh
"In 2010, Trinidad and Tobago consumed how much of coal in terms of TWh?",0.00 TWh
"In 2011, Trinidad and Tobago consumed how much of coal in terms of TWh?",0.00 TWh
"In 2012, Trinidad and Tobago consumed how much of coal in terms of TWh?",0.00 TWh
"In 2013, Trinidad and Tobago consumed how much of coal in terms of TWh?",0.00 TWh
"In 2014, Trinidad and Tobago consumed how much of coal in terms of TWh?",0.00 TWh
"In 2015, Trinidad and Tobago consumed how much of coal in terms of TWh?",0.00 TWh
"In 2016, Trinidad and Tobago consumed how much of coal in terms of TWh?",0.00 TWh
"In 2017, Trinidad and Tobago consumed how much of coal in terms of TWh?",0.00 TWh
"In 2018, Trinidad and Tobago consumed how much of coal in terms of TWh?",0.00 TWh
"In 2019, Trinidad and Tobago consumed how much of coal in terms of TWh?",0.00 TWh
"In 2020, Trinidad and Tobago consumed how much of coal in terms of TWh?",0.00 TWh
"In 2021, Trinidad and Tobago consumed how much of coal in terms of TWh?",0.00 TWh
"In 2022, Trinidad and Tobago consumed how much of coal in terms of TWh?",0.00 TWh
"In 2023, Trinidad and Tobago consumed how much of coal in terms of TWh?",0.00 TWh
"In 1965, Turkey consumed how much of coal in terms of TWh?",42.68 TWh
"In 1966, Turkey consumed how much of coal in terms of TWh?",47.50 TWh
"In 1967, Turkey consumed how much of coal in terms of TWh?",42.10 TWh
"In 1968, Turkey consumed how much of coal in terms of TWh?",45.76 TWh
"In 1969, Turkey consumed how much of coal in terms of TWh?",48.61 TWh
"In 1970, Turkey consumed how much of coal in terms of TWh?",53.85 TWh
"In 1971, Turkey consumed how much of coal in terms of TWh?",55.36 TWh
"In 1972, Turkey consumed how much of coal in terms of TWh?",59.41 TWh
"In 1973, Turkey consumed how much of coal in terms of TWh?",60.72 TWh
"In 1974, Turkey consumed how much of coal in terms of TWh?",66.22 TWh
"In 1975, Turkey consumed how much of coal in terms of TWh?",68.77 TWh
"In 1976, Turkey consumed how much of coal in terms of TWh?",72.14 TWh
"In 1977, Turkey consumed how much of coal in terms of TWh?",74.33 TWh
"In 1978, Turkey consumed how much of coal in terms of TWh?",75.41 TWh
"In 1979, Turkey consumed how much of coal in terms of TWh?",77.28 TWh
"In 1980, Turkey consumed how much of coal in terms of TWh?",81.81 TWh
"In 1981, Turkey consumed how much of coal in terms of TWh?",83.50 TWh
"In 1982, Turkey consumed how much of coal in terms of TWh?",93.77 TWh
"In 1983, Turkey consumed how much of coal in terms of TWh?",103.18 TWh
"In 1984, Turkey consumed how much of coal in terms of TWh?",115.94 TWh
"In 1985, Turkey consumed how much of coal in terms of TWh?",138.78 TWh
"In 1986, Turkey consumed how much of coal in terms of TWh?",152.73 TWh
"In 1987, Turkey consumed how much of coal in terms of TWh?",161.24 TWh
"In 1988, Turkey consumed how much of coal in terms of TWh?",155.89 TWh
"In 1989, Turkey consumed how much of coal in terms of TWh?",175.67 TWh
"In 1990, Turkey consumed how much of coal in terms of TWh?",186.52 TWh
"In 1991, Turkey consumed how much of coal in terms of TWh?",199.26 TWh
"In 1992, Turkey consumed how much of coal in terms of TWh?",198.54 TWh
"In 1993, Turkey consumed how much of coal in terms of TWh?",183.71 TWh
"In 1994, Turkey consumed how much of coal in terms of TWh?",184.25 TWh
"In 1995, Turkey consumed how much of coal in terms of TWh?",192.34 TWh
"In 1996, Turkey consumed how much of coal in terms of TWh?",216.35 TWh
"In 1997, Turkey consumed how much of coal in terms of TWh?",241.69 TWh
"In 1998, Turkey consumed how much of coal in terms of TWh?",250.77 TWh
"In 1999, Turkey consumed how much of coal in terms of TWh?",233.00 TWh
"In 2000, Turkey consumed how much of coal in terms of TWh?",261.22 TWh
"In 2001, Turkey consumed how much of coal in terms of TWh?",214.61 TWh
"In 2002, Turkey consumed how much of coal in terms of TWh?",224.14 TWh
"In 2003, Turkey consumed how much of coal in terms of TWh?",242.09 TWh
"In 2004, Turkey consumed how much of coal in terms of TWh?",256.86 TWh
"In 2005, Turkey consumed how much of coal in terms of TWh?",257.69 TWh
"In 2006, Turkey consumed how much of coal in terms of TWh?",304.33 TWh
"In 2007, Turkey consumed how much of coal in terms of TWh?",342.67 TWh
"In 2008, Turkey consumed how much of coal in terms of TWh?",344.20 TWh
"In 2009, Turkey consumed how much of coal in terms of TWh?",359.34 TWh
"In 2010, Turkey consumed how much of coal in terms of TWh?",365.62 TWh
"In 2011, Turkey consumed how much of coal in terms of TWh?",394.01 TWh
"In 2012, Turkey consumed how much of coal in terms of TWh?",424.44 TWh
"In 2013, Turkey consumed how much of coal in terms of TWh?",367.09 TWh
"In 2014, Turkey consumed how much of coal in terms of TWh?",420.15 TWh
"In 2015, Turkey consumed how much of coal in terms of TWh?",404.03 TWh
"In 2016, Turkey consumed how much of coal in terms of TWh?",447.26 TWh
"In 2017, Turkey consumed how much of coal in terms of TWh?",458.91 TWh
"In 2018, Turkey consumed how much of coal in terms of TWh?",475.22 TWh
"In 2019, Turkey consumed how much of coal in terms of TWh?",487.53 TWh
"In 2020, Turkey consumed how much of coal in terms of TWh?",472.37 TWh
"In 2021, Turkey consumed how much of coal in terms of TWh?",482.32 TWh
"In 2022, Turkey consumed how much of coal in terms of TWh?",488.70 TWh
"In 2023, Turkey consumed how much of coal in terms of TWh?",458.10 TWh
"In 1985, Turkmenistan consumed how much of coal in terms of TWh?",3.74 TWh
"In 1986, Turkmenistan consumed how much of coal in terms of TWh?",3.74 TWh
"In 1987, Turkmenistan consumed how much of coal in terms of TWh?",3.74 TWh
"In 1988, Turkmenistan consumed how much of coal in terms of TWh?",3.21 TWh
"In 1989, Turkmenistan consumed how much of coal in terms of TWh?",3.74 TWh
"In 1990, Turkmenistan consumed how much of coal in terms of TWh?",4.28 TWh
"In 1991, Turkmenistan consumed how much of coal in terms of TWh?",3.74 TWh
"In 1992, Turkmenistan consumed how much of coal in terms of TWh?",1.60 TWh
"In 1993, Turkmenistan consumed how much of coal in terms of TWh?",0.00 TWh
"In 1994, Turkmenistan consumed how much of coal in terms of TWh?",0.06 TWh
"In 1995, Turkmenistan consumed how much of coal in terms of TWh?",0.06 TWh
"In 1996, Turkmenistan consumed how much of coal in terms of TWh?",0.53 TWh
"In 1965, USSR consumed how much of coal in terms of TWh?",3459.19 TWh
"In 1966, USSR consumed how much of coal in terms of TWh?",3585.22 TWh
"In 1967, USSR consumed how much of coal in terms of TWh?",3640.72 TWh
"In 1968, USSR consumed how much of coal in terms of TWh?",3608.97 TWh
"In 1969, USSR consumed how much of coal in terms of TWh?",3677.60 TWh
"In 1970, USSR consumed how much of coal in terms of TWh?",3630.39 TWh
"In 1971, USSR consumed how much of coal in terms of TWh?",3703.80 TWh
"In 1972, USSR consumed how much of coal in terms of TWh?",3803.02 TWh
"In 1973, USSR consumed how much of coal in terms of TWh?",3848.10 TWh
"In 1974, USSR consumed how much of coal in terms of TWh?",3866.99 TWh
"In 1975, USSR consumed how much of coal in terms of TWh?",3977.06 TWh
"In 1976, USSR consumed how much of coal in terms of TWh?",3972.75 TWh
"In 1977, USSR consumed how much of coal in terms of TWh?",4044.11 TWh
"In 1978, USSR consumed how much of coal in terms of TWh?",4019.64 TWh
"In 1979, USSR consumed how much of coal in terms of TWh?",4048.74 TWh
"In 1980, USSR consumed how much of coal in terms of TWh?",3925.49 TWh
"In 1981, USSR consumed how much of coal in terms of TWh?",3900.58 TWh
"In 1982, USSR consumed how much of coal in terms of TWh?",3960.33 TWh
"In 1983, USSR consumed how much of coal in terms of TWh?",3970.49 TWh
"In 1984, USSR consumed how much of coal in terms of TWh?",3933.01 TWh
"In 1985, Ukraine consumed how much of coal in terms of TWh?",987.91 TWh
"In 1986, Ukraine consumed how much of coal in terms of TWh?",980.78 TWh
"In 1987, Ukraine consumed how much of coal in terms of TWh?",971.87 TWh
"In 1988, Ukraine consumed how much of coal in terms of TWh?",916.63 TWh
"In 1989, Ukraine consumed how much of coal in terms of TWh?",835.83 TWh
"In 1990, Ukraine consumed how much of coal in terms of TWh?",965.93 TWh
"In 1991, Ukraine consumed how much of coal in terms of TWh?",857.39 TWh
"In 1992, Ukraine consumed how much of coal in terms of TWh?",843.97 TWh
"In 1993, Ukraine consumed how much of coal in terms of TWh?",751.69 TWh
"In 1994, Ukraine consumed how much of coal in terms of TWh?",599.94 TWh
"In 1995, Ukraine consumed how much of coal in terms of TWh?",593.12 TWh
"In 1996, Ukraine consumed how much of coal in terms of TWh?",446.31 TWh
"In 1997, Ukraine consumed how much of coal in terms of TWh?",435.43 TWh
"In 1998, Ukraine consumed how much of coal in terms of TWh?",446.23 TWh
"In 1999, Ukraine consumed how much of coal in terms of TWh?",441.38 TWh
"In 2000, Ukraine consumed how much of coal in terms of TWh?",448.28 TWh
"In 2001, Ukraine consumed how much of coal in terms of TWh?",436.45 TWh
"In 2002, Ukraine consumed how much of coal in terms of TWh?",439.20 TWh
"In 2003, Ukraine consumed how much of coal in terms of TWh?",451.36 TWh
"In 2004, Ukraine consumed how much of coal in terms of TWh?",428.85 TWh
"In 2005, Ukraine consumed how much of coal in terms of TWh?",433.76 TWh
"In 2006, Ukraine consumed how much of coal in terms of TWh?",466.39 TWh
"In 2007, Ukraine consumed how much of coal in terms of TWh?",496.10 TWh
"In 2008, Ukraine consumed how much of coal in terms of TWh?",486.11 TWh
"In 2009, Ukraine consumed how much of coal in terms of TWh?",417.17 TWh
"In 2010, Ukraine consumed how much of coal in terms of TWh?",444.86 TWh
"In 2011, Ukraine consumed how much of coal in terms of TWh?",482.53 TWh
"In 2012, Ukraine consumed how much of coal in terms of TWh?",496.81 TWh
"In 2013, Ukraine consumed how much of coal in terms of TWh?",481.80 TWh
"In 2014, Ukraine consumed how much of coal in terms of TWh?",413.75 TWh
"In 2015, Ukraine consumed how much of coal in terms of TWh?",318.01 TWh
"In 2016, Ukraine consumed how much of coal in terms of TWh?",377.39 TWh
"In 2017, Ukraine consumed how much of coal in terms of TWh?",299.55 TWh
"In 2018, Ukraine consumed how much of coal in terms of TWh?",326.28 TWh
"In 2019, Ukraine consumed how much of coal in terms of TWh?",303.26 TWh
"In 2020, Ukraine consumed how much of coal in terms of TWh?",265.71 TWh
"In 2021, Ukraine consumed how much of coal in terms of TWh?",264.88 TWh
"In 2022, Ukraine consumed how much of coal in terms of TWh?",151.27 TWh
"In 2023, Ukraine consumed how much of coal in terms of TWh?",135.36 TWh
"In 2001, United Arab Emirates consumed how much of coal in terms of TWh?",0.22 TWh
"In 2002, United Arab Emirates consumed how much of coal in terms of TWh?",1.10 TWh
"In 2003, United Arab Emirates consumed how much of coal in terms of TWh?",1.29 TWh
"In 2004, United Arab Emirates consumed how much of coal in terms of TWh?",1.46 TWh
"In 2005, United Arab Emirates consumed how much of coal in terms of TWh?",1.69 TWh
"In 2006, United Arab Emirates consumed how much of coal in terms of TWh?",3.28 TWh
"In 2007, United Arab Emirates consumed how much of coal in terms of TWh?",1.58 TWh
"In 2008, United Arab Emirates consumed how much of coal in terms of TWh?",3.99 TWh
"In 2009, United Arab Emirates consumed how much of coal in terms of TWh?",3.19 TWh
"In 2010, United Arab Emirates consumed how much of coal in terms of TWh?",7.65 TWh
"In 2011, United Arab Emirates consumed how much of coal in terms of TWh?",5.17 TWh
"In 2012, United Arab Emirates consumed how much of coal in terms of TWh?",16.08 TWh
"In 2013, United Arab Emirates consumed how much of coal in terms of TWh?",20.58 TWh
"In 2014, United Arab Emirates consumed how much of coal in terms of TWh?",22.95 TWh
"In 2015, United Arab Emirates consumed how much of coal in terms of TWh?",19.94 TWh
"In 2016, United Arab Emirates consumed how much of coal in terms of TWh?",21.41 TWh
"In 2017, United Arab Emirates consumed how much of coal in terms of TWh?",24.76 TWh
"In 2018, United Arab Emirates consumed how much of coal in terms of TWh?",22.33 TWh
"In 2019, United Arab Emirates consumed how much of coal in terms of TWh?",20.67 TWh
"In 2020, United Arab Emirates consumed how much of coal in terms of TWh?",24.74 TWh
"In 2021, United Arab Emirates consumed how much of coal in terms of TWh?",30.15 TWh
"In 2022, United Arab Emirates consumed how much of coal in terms of TWh?",27.89 TWh
"In 2023, United Arab Emirates consumed how much of coal in terms of TWh?",28.41 TWh
"In 1965, United Kingdom consumed how much of coal in terms of TWh?",1365.33 TWh
"In 1966, United Kingdom consumed how much of coal in terms of TWh?",1299.42 TWh
"In 1967, United Kingdom consumed how much of coal in terms of TWh?",1213.83 TWh
"In 1968, United Kingdom consumed how much of coal in terms of TWh?",1214.75 TWh
"In 1969, United Kingdom consumed how much of coal in terms of TWh?",1184.05 TWh
"In 1970, United Kingdom consumed how much of coal in terms of TWh?",1116.76 TWh
"In 1971, United Kingdom consumed how much of coal in terms of TWh?",989.71 TWh
"In 1972, United Kingdom consumed how much of coal in terms of TWh?",866.92 TWh
"In 1973, United Kingdom consumed how much of coal in terms of TWh?",938.98 TWh
"In 1974, United Kingdom consumed how much of coal in terms of TWh?",826.66 TWh
"In 1975, United Kingdom consumed how much of coal in terms of TWh?",831.60 TWh
"In 1976, United Kingdom consumed how much of coal in terms of TWh?",846.27 TWh
"In 1977, United Kingdom consumed how much of coal in terms of TWh?",849.05 TWh
"In 1978, United Kingdom consumed how much of coal in terms of TWh?",827.14 TWh
"In 1979, United Kingdom consumed how much of coal in terms of TWh?",889.11 TWh
"In 1980, United Kingdom consumed how much of coal in terms of TWh?",826.49 TWh
"In 1981, United Kingdom consumed how much of coal in terms of TWh?",822.00 TWh
"In 1982, United Kingdom consumed how much of coal in terms of TWh?",766.64 TWh
"In 1983, United Kingdom consumed how much of coal in terms of TWh?",773.77 TWh
"In 1984, United Kingdom consumed how much of coal in terms of TWh?",549.82 TWh
"In 1985, United Kingdom consumed how much of coal in terms of TWh?",731.28 TWh
"In 1986, United Kingdom consumed how much of coal in terms of TWh?",789.77 TWh
"In 1987, United Kingdom consumed how much of coal in terms of TWh?",809.09 TWh
"In 1988, United Kingdom consumed how much of coal in terms of TWh?",785.40 TWh
"In 1989, United Kingdom consumed how much of coal in terms of TWh?",756.00 TWh
"In 1990, United Kingdom consumed how much of coal in terms of TWh?",755.31 TWh
"In 1991, United Kingdom consumed how much of coal in terms of TWh?",756.59 TWh
"In 1992, United Kingdom consumed how much of coal in terms of TWh?",711.38 TWh
"In 1993, United Kingdom consumed how much of coal in terms of TWh?",619.48 TWh
"In 1994, United Kingdom consumed how much of coal in terms of TWh?",578.41 TWh
"In 1995, United Kingdom consumed how much of coal in terms of TWh?",551.91 TWh
"In 1996, United Kingdom consumed how much of coal in terms of TWh?",515.98 TWh
"In 1997, United Kingdom consumed how much of coal in terms of TWh?",460.18 TWh
"In 1998, United Kingdom consumed how much of coal in terms of TWh?",448.69 TWh
"In 1999, United Kingdom consumed how much of coal in terms of TWh?",398.92 TWh
"In 2000, United Kingdom consumed how much of coal in terms of TWh?",427.15 TWh
"In 2001, United Kingdom consumed how much of coal in terms of TWh?",452.55 TWh
"In 2002, United Kingdom consumed how much of coal in terms of TWh?",415.31 TWh
"In 2003, United Kingdom consumed how much of coal in terms of TWh?",443.15 TWh
"In 2004, United Kingdom consumed how much of coal in terms of TWh?",432.51 TWh
"In 2005, United Kingdom consumed how much of coal in terms of TWh?",440.46 TWh
"In 2006, United Kingdom consumed how much of coal in terms of TWh?",480.99 TWh
"In 2007, United Kingdom consumed how much of coal in terms of TWh?",452.89 TWh
"In 2008, United Kingdom consumed how much of coal in terms of TWh?",420.33 TWh
"In 2009, United Kingdom consumed how much of coal in terms of TWh?",346.70 TWh
"In 2010, United Kingdom consumed how much of coal in terms of TWh?",354.81 TWh
"In 2011, United Kingdom consumed how much of coal in terms of TWh?",357.70 TWh
"In 2012, United Kingdom consumed how much of coal in terms of TWh?",451.25 TWh
"In 2013, United Kingdom consumed how much of coal in terms of TWh?",434.92 TWh
"In 2014, United Kingdom consumed how much of coal in terms of TWh?",351.19 TWh
"In 2015, United Kingdom consumed how much of coal in terms of TWh?",277.32 TWh
"In 2016, United Kingdom consumed how much of coal in terms of TWh?",141.17 TWh
"In 2017, United Kingdom consumed how much of coal in terms of TWh?",114.23 TWh
"In 2018, United Kingdom consumed how much of coal in terms of TWh?",96.42 TWh
"In 2019, United Kingdom consumed how much of coal in terms of TWh?",68.91 TWh
"In 2020, United Kingdom consumed how much of coal in terms of TWh?",62.79 TWh
"In 2021, United Kingdom consumed how much of coal in terms of TWh?",64.24 TWh
"In 2022, United Kingdom consumed how much of coal in terms of TWh?",58.39 TWh
"In 2023, United Kingdom consumed how much of coal in terms of TWh?",51.03 TWh
"In 1965, United States consumed how much of coal in terms of TWh?",3224.24 TWh
"In 1966, United States consumed how much of coal in terms of TWh?",3380.85 TWh
"In 1967, United States consumed how much of coal in terms of TWh?",3317.00 TWh
"In 1968, United States consumed how much of coal in terms of TWh?",3433.08 TWh
"In 1969, United States consumed how much of coal in terms of TWh?",3447.24 TWh
"In 1970, United States consumed how much of coal in terms of TWh?",3414.66 TWh
"In 1971, United States consumed how much of coal in terms of TWh?",3229.20 TWh
"In 1972, United States consumed how much of coal in terms of TWh?",3362.43 TWh
"In 1973, United States consumed how much of coal in terms of TWh?",3611.49 TWh
"In 1974, United States consumed how much of coal in terms of TWh?",3525.57 TWh
"In 1975, United States consumed how much of coal in terms of TWh?",3525.54 TWh
"In 1976, United States consumed how much of coal in terms of TWh?",3782.04 TWh
"In 1977, United States consumed how much of coal in terms of TWh?",3876.16 TWh
"In 1978, United States consumed how much of coal in terms of TWh?",3832.58 TWh
"In 1979, United States consumed how much of coal in terms of TWh?",4187.28 TWh
"In 1980, United States consumed how much of coal in terms of TWh?",4293.98 TWh
"In 1981, United States consumed how much of coal in terms of TWh?",4428.93 TWh
"In 1982, United States consumed how much of coal in terms of TWh?",4265.80 TWh
"In 1983, United States consumed how much of coal in terms of TWh?",4425.29 TWh
"In 1984, United States consumed how much of coal in terms of TWh?",4752.76 TWh
"In 1985, United States consumed how much of coal in terms of TWh?",4866.30 TWh
"In 1986, United States consumed how much of coal in terms of TWh?",4805.60 TWh
"In 1987, United States consumed how much of coal in terms of TWh?",5013.87 TWh
"In 1988, United States consumed how much of coal in terms of TWh?",5247.14 TWh
"In 1989, United States consumed how much of coal in terms of TWh?",5309.36 TWh
"In 1990, United States consumed how much of coal in terms of TWh?",5338.00 TWh
"In 1991, United States consumed how much of coal in terms of TWh?",5287.61 TWh
"In 1992, United States consumed how much of coal in terms of TWh?",5324.03 TWh
"In 1993, United States consumed how much of coal in terms of TWh?",5522.45 TWh
"In 1994, United States consumed how much of coal in terms of TWh?",5543.14 TWh
"In 1995, United States consumed how much of coal in terms of TWh?",5593.05 TWh
"In 1996, United States consumed how much of coal in terms of TWh?",5847.30 TWh
"In 1997, United States consumed how much of coal in terms of TWh?",5970.78 TWh
"In 1998, United States consumed how much of coal in terms of TWh?",6029.34 TWh
"In 1999, United States consumed how much of coal in terms of TWh?",6020.09 TWh
"In 2000, United States consumed how much of coal in terms of TWh?",6286.54 TWh
"In 2001, United States consumed how much of coal in terms of TWh?",6101.32 TWh
"In 2002, United States consumed how much of coal in terms of TWh?",6098.45 TWh
"In 2003, United States consumed how much of coal in terms of TWh?",6214.54 TWh
"In 2004, United States consumed how much of coal in terms of TWh?",6254.98 TWh
"In 2005, United States consumed how much of coal in terms of TWh?",6346.96 TWh
"In 2006, United States consumed how much of coal in terms of TWh?",6249.68 TWh
"In 2007, United States consumed how much of coal in terms of TWh?",6333.85 TWh
"In 2008, United States consumed how much of coal in terms of TWh?",6233.05 TWh
"In 2009, United States consumed how much of coal in terms of TWh?",5482.38 TWh
"In 2010, United States consumed how much of coal in terms of TWh?",5800.54 TWh
"In 2011, United States consumed how much of coal in terms of TWh?",5473.07 TWh
"In 2012, United States consumed how much of coal in terms of TWh?",4838.40 TWh
"In 2013, United States consumed how much of coal in terms of TWh?",5022.27 TWh
"In 2014, United States consumed how much of coal in terms of TWh?",5010.86 TWh
"In 2015, United States consumed how much of coal in terms of TWh?",4329.08 TWh
"In 2016, United States consumed how much of coal in terms of TWh?",3960.74 TWh
"In 2017, United States consumed how much of coal in terms of TWh?",3852.59 TWh
"In 2018, United States consumed how much of coal in terms of TWh?",3689.46 TWh
"In 2019, United States consumed how much of coal in terms of TWh?",3150.46 TWh
"In 2020, United States consumed how much of coal in terms of TWh?",2556.18 TWh
"In 2021, United States consumed how much of coal in terms of TWh?",2936.89 TWh
"In 2022, United States consumed how much of coal in terms of TWh?",2752.98 TWh
"In 2023, United States consumed how much of coal in terms of TWh?",2276.87 TWh
"In 1965, Upper-middle-income countries consumed how much of coal in terms of TWh?",5252.00 TWh
"In 1966, Upper-middle-income countries consumed how much of coal in terms of TWh?",5475.68 TWh
"In 1967, Upper-middle-income countries consumed how much of coal in terms of TWh?",5387.83 TWh
"In 1968, Upper-middle-income countries consumed how much of coal in terms of TWh?",5368.14 TWh
"In 1969, Upper-middle-income countries consumed how much of coal in terms of TWh?",5710.32 TWh
"In 1970, Upper-middle-income countries consumed how much of coal in terms of TWh?",6108.12 TWh
"In 1971, Upper-middle-income countries consumed how much of coal in terms of TWh?",6497.14 TWh
"In 1972, Upper-middle-income countries consumed how much of coal in terms of TWh?",6736.66 TWh
"In 1973, Upper-middle-income countries consumed how much of coal in terms of TWh?",6840.19 TWh
"In 1974, Upper-middle-income countries consumed how much of coal in terms of TWh?",6865.64 TWh
"In 1975, Upper-middle-income countries consumed how much of coal in terms of TWh?",7317.01 TWh
"In 1976, Upper-middle-income countries consumed how much of coal in terms of TWh?",7390.10 TWh
"In 1977, Upper-middle-income countries consumed how much of coal in terms of TWh?",7770.97 TWh
"In 1978, Upper-middle-income countries consumed how much of coal in terms of TWh?",8044.63 TWh
"In 1979, Upper-middle-income countries consumed how much of coal in terms of TWh?",8229.21 TWh
"In 1980, Upper-middle-income countries consumed how much of coal in terms of TWh?",8295.90 TWh
"In 1981, Upper-middle-income countries consumed how much of coal in terms of TWh?",8344.23 TWh
"In 1982, Upper-middle-income countries consumed how much of coal in terms of TWh?",8691.83 TWh
"In 1983, Upper-middle-income countries consumed how much of coal in terms of TWh?",9001.54 TWh
"In 1984, Upper-middle-income countries consumed how much of coal in terms of TWh?",9396.85 TWh
"In 1985, Upper-middle-income countries consumed how much of coal in terms of TWh?",8729.31 TWh
"In 1986, Upper-middle-income countries consumed how much of coal in terms of TWh?",9071.10 TWh
"In 1987, Upper-middle-income countries consumed how much of coal in terms of TWh?",9600.99 TWh
"In 1988, Upper-middle-income countries consumed how much of coal in terms of TWh?",10026.94 TWh
"In 1989, Upper-middle-income countries consumed how much of coal in terms of TWh?",10213.65 TWh
"In 1990, Upper-middle-income countries consumed how much of coal in terms of TWh?",10105.34 TWh
"In 1991, Upper-middle-income countries consumed how much of coal in terms of TWh?",10228.20 TWh
"In 1992, Upper-middle-income countries consumed how much of coal in terms of TWh?",10439.39 TWh
"In 1993, Upper-middle-income countries consumed how much of coal in terms of TWh?",10668.86 TWh
"In 1994, Upper-middle-income countries consumed how much of coal in terms of TWh?",10967.77 TWh
"In 1995, Upper-middle-income countries consumed how much of coal in terms of TWh?",10997.52 TWh
"In 1996, Upper-middle-income countries consumed how much of coal in terms of TWh?",11369.62 TWh
"In 1997, Upper-middle-income countries consumed how much of coal in terms of TWh?",11141.06 TWh
"In 1998, Upper-middle-income countries consumed how much of coal in terms of TWh?",10964.90 TWh
"In 1999, Upper-middle-income countries consumed how much of coal in terms of TWh?",11225.25 TWh
"In 2000, Upper-middle-income countries consumed how much of coal in terms of TWh?",11427.28 TWh
"In 2001, Upper-middle-income countries consumed how much of coal in terms of TWh?",11897.40 TWh
"In 2002, Upper-middle-income countries consumed how much of coal in terms of TWh?",12762.75 TWh
"In 2003, Upper-middle-income countries consumed how much of coal in terms of TWh?",14799.12 TWh
"In 2004, Upper-middle-income countries consumed how much of coal in terms of TWh?",16754.34 TWh
"In 2005, Upper-middle-income countries consumed how much of coal in terms of TWh?",18931.91 TWh
"In 2006, Upper-middle-income countries consumed how much of coal in terms of TWh?",20651.50 TWh
"In 2007, Upper-middle-income countries consumed how much of coal in terms of TWh?",22349.27 TWh
"In 2008, Upper-middle-income countries consumed how much of coal in terms of TWh?",22836.08 TWh
"In 2009, Upper-middle-income countries consumed how much of coal in terms of TWh?",23578.87 TWh
"In 2010, Upper-middle-income countries consumed how much of coal in terms of TWh?",24507.73 TWh
"In 2011, Upper-middle-income countries consumed how much of coal in terms of TWh?",26500.01 TWh
"In 2012, Upper-middle-income countries consumed how much of coal in terms of TWh?",26854.81 TWh
"In 2013, Upper-middle-income countries consumed how much of coal in terms of TWh?",27108.55 TWh
"In 2014, Upper-middle-income countries consumed how much of coal in terms of TWh?",27108.55 TWh
"In 2015, Upper-middle-income countries consumed how much of coal in terms of TWh?",26571.69 TWh
"In 2016, Upper-middle-income countries consumed how much of coal in terms of TWh?",26055.83 TWh
"In 2017, Upper-middle-income countries consumed how much of coal in terms of TWh?",26342.13 TWh
"In 2018, Upper-middle-income countries consumed how much of coal in terms of TWh?",26881.53 TWh
"In 2019, Upper-middle-income countries consumed how much of coal in terms of TWh?",27578.00 TWh
"In 2020, Upper-middle-income countries consumed how much of coal in terms of TWh?",27817.63 TWh
"In 2021, Upper-middle-income countries consumed how much of coal in terms of TWh?",28768.53 TWh
"In 2022, Upper-middle-income countries consumed how much of coal in terms of TWh?",29339.28 TWh
"In 2023, Upper-middle-income countries consumed how much of coal in terms of TWh?",30376.60 TWh
"In 1985, Uzbekistan consumed how much of coal in terms of TWh?",17.31 TWh
"In 1986, Uzbekistan consumed how much of coal in terms of TWh?",19.59 TWh
"In 1987, Uzbekistan consumed how much of coal in terms of TWh?",16.33 TWh
"In 1988, Uzbekistan consumed how much of coal in terms of TWh?",17.96 TWh
"In 1989, Uzbekistan consumed how much of coal in terms of TWh?",20.24 TWh
"In 1990, Uzbekistan consumed how much of coal in terms of TWh?",21.22 TWh
"In 1991, Uzbekistan consumed how much of coal in terms of TWh?",19.42 TWh
"In 1992, Uzbekistan consumed how much of coal in terms of TWh?",15.28 TWh
"In 1993, Uzbekistan consumed how much of coal in terms of TWh?",12.43 TWh
"In 1994, Uzbekistan consumed how much of coal in terms of TWh?",12.55 TWh
"In 1995, Uzbekistan consumed how much of coal in terms of TWh?",10.37 TWh
"In 1996, Uzbekistan consumed how much of coal in terms of TWh?",9.69 TWh
"In 1997, Uzbekistan consumed how much of coal in terms of TWh?",9.63 TWh
"In 1998, Uzbekistan consumed how much of coal in terms of TWh?",9.66 TWh
"In 1999, Uzbekistan consumed how much of coal in terms of TWh?",9.65 TWh
"In 2000, Uzbekistan consumed how much of coal in terms of TWh?",11.00 TWh
"In 2001, Uzbekistan consumed how much of coal in terms of TWh?",9.22 TWh
"In 2002, Uzbekistan consumed how much of coal in terms of TWh?",9.82 TWh
"In 2003, Uzbekistan consumed how much of coal in terms of TWh?",7.66 TWh
"In 2004, Uzbekistan consumed how much of coal in terms of TWh?",10.35 TWh
"In 2005, Uzbekistan consumed how much of coal in terms of TWh?",9.83 TWh
"In 2006, Uzbekistan consumed how much of coal in terms of TWh?",10.69 TWh
"In 2007, Uzbekistan consumed how much of coal in terms of TWh?",9.21 TWh
"In 2008, Uzbekistan consumed how much of coal in terms of TWh?",11.63 TWh
"In 2009, Uzbekistan consumed how much of coal in terms of TWh?",11.07 TWh
"In 2010, Uzbekistan consumed how much of coal in terms of TWh?",9.23 TWh
"In 2011, Uzbekistan consumed how much of coal in terms of TWh?",9.88 TWh
"In 2012, Uzbekistan consumed how much of coal in terms of TWh?",13.37 TWh
"In 2013, Uzbekistan consumed how much of coal in terms of TWh?",19.97 TWh
"In 2014, Uzbekistan consumed how much of coal in terms of TWh?",18.38 TWh
"In 2015, Uzbekistan consumed how much of coal in terms of TWh?",14.78 TWh
"In 2016, Uzbekistan consumed how much of coal in terms of TWh?",17.46 TWh
"In 2017, Uzbekistan consumed how much of coal in terms of TWh?",16.49 TWh
"In 2018, Uzbekistan consumed how much of coal in terms of TWh?",23.62 TWh
"In 2019, Uzbekistan consumed how much of coal in terms of TWh?",20.91 TWh
"In 2020, Uzbekistan consumed how much of coal in terms of TWh?",28.66 TWh
"In 2021, Uzbekistan consumed how much of coal in terms of TWh?",25.81 TWh
"In 2022, Uzbekistan consumed how much of coal in terms of TWh?",29.68 TWh
"In 2023, Uzbekistan consumed how much of coal in terms of TWh?",37.98 TWh
"In 1965, Venezuela consumed how much of coal in terms of TWh?",0.23 TWh
"In 1966, Venezuela consumed how much of coal in terms of TWh?",0.24 TWh
"In 1967, Venezuela consumed how much of coal in terms of TWh?",0.26 TWh
"In 1968, Venezuela consumed how much of coal in terms of TWh?",0.27 TWh
"In 1969, Venezuela consumed how much of coal in terms of TWh?",0.28 TWh
"In 1970, Venezuela consumed how much of coal in terms of TWh?",0.28 TWh
"In 1971, Venezuela consumed how much of coal in terms of TWh?",1.66 TWh
"In 1972, Venezuela consumed how much of coal in terms of TWh?",1.75 TWh
"In 1973, Venezuela consumed how much of coal in terms of TWh?",3.17 TWh
"In 1974, Venezuela consumed how much of coal in terms of TWh?",2.37 TWh
"In 1975, Venezuela consumed how much of coal in terms of TWh?",2.93 TWh
"In 1976, Venezuela consumed how much of coal in terms of TWh?",1.92 TWh
"In 1977, Venezuela consumed how much of coal in terms of TWh?",2.98 TWh
"In 1978, Venezuela consumed how much of coal in terms of TWh?",0.92 TWh
"In 1979, Venezuela consumed how much of coal in terms of TWh?",1.91 TWh
"In 1980, Venezuela consumed how much of coal in terms of TWh?",1.82 TWh
"In 1981, Venezuela consumed how much of coal in terms of TWh?",1.80 TWh
"In 1982, Venezuela consumed how much of coal in terms of TWh?",1.03 TWh
"In 1983, Venezuela consumed how much of coal in terms of TWh?",1.44 TWh
"In 1984, Venezuela consumed how much of coal in terms of TWh?",1.57 TWh
"In 1985, Venezuela consumed how much of coal in terms of TWh?",2.08 TWh
"In 1986, Venezuela consumed how much of coal in terms of TWh?",2.32 TWh
"In 1987, Venezuela consumed how much of coal in terms of TWh?",3.04 TWh
"In 1988, Venezuela consumed how much of coal in terms of TWh?",2.21 TWh
"In 1989, Venezuela consumed how much of coal in terms of TWh?",6.07 TWh
"In 1990, Venezuela consumed how much of coal in terms of TWh?",5.38 TWh
"In 1991, Venezuela consumed how much of coal in terms of TWh?",0.00 TWh
"In 1992, Venezuela consumed how much of coal in terms of TWh?",0.04 TWh
"In 1993, Venezuela consumed how much of coal in terms of TWh?",0.33 TWh
"In 1994, Venezuela consumed how much of coal in terms of TWh?",0.65 TWh
"In 1995, Venezuela consumed how much of coal in terms of TWh?",0.06 TWh
"In 1996, Venezuela consumed how much of coal in terms of TWh?",0.19 TWh
"In 1997, Venezuela consumed how much of coal in terms of TWh?",0.40 TWh
"In 1998, Venezuela consumed how much of coal in terms of TWh?",0.42 TWh
"In 1999, Venezuela consumed how much of coal in terms of TWh?",0.42 TWh
"In 2000, Venezuela consumed how much of coal in terms of TWh?",1.54 TWh
"In 2001, Venezuela consumed how much of coal in terms of TWh?",0.57 TWh
"In 2002, Venezuela consumed how much of coal in terms of TWh?",0.21 TWh
"In 2003, Venezuela consumed how much of coal in terms of TWh?",0.50 TWh
"In 2004, Venezuela consumed how much of coal in terms of TWh?",0.00 TWh
"In 2005, Venezuela consumed how much of coal in terms of TWh?",0.43 TWh
"In 2006, Venezuela consumed how much of coal in terms of TWh?",2.88 TWh
"In 2007, Venezuela consumed how much of coal in terms of TWh?",1.61 TWh
"In 2008, Venezuela consumed how much of coal in terms of TWh?",1.64 TWh
"In 2009, Venezuela consumed how much of coal in terms of TWh?",2.76 TWh
"In 2010, Venezuela consumed how much of coal in terms of TWh?",2.32 TWh
"In 2011, Venezuela consumed how much of coal in terms of TWh?",2.39 TWh
"In 2012, Venezuela consumed how much of coal in terms of TWh?",2.45 TWh
"In 2013, Venezuela consumed how much of coal in terms of TWh?",2.45 TWh
"In 2014, Venezuela consumed how much of coal in terms of TWh?",2.29 TWh
"In 2015, Venezuela consumed how much of coal in terms of TWh?",2.15 TWh
"In 2016, Venezuela consumed how much of coal in terms of TWh?",1.78 TWh
"In 2017, Venezuela consumed how much of coal in terms of TWh?",1.50 TWh
"In 2018, Venezuela consumed how much of coal in terms of TWh?",1.21 TWh
"In 2019, Venezuela consumed how much of coal in terms of TWh?",0.87 TWh
"In 2020, Venezuela consumed how much of coal in terms of TWh?",0.61 TWh
"In 2021, Venezuela consumed how much of coal in terms of TWh?",0.55 TWh
"In 2022, Venezuela consumed how much of coal in terms of TWh?",1.87 TWh
"In 2023, Venezuela consumed how much of coal in terms of TWh?",1.87 TWh
"In 1965, Vietnam consumed how much of coal in terms of TWh?",10.44 TWh
"In 1966, Vietnam consumed how much of coal in terms of TWh?",10.96 TWh
"In 1967, Vietnam consumed how much of coal in terms of TWh?",12.02 TWh
"In 1968, Vietnam consumed how much of coal in terms of TWh?",13.33 TWh
"In 1969, Vietnam consumed how much of coal in terms of TWh?",14.21 TWh
"In 1970, Vietnam consumed how much of coal in terms of TWh?",15.17 TWh
"In 1971, Vietnam consumed how much of coal in terms of TWh?",16.67 TWh
"In 1972, Vietnam consumed how much of coal in terms of TWh?",12.54 TWh
"In 1973, Vietnam consumed how much of coal in terms of TWh?",18.05 TWh
"In 1974, Vietnam consumed how much of coal in terms of TWh?",21.56 TWh
"In 1975, Vietnam consumed how much of coal in terms of TWh?",29.97 TWh
"In 1976, Vietnam consumed how much of coal in terms of TWh?",28.30 TWh
"In 1977, Vietnam consumed how much of coal in terms of TWh?",31.02 TWh
"In 1978, Vietnam consumed how much of coal in terms of TWh?",29.98 TWh
"In 1979, Vietnam consumed how much of coal in terms of TWh?",31.01 TWh
"In 1980, Vietnam consumed how much of coal in terms of TWh?",26.45 TWh
"In 1981, Vietnam consumed how much of coal in terms of TWh?",29.45 TWh
"In 1982, Vietnam consumed how much of coal in terms of TWh?",32.56 TWh
"In 1983, Vietnam consumed how much of coal in terms of TWh?",32.77 TWh
"In 1984, Vietnam consumed how much of coal in terms of TWh?",32.81 TWh
"In 1985, Vietnam consumed how much of coal in terms of TWh?",32.61 TWh
"In 1986, Vietnam consumed how much of coal in terms of TWh?",35.94 TWh
"In 1987, Vietnam consumed how much of coal in terms of TWh?",40.07 TWh
"In 1988, Vietnam consumed how much of coal in terms of TWh?",37.53 TWh
"In 1989, Vietnam consumed how much of coal in terms of TWh?",30.14 TWh
"In 1990, Vietnam consumed how much of coal in terms of TWh?",25.85 TWh
"In 1991, Vietnam consumed how much of coal in terms of TWh?",24.97 TWh
"In 1992, Vietnam consumed how much of coal in terms of TWh?",25.04 TWh
"In 1993, Vietnam consumed how much of coal in terms of TWh?",24.24 TWh
"In 1994, Vietnam consumed how much of coal in terms of TWh?",26.76 TWh
"In 1995, Vietnam consumed how much of coal in terms of TWh?",36.01 TWh
"In 1996, Vietnam consumed how much of coal in terms of TWh?",40.23 TWh
"In 1997, Vietnam consumed how much of coal in terms of TWh?",51.68 TWh
"In 1998, Vietnam consumed how much of coal in terms of TWh?",55.43 TWh
"In 1999, Vietnam consumed how much of coal in terms of TWh?",41.49 TWh
"In 2000, Vietnam consumed how much of coal in terms of TWh?",54.54 TWh
"In 2001, Vietnam consumed how much of coal in terms of TWh?",59.60 TWh
"In 2002, Vietnam consumed how much of coal in terms of TWh?",68.06 TWh
"In 2003, Vietnam consumed how much of coal in terms of TWh?",79.24 TWh
"In 2004, Vietnam consumed how much of coal in terms of TWh?",103.84 TWh
"In 2005, Vietnam consumed how much of coal in terms of TWh?",108.74 TWh
"In 2006, Vietnam consumed how much of coal in terms of TWh?",66.62 TWh
"In 2007, Vietnam consumed how much of coal in terms of TWh?",72.92 TWh
"In 2008, Vietnam consumed how much of coal in terms of TWh?",138.26 TWh
"In 2009, Vietnam consumed how much of coal in terms of TWh?",129.73 TWh
"In 2010, Vietnam consumed how much of coal in terms of TWh?",169.26 TWh
"In 2011, Vietnam consumed how much of coal in terms of TWh?",201.71 TWh
"In 2012, Vietnam consumed how much of coal in terms of TWh?",187.22 TWh
"In 2013, Vietnam consumed how much of coal in terms of TWh?",199.97 TWh
"In 2014, Vietnam consumed how much of coal in terms of TWh?",241.62 TWh
"In 2015, Vietnam consumed how much of coal in terms of TWh?",305.12 TWh
"In 2016, Vietnam consumed how much of coal in terms of TWh?",330.18 TWh
"In 2017, Vietnam consumed how much of coal in terms of TWh?",329.92 TWh
"In 2018, Vietnam consumed how much of coal in terms of TWh?",439.51 TWh
"In 2019, Vietnam consumed how much of coal in terms of TWh?",580.66 TWh
"In 2020, Vietnam consumed how much of coal in terms of TWh?",609.74 TWh
"In 2021, Vietnam consumed how much of coal in terms of TWh?",579.23 TWh
"In 2022, Vietnam consumed how much of coal in terms of TWh?",528.12 TWh
"In 2023, Vietnam consumed how much of coal in terms of TWh?",645.36 TWh
"In 1965, Western Africa (EI) consumed how much of coal in terms of TWh?",5.49 TWh
"In 1966, Western Africa (EI) consumed how much of coal in terms of TWh?",5.20 TWh
"In 1967, Western Africa (EI) consumed how much of coal in terms of TWh?",2.45 TWh
"In 1968, Western Africa (EI) consumed how much of coal in terms of TWh?",0.42 TWh
"In 1969, Western Africa (EI) consumed how much of coal in terms of TWh?",0.52 TWh
"In 1970, Western Africa (EI) consumed how much of coal in terms of TWh?",0.93 TWh
"In 1971, Western Africa (EI) consumed how much of coal in terms of TWh?",1.81 TWh
"In 1972, Western Africa (EI) consumed how much of coal in terms of TWh?",2.36 TWh
"In 1973, Western Africa (EI) consumed how much of coal in terms of TWh?",2.40 TWh
"In 1974, Western Africa (EI) consumed how much of coal in terms of TWh?",1.95 TWh
"In 1975, Western Africa (EI) consumed how much of coal in terms of TWh?",2.12 TWh
"In 1976, Western Africa (EI) consumed how much of coal in terms of TWh?",1.96 TWh
"In 1977, Western Africa (EI) consumed how much of coal in terms of TWh?",2.06 TWh
"In 1978, Western Africa (EI) consumed how much of coal in terms of TWh?",1.86 TWh
"In 1979, Western Africa (EI) consumed how much of coal in terms of TWh?",1.83 TWh
"In 1980, Western Africa (EI) consumed how much of coal in terms of TWh?",1.62 TWh
"In 1981, Western Africa (EI) consumed how much of coal in terms of TWh?",1.48 TWh
"In 1982, Western Africa (EI) consumed how much of coal in terms of TWh?",0.94 TWh
"In 1983, Western Africa (EI) consumed how much of coal in terms of TWh?",0.91 TWh
"In 1984, Western Africa (EI) consumed how much of coal in terms of TWh?",1.04 TWh
"In 1985, Western Africa (EI) consumed how much of coal in terms of TWh?",1.25 TWh
"In 1986, Western Africa (EI) consumed how much of coal in terms of TWh?",1.55 TWh
"In 1987, Western Africa (EI) consumed how much of coal in terms of TWh?",1.47 TWh
"In 1988, Western Africa (EI) consumed how much of coal in terms of TWh?",0.98 TWh
"In 1989, Western Africa (EI) consumed how much of coal in terms of TWh?",1.04 TWh
"In 1990, Western Africa (EI) consumed how much of coal in terms of TWh?",1.05 TWh
"In 1991, Western Africa (EI) consumed how much of coal in terms of TWh?",1.04 TWh
"In 1992, Western Africa (EI) consumed how much of coal in terms of TWh?",0.83 TWh
"In 1993, Western Africa (EI) consumed how much of coal in terms of TWh?",0.56 TWh
"In 1994, Western Africa (EI) consumed how much of coal in terms of TWh?",0.67 TWh
"In 1995, Western Africa (EI) consumed how much of coal in terms of TWh?",0.70 TWh
"In 1996, Western Africa (EI) consumed how much of coal in terms of TWh?",0.65 TWh
"In 1997, Western Africa (EI) consumed how much of coal in terms of TWh?",0.64 TWh
"In 1998, Western Africa (EI) consumed how much of coal in terms of TWh?",0.68 TWh
"In 1999, Western Africa (EI) consumed how much of coal in terms of TWh?",0.67 TWh
"In 2000, Western Africa (EI) consumed how much of coal in terms of TWh?",0.63 TWh
"In 2001, Western Africa (EI) consumed how much of coal in terms of TWh?",0.55 TWh
"In 2002, Western Africa (EI) consumed how much of coal in terms of TWh?",0.85 TWh
"In 2003, Western Africa (EI) consumed how much of coal in terms of TWh?",0.73 TWh
"In 2004, Western Africa (EI) consumed how much of coal in terms of TWh?",1.60 TWh
"In 2005, Western Africa (EI) consumed how much of coal in terms of TWh?",1.73 TWh
"In 2006, Western Africa (EI) consumed how much of coal in terms of TWh?",1.89 TWh
"In 2007, Western Africa (EI) consumed how much of coal in terms of TWh?",2.19 TWh
"In 2008, Western Africa (EI) consumed how much of coal in terms of TWh?",2.31 TWh
"In 2009, Western Africa (EI) consumed how much of coal in terms of TWh?",2.67 TWh
"In 2010, Western Africa (EI) consumed how much of coal in terms of TWh?",4.67 TWh
"In 2011, Western Africa (EI) consumed how much of coal in terms of TWh?",5.42 TWh
"In 2012, Western Africa (EI) consumed how much of coal in terms of TWh?",5.05 TWh
"In 2013, Western Africa (EI) consumed how much of coal in terms of TWh?",4.92 TWh
"In 2014, Western Africa (EI) consumed how much of coal in terms of TWh?",7.44 TWh
"In 2015, Western Africa (EI) consumed how much of coal in terms of TWh?",9.63 TWh
"In 2016, Western Africa (EI) consumed how much of coal in terms of TWh?",14.49 TWh
"In 2017, Western Africa (EI) consumed how much of coal in terms of TWh?",14.54 TWh
"In 2018, Western Africa (EI) consumed how much of coal in terms of TWh?",13.36 TWh
"In 2019, Western Africa (EI) consumed how much of coal in terms of TWh?",14.38 TWh
"In 2020, Western Africa (EI) consumed how much of coal in terms of TWh?",14.99 TWh
"In 2021, Western Africa (EI) consumed how much of coal in terms of TWh?",20.83 TWh
"In 2022, Western Africa (EI) consumed how much of coal in terms of TWh?",19.14 TWh
"In 2023, Western Africa (EI) consumed how much of coal in terms of TWh?",18.07 TWh
"In 1965, World consumed how much of coal in terms of TWh?",16177.69 TWh
"In 1966, World consumed how much of coal in terms of TWh?",16359.43 TWh
"In 1967, World consumed how much of coal in terms of TWh?",16095.52 TWh
"In 1968, World consumed how much of coal in terms of TWh?",16333.14 TWh
"In 1969, World consumed how much of coal in terms of TWh?",16847.00 TWh
"In 1970, World consumed how much of coal in terms of TWh?",17087.00 TWh
"In 1971, World consumed how much of coal in terms of TWh?",16986.39 TWh
"In 1972, World consumed how much of coal in terms of TWh?",17168.23 TWh
"In 1973, World consumed how much of coal in terms of TWh?",17683.57 TWh
"In 1974, World consumed how much of coal in terms of TWh?",17696.43 TWh
"In 1975, World consumed how much of coal in terms of TWh?",18045.44 TWh
"In 1976, World consumed how much of coal in terms of TWh?",18699.78 TWh
"In 1977, World consumed how much of coal in terms of TWh?",19267.41 TWh
"In 1978, World consumed how much of coal in terms of TWh?",19467.49 TWh
"In 1979, World consumed how much of coal in terms of TWh?",20370.58 TWh
"In 1980, World consumed how much of coal in terms of TWh?",20877.78 TWh
"In 1981, World consumed how much of coal in terms of TWh?",21158.00 TWh
"In 1982, World consumed how much of coal in terms of TWh?",21395.43 TWh
"In 1983, World consumed how much of coal in terms of TWh?",22050.97 TWh
"In 1984, World consumed how much of coal in terms of TWh?",23008.44 TWh
"In 1985, World consumed how much of coal in terms of TWh?",23996.74 TWh
"In 1986, World consumed how much of coal in terms of TWh?",24263.82 TWh
"In 1987, World consumed how much of coal in terms of TWh?",25228.49 TWh
"In 1988, World consumed how much of coal in terms of TWh?",25983.08 TWh
"In 1989, World consumed how much of coal in terms of TWh?",26231.05 TWh
"In 1990, World consumed how much of coal in terms of TWh?",25916.21 TWh
"In 1991, World consumed how much of coal in terms of TWh?",25667.41 TWh
"In 1992, World consumed how much of coal in terms of TWh?",25567.28 TWh
"In 1993, World consumed how much of coal in terms of TWh?",25689.94 TWh
"In 1994, World consumed how much of coal in terms of TWh?",25791.27 TWh
"In 1995, World consumed how much of coal in terms of TWh?",25975.75 TWh
"In 1996, World consumed how much of coal in terms of TWh?",26592.40 TWh
"In 1997, World consumed how much of coal in terms of TWh?",26547.28 TWh
"In 1998, World consumed how much of coal in terms of TWh?",26380.13 TWh
"In 1999, World consumed how much of coal in terms of TWh?",26492.46 TWh
"In 2000, World consumed how much of coal in terms of TWh?",27441.49 TWh
"In 2001, World consumed how much of coal in terms of TWh?",27864.72 TWh
"In 2002, World consumed how much of coal in terms of TWh?",28967.59 TWh
"In 2003, World consumed how much of coal in terms of TWh?",31511.33 TWh
"In 2004, World consumed how much of coal in terms of TWh?",33689.84 TWh
"In 2005, World consumed how much of coal in terms of TWh?",36190.77 TWh
"In 2006, World consumed how much of coal in terms of TWh?",38073.16 TWh
"In 2007, World consumed how much of coal in terms of TWh?",40233.90 TWh
"In 2008, World consumed how much of coal in terms of TWh?",40786.05 TWh
"In 2009, World consumed how much of coal in terms of TWh?",40189.99 TWh
"In 2010, World consumed how much of coal in terms of TWh?",41988.31 TWh
"In 2011, World consumed how much of coal in terms of TWh?",43940.80 TWh
"In 2012, World consumed how much of coal in terms of TWh?",44061.00 TWh
"In 2013, World consumed how much of coal in terms of TWh?",44709.24 TWh
"In 2014, World consumed how much of coal in terms of TWh?",44893.17 TWh
"In 2015, World consumed how much of coal in terms of TWh?",43680.50 TWh
"In 2016, World consumed how much of coal in terms of TWh?",42736.86 TWh
"In 2017, World consumed how much of coal in terms of TWh?",43193.28 TWh
"In 2018, World consumed how much of coal in terms of TWh?",43852.79 TWh
"In 2019, World consumed how much of coal in terms of TWh?",43597.16 TWh
"In 2020, World consumed how much of coal in terms of TWh?",42296.68 TWh
"In 2021, World consumed how much of coal in terms of TWh?",44600.08 TWh
"In 2022, World consumed how much of coal in terms of TWh?",44869.12 TWh
"In 2023, World consumed how much of coal in terms of TWh?",45564.93 TWh
